{"v":"5.5.7","meta":{"g":"LottieFiles AE 0.1.20","a":"","k":"","d":"","tc":""},"fr":25,"ip":0,"op":125,"w":1080,"h":1920,"nm":"gatePortrait ","ddd":0,"assets":[],"layers":[{"ddd":0,"ind":1,"ty":4,"nm":"Layer 5 Outlines 3","sr":1,"ks":{"o":{"a":0,"k":100,"ix":11},"r":{"a":0,"k":0,"ix":10},"p":{"a":0,"k":[539.597,1812,0],"ix":2},"a":{"a":0,"k":[97.497,21.849,0],"ix":1},"s":{"a":0,"k":[100,100,100],"ix":6}},"ao":0,"shapes":[{"ty":"gr","it":[{"ind":0,"ty":"sh","ix":1,"ks":{"a":0,"k":{"i":[[0,0],[0,0],[0,0],[0,0],[0,0],[0,0],[0,0],[0,0],[0,0],[0,0]],"o":[[0,0],[0,0],[0,0],[0,0],[0,0],[0,0],[0,0],[0,0],[0,0],[0,0]],"v":[[16.2,21.6],[9.027,21.6],[-9,-7.818],[-9,21.6],[-16.2,21.6],[-16.2,-21.6],[-9.003,-21.6],[9,7.777],[9,-21.6],[16.2,-21.6]],"c":true},"ix":2},"nm":"Path 1","mn":"ADBE Vector Shape - Group","hd":false},{"ty":"fl","c":{"a":0,"k":[1,1,1,1],"ix":4},"o":{"a":0,"k":100,"ix":5},"r":1,"bm":0,"nm":"Fill 1","mn":"ADBE Vector Graphic - Fill","hd":false},{"ty":"tr","p":{"a":0,"k":[178.545,21.849],"ix":2},"a":{"a":0,"k":[0,0],"ix":1},"s":{"a":0,"k":[100,100],"ix":3},"r":{"a":0,"k":0,"ix":6},"o":{"a":0,"k":100,"ix":7},"sk":{"a":0,"k":0,"ix":4},"sa":{"a":0,"k":0,"ix":5},"nm":"Transform"}],"nm":"Group 1","np":2,"cix":2,"bm":0,"ix":1,"mn":"ADBE Vector Group","hd":false},{"ty":"gr","it":[{"ind":0,"ty":"sh","ix":1,"ks":{"a":0,"k":{"i":[[0,0],[0,0],[0,0],[0,0]],"o":[[0,0],[0,0],[0,0],[0,0]],"v":[[12.599,3.6],[-12.599,3.6],[-12.599,-3.6],[12.599,-3.6]],"c":true},"ix":2},"nm":"Path 1","mn":"ADBE Vector Shape - Group","hd":false},{"ty":"fl","c":{"a":0,"k":[1,1,1,1],"ix":4},"o":{"a":0,"k":100,"ix":5},"r":1,"bm":0,"nm":"Fill 1","mn":"ADBE Vector Graphic - Fill","hd":false},{"ty":"tr","p":{"a":0,"k":[138.945,21.85],"ix":2},"a":{"a":0,"k":[0,0],"ix":1},"s":{"a":0,"k":[100,100],"ix":3},"r":{"a":0,"k":0,"ix":6},"o":{"a":0,"k":100,"ix":7},"sk":{"a":0,"k":0,"ix":4},"sa":{"a":0,"k":0,"ix":5},"nm":"Transform"}],"nm":"Group 2","np":2,"cix":2,"bm":0,"ix":2,"mn":"ADBE Vector Group","hd":false},{"ty":"gr","it":[{"ind":0,"ty":"sh","ix":1,"ks":{"a":0,"k":{"i":[[0,0],[0,0],[0,0],[0,0],[0,0],[0,0],[0,0],[0,0]],"o":[[0,0],[0,0],[0,0],[0,0],[0,0],[0,0],[0,0],[0,0]],"v":[[14.4,21.6],[-14.4,21.6],[-14.4,-21.6],[14.4,-21.6],[14.4,-14.4],[-7.2,-14.4],[-7.2,14.4],[14.4,14.4]],"c":true},"ix":2},"nm":"Path 1","mn":"ADBE Vector Shape - Group","hd":false},{"ty":"fl","c":{"a":0,"k":[1,1,1,1],"ix":4},"o":{"a":0,"k":100,"ix":5},"r":1,"bm":0,"nm":"Fill 1","mn":"ADBE Vector Graphic - Fill","hd":false},{"ty":"tr","p":{"a":0,"k":[137.144,21.849],"ix":2},"a":{"a":0,"k":[0,0],"ix":1},"s":{"a":0,"k":[100,100],"ix":3},"r":{"a":0,"k":0,"ix":6},"o":{"a":0,"k":100,"ix":7},"sk":{"a":0,"k":0,"ix":4},"sa":{"a":0,"k":0,"ix":5},"nm":"Transform"}],"nm":"Group 3","np":2,"cix":2,"bm":0,"ix":3,"mn":"ADBE Vector Group","hd":false},{"ty":"gr","it":[{"ind":0,"ty":"sh","ix":1,"ks":{"a":0,"k":{"i":[[0,0],[0,0],[0,0],[0,0]],"o":[[0,0],[0,0],[0,0],[0,0]],"v":[[12.6,3.6],[-12.6,3.6],[-12.6,-3.6],[12.6,-3.6]],"c":true},"ix":2},"nm":"Path 1","mn":"ADBE Vector Shape - Group","hd":false},{"ty":"fl","c":{"a":0,"k":[1,1,1,1],"ix":4},"o":{"a":0,"k":100,"ix":5},"r":1,"bm":0,"nm":"Fill 1","mn":"ADBE Vector Graphic - Fill","hd":false},{"ty":"tr","p":{"a":0,"k":[99.345,21.85],"ix":2},"a":{"a":0,"k":[0,0],"ix":1},"s":{"a":0,"k":[100,100],"ix":3},"r":{"a":0,"k":0,"ix":6},"o":{"a":0,"k":100,"ix":7},"sk":{"a":0,"k":0,"ix":4},"sa":{"a":0,"k":0,"ix":5},"nm":"Transform"}],"nm":"Group 4","np":2,"cix":2,"bm":0,"ix":4,"mn":"ADBE Vector Group","hd":false},{"ty":"gr","it":[{"ind":0,"ty":"sh","ix":1,"ks":{"a":0,"k":{"i":[[0,0],[0,0],[0,0],[0,0],[0,0],[0,0],[0,0],[0,0]],"o":[[0,0],[0,0],[0,0],[0,0],[0,0],[0,0],[0,0],[0,0]],"v":[[14.4,21.6],[-14.4,21.6],[-14.4,-21.6],[14.4,-21.6],[14.4,-14.4],[-7.2,-14.4],[-7.2,14.4],[14.4,14.4]],"c":true},"ix":2},"nm":"Path 1","mn":"ADBE Vector Shape - Group","hd":false},{"ty":"fl","c":{"a":0,"k":[1,1,1,1],"ix":4},"o":{"a":0,"k":100,"ix":5},"r":1,"bm":0,"nm":"Fill 1","mn":"ADBE Vector Graphic - Fill","hd":false},{"ty":"tr","p":{"a":0,"k":[97.545,21.849],"ix":2},"a":{"a":0,"k":[0,0],"ix":1},"s":{"a":0,"k":[100,100],"ix":3},"r":{"a":0,"k":0,"ix":6},"o":{"a":0,"k":100,"ix":7},"sk":{"a":0,"k":0,"ix":4},"sa":{"a":0,"k":0,"ix":5},"nm":"Transform"}],"nm":"Group 5","np":2,"cix":2,"bm":0,"ix":5,"mn":"ADBE Vector Group","hd":false},{"ty":"gr","it":[{"ind":0,"ty":"sh","ix":1,"ks":{"a":0,"k":{"i":[[0,0],[0,0],[0,0],[0,0]],"o":[[0,0],[0,0],[0,0],[0,0]],"v":[[12.6,3.6],[-12.6,3.6],[-12.6,-3.6],[12.6,-3.6]],"c":true},"ix":2},"nm":"Path 1","mn":"ADBE Vector Shape - Group","hd":false},{"ty":"fl","c":{"a":0,"k":[1,1,1,1],"ix":4},"o":{"a":0,"k":100,"ix":5},"r":1,"bm":0,"nm":"Fill 1","mn":"ADBE Vector Graphic - Fill","hd":false},{"ty":"tr","p":{"a":0,"k":[59.657,21.85],"ix":2},"a":{"a":0,"k":[0,0],"ix":1},"s":{"a":0,"k":[100,100],"ix":3},"r":{"a":0,"k":0,"ix":6},"o":{"a":0,"k":100,"ix":7},"sk":{"a":0,"k":0,"ix":4},"sa":{"a":0,"k":0,"ix":5},"nm":"Transform"}],"nm":"Group 6","np":2,"cix":2,"bm":0,"ix":6,"mn":"ADBE Vector Group","hd":false},{"ty":"gr","it":[{"ind":0,"ty":"sh","ix":1,"ks":{"a":0,"k":{"i":[[0,0],[0,0],[0,0],[0,0],[0,0],[0,0],[0,0],[0,0]],"o":[[0,0],[0,0],[0,0],[0,0],[0,0],[0,0],[0,0],[0,0]],"v":[[14.404,21.6],[-14.302,21.6],[-14.404,-21.6],[14.404,-21.6],[14.404,-14.4],[-7.186,-14.4],[-7.116,14.4],[14.404,14.4]],"c":true},"ix":2},"nm":"Path 1","mn":"ADBE Vector Shape - Group","hd":false},{"ty":"fl","c":{"a":0,"k":[1,1,1,1],"ix":4},"o":{"a":0,"k":100,"ix":5},"r":1,"bm":0,"nm":"Fill 1","mn":"ADBE Vector Graphic - Fill","hd":false},{"ty":"tr","p":{"a":0,"k":[57.853,21.849],"ix":2},"a":{"a":0,"k":[0,0],"ix":1},"s":{"a":0,"k":[100,100],"ix":3},"r":{"a":0,"k":0,"ix":6},"o":{"a":0,"k":100,"ix":7},"sk":{"a":0,"k":0,"ix":4},"sa":{"a":0,"k":0,"ix":5},"nm":"Transform"}],"nm":"Group 7","np":2,"cix":2,"bm":0,"ix":7,"mn":"ADBE Vector Group","hd":false},{"ty":"gr","it":[{"ind":0,"ty":"sh","ix":1,"ks":{"a":0,"k":{"i":[[0,0],[0,0],[0,0],[0,0],[0,0],[0,0],[0,0],[0,0]],"o":[[0,0],[0,0],[0,0],[0,0],[0,0],[0,0],[0,0],[0,0]],"v":[[14.446,21.6],[-18.049,21.6],[4.915,-14.4],[-14.354,-14.4],[-14.354,-21.6],[18.049,-21.6],[-4.915,14.4],[14.446,14.4]],"c":true},"ix":2},"nm":"Path 1","mn":"ADBE Vector Shape - Group","hd":false},{"ty":"fl","c":{"a":0,"k":[1,1,1,1],"ix":4},"o":{"a":0,"k":100,"ix":5},"r":1,"bm":0,"nm":"Fill 1","mn":"ADBE Vector Graphic - Fill","hd":false},{"ty":"tr","p":{"a":0,"k":[18.299,21.849],"ix":2},"a":{"a":0,"k":[0,0],"ix":1},"s":{"a":0,"k":[100,100],"ix":3},"r":{"a":0,"k":0,"ix":6},"o":{"a":0,"k":100,"ix":7},"sk":{"a":0,"k":0,"ix":4},"sa":{"a":0,"k":0,"ix":5},"nm":"Transform"}],"nm":"Group 8","np":2,"cix":2,"bm":0,"ix":8,"mn":"ADBE Vector Group","hd":false}],"ip":50,"op":125,"st":25,"bm":0},{"ddd":0,"ind":2,"ty":4,"nm":"Layer 4 Outlines 2","sr":1,"ks":{"o":{"a":0,"k":100,"ix":11},"r":{"a":0,"k":0,"ix":10},"p":{"a":0,"k":[135.665,1823.563,0],"ix":2},"a":{"a":0,"k":[49.917,10.641,0],"ix":1},"s":{"a":0,"k":[100,100,100],"ix":6}},"ao":0,"shapes":[{"ty":"gr","it":[{"ind":0,"ty":"sh","ix":1,"ks":{"a":0,"k":{"i":[[0,0],[0,0],[0,0],[0,0],[0,0],[-1.928,0],[0,0],[0,0],[0,0],[0.798,-1.183],[0,-1.918]],"o":[[0,0],[0,0],[0,0],[0,0],[0.949,-1.89],[0,0],[0,0],[0,0],[-1.282,0],[-0.798,1.182],[0,0]],"v":[[-1.709,7.251],[-3.689,7.251],[-3.689,-7.251],[-1.709,-7.251],[-1.709,-4.416],[2.607,-7.251],[3.689,-7.251],[3.689,-5.328],[2.607,-5.328],[-0.513,-3.554],[-1.709,1.097]],"c":true},"ix":2},"nm":"Path 1","mn":"ADBE Vector Shape - Group","hd":false},{"ty":"fl","c":{"a":0,"k":[1,1,1,1],"ix":4},"o":{"a":0,"k":100,"ix":5},"r":1,"bm":0,"nm":"Fill 1","mn":"ADBE Vector Graphic - Fill","hd":false},{"ty":"tr","p":{"a":0,"k":[95.894,13.427],"ix":2},"a":{"a":0,"k":[0,0],"ix":1},"s":{"a":0,"k":[100,100],"ix":3},"r":{"a":0,"k":0,"ix":6},"o":{"a":0,"k":100,"ix":7},"sk":{"a":0,"k":0,"ix":4},"sa":{"a":0,"k":0,"ix":5},"nm":"Transform"}],"nm":"Group 1","np":2,"cix":2,"bm":0,"ix":1,"mn":"ADBE Vector Group","hd":false},{"ty":"gr","it":[{"ind":0,"ty":"sh","ix":1,"ks":{"a":0,"k":{"i":[[0,0],[0,0],[0,0],[0,0]],"o":[[0,0],[0,0],[0,0],[0,0]],"v":[[0.99,10.214],[-0.99,10.214],[-0.99,-4.288],[0.99,-4.288]],"c":true},"ix":2},"nm":"Path 1","mn":"ADBE Vector Shape - Group","hd":false},{"ind":1,"ty":"sh","ix":2,"ks":{"a":0,"k":{"i":[[0,0],[0,0],[0,0],[0,0]],"o":[[0,0],[0,0],[0,0],[0,0]],"v":[[0.99,-6.881],[-0.99,-6.881],[-0.99,-10.214],[0.99,-10.214]],"c":true},"ix":2},"nm":"Path 2","mn":"ADBE Vector Shape - Group","hd":false},{"ty":"mm","mm":1,"nm":"Merge Paths 1","mn":"ADBE Vector Filter - Merge","hd":false},{"ty":"fl","c":{"a":0,"k":[1,1,1,1],"ix":4},"o":{"a":0,"k":100,"ix":5},"r":1,"bm":0,"nm":"Fill 1","mn":"ADBE Vector Graphic - Fill","hd":false},{"ty":"tr","p":{"a":0,"k":[86.557,10.464],"ix":2},"a":{"a":0,"k":[0,0],"ix":1},"s":{"a":0,"k":[100,100],"ix":3},"r":{"a":0,"k":0,"ix":6},"o":{"a":0,"k":100,"ix":7},"sk":{"a":0,"k":0,"ix":4},"sa":{"a":0,"k":0,"ix":5},"nm":"Transform"}],"nm":"Group 2","np":4,"cix":2,"bm":0,"ix":2,"mn":"ADBE Vector Group","hd":false},{"ty":"gr","it":[{"ind":0,"ty":"sh","ix":1,"ks":{"a":0,"k":{"i":[[0,0],[0,0],[0,0],[0,0]],"o":[[0,0],[0,0],[0,0],[0,0]],"v":[[-1.346,-1.417],[1.346,-1.417],[1.346,1.417],[-1.346,1.417]],"c":true},"ix":2},"nm":"Path 1","mn":"ADBE Vector Shape - Group","hd":false},{"ty":"fl","c":{"a":0,"k":[1,1,1,1],"ix":4},"o":{"a":0,"k":100,"ix":5},"r":1,"bm":0,"nm":"Fill 1","mn":"ADBE Vector Graphic - Fill","hd":false},{"ty":"tr","p":{"a":0,"k":[79.847,19.261],"ix":2},"a":{"a":0,"k":[0,0],"ix":1},"s":{"a":0,"k":[100,100],"ix":3},"r":{"a":0,"k":0,"ix":6},"o":{"a":0,"k":100,"ix":7},"sk":{"a":0,"k":0,"ix":4},"sa":{"a":0,"k":0,"ix":5},"nm":"Transform"}],"nm":"Group 3","np":2,"cix":2,"bm":0,"ix":3,"mn":"ADBE Vector Group","hd":false},{"ty":"gr","it":[{"ind":0,"ty":"sh","ix":1,"ks":{"a":0,"k":{"i":[[0,-1.69],[0,0],[0,0],[0,0],[0.656,0.712],[1.215,0],[0.732,-0.882],[0,-1.7],[0,0],[0,0],[0,0],[0,0],[0,0],[-2.108,0],[-0.969,-0.974]],"o":[[0,0],[0,0],[0,0],[0,-1.301],[-0.656,-0.713],[-1.415,0],[-0.731,0.883],[0,0],[0,0],[0,0],[0,0],[0,0],[0.988,-1.51],[1.7,0],[0.969,0.974]],"v":[[6.04,-1.966],[6.04,7.422],[4.046,7.422],[4.046,-1.596],[3.063,-4.615],[0.257,-5.684],[-2.963,-4.36],[-4.06,-0.485],[-4.06,7.422],[-6.04,7.422],[-6.04,-7.08],[-4.06,-7.08],[-4.06,-5.157],[0.584,-7.422],[4.587,-5.962]],"c":true},"ix":2},"nm":"Path 1","mn":"ADBE Vector Shape - Group","hd":false},{"ty":"fl","c":{"a":0,"k":[1,1,1,1],"ix":4},"o":{"a":0,"k":100,"ix":5},"r":1,"bm":0,"nm":"Fill 1","mn":"ADBE Vector Graphic - Fill","hd":false},{"ty":"tr","p":{"a":0,"k":[68.272,13.256],"ix":2},"a":{"a":0,"k":[0,0],"ix":1},"s":{"a":0,"k":[100,100],"ix":3},"r":{"a":0,"k":0,"ix":6},"o":{"a":0,"k":100,"ix":7},"sk":{"a":0,"k":0,"ix":4},"sa":{"a":0,"k":0,"ix":5},"nm":"Transform"}],"nm":"Group 4","np":2,"cix":2,"bm":0,"ix":4,"mn":"ADBE Vector Group","hd":false},{"ty":"gr","it":[{"ind":0,"ty":"sh","ix":1,"ks":{"a":0,"k":{"i":[[2.603,0],[0.793,-0.807],[0.161,-1.558],[0,0]],"o":[[-1.358,0],[-0.793,0.809],[0,0],[-0.142,-3.172]],"v":[[0.271,-5.976],[-2.956,-4.766],[-4.387,-1.217],[4.387,-1.217]],"c":true},"ix":2},"nm":"Path 1","mn":"ADBE Vector Shape - Group","hd":false},{"ind":1,"ty":"sh","ix":2,"ks":{"a":0,"k":{"i":[[-3.096,0],[-0.436,2.223],[0,0],[1.083,-0.84],[1.586,0],[1.173,1.306],[0,2.47],[-1.225,1.369],[-2.07,0],[-1.083,-1.191],[0,-2.147],[0,0],[0,0]],"o":[[2.241,0],[0,0],[-0.191,1.434],[-1.082,0.84],[-2.232,0],[-1.173,-1.305],[0,-2.308],[1.235,-1.377],[1.966,0],[1.083,1.192],[0,0],[0,0],[0.113,3.695]],"v":[[0.37,5.962],[4.387,2.628],[6.283,2.927],[4.374,6.339],[0.37,7.6],[-4.736,5.641],[-6.497,-0.021],[-4.658,-5.535],[0.299,-7.6],[4.872,-5.812],[6.497,-0.805],[6.497,0.421],[-4.445,0.421]],"c":true},"ix":2},"nm":"Path 2","mn":"ADBE Vector Shape - Group","hd":false},{"ty":"mm","mm":1,"nm":"Merge Paths 1","mn":"ADBE Vector Filter - Merge","hd":false},{"ty":"fl","c":{"a":0,"k":[1,1,1,1],"ix":4},"o":{"a":0,"k":100,"ix":5},"r":1,"bm":0,"nm":"Fill 1","mn":"ADBE Vector Graphic - Fill","hd":false},{"ty":"tr","p":{"a":0,"k":[52.018,13.433],"ix":2},"a":{"a":0,"k":[0,0],"ix":1},"s":{"a":0,"k":[100,100],"ix":3},"r":{"a":0,"k":0,"ix":6},"o":{"a":0,"k":100,"ix":7},"sk":{"a":0,"k":0,"ix":4},"sa":{"a":0,"k":0,"ix":5},"nm":"Transform"}],"nm":"Group 5","np":4,"cix":2,"bm":0,"ix":5,"mn":"ADBE Vector Group","hd":false},{"ty":"gr","it":[{"ind":0,"ty":"sh","ix":1,"ks":{"a":0,"k":{"i":[[2.602,0],[0.793,-0.807],[0.161,-1.558],[0,0]],"o":[[-1.358,0],[-0.793,0.809],[0,0],[-0.141,-3.172]],"v":[[0.271,-5.976],[-2.956,-4.766],[-4.387,-1.217],[4.387,-1.217]],"c":true},"ix":2},"nm":"Path 1","mn":"ADBE Vector Shape - Group","hd":false},{"ind":1,"ty":"sh","ix":2,"ks":{"a":0,"k":{"i":[[-3.097,0],[-0.436,2.223],[0,0],[1.083,-0.84],[1.586,0],[1.173,1.306],[0,2.47],[-1.224,1.369],[-2.07,0],[-1.082,-1.191],[0,-2.147],[0,0],[0,0]],"o":[[2.241,0],[0,0],[-0.191,1.434],[-1.083,0.84],[-2.233,0],[-1.173,-1.305],[0,-2.308],[1.236,-1.377],[1.966,0],[1.083,1.192],[0,0],[0,0],[0.114,3.695]],"v":[[0.371,5.962],[4.387,2.628],[6.283,2.927],[4.374,6.339],[0.371,7.6],[-4.737,5.641],[-6.496,-0.021],[-4.659,-5.535],[0.299,-7.6],[4.872,-5.812],[6.496,-0.805],[6.496,0.421],[-4.445,0.421]],"c":true},"ix":2},"nm":"Path 2","mn":"ADBE Vector Shape - Group","hd":false},{"ty":"mm","mm":1,"nm":"Merge Paths 1","mn":"ADBE Vector Filter - Merge","hd":false},{"ty":"fl","c":{"a":0,"k":[1,1,1,1],"ix":4},"o":{"a":0,"k":100,"ix":5},"r":1,"bm":0,"nm":"Fill 1","mn":"ADBE Vector Graphic - Fill","hd":false},{"ty":"tr","p":{"a":0,"k":[36.277,13.433],"ix":2},"a":{"a":0,"k":[0,0],"ix":1},"s":{"a":0,"k":[100,100],"ix":3},"r":{"a":0,"k":0,"ix":6},"o":{"a":0,"k":100,"ix":7},"sk":{"a":0,"k":0,"ix":4},"sa":{"a":0,"k":0,"ix":5},"nm":"Transform"}],"nm":"Group 6","np":4,"cix":2,"bm":0,"ix":6,"mn":"ADBE Vector Group","hd":false},{"ty":"gr","it":[{"ind":0,"ty":"sh","ix":1,"ks":{"a":0,"k":{"i":[[2.602,0],[0.793,-0.807],[0.161,-1.558],[0,0]],"o":[[-1.358,0],[-0.793,0.809],[0,0],[-0.141,-3.172]],"v":[[0.271,-5.976],[-2.956,-4.766],[-4.387,-1.217],[4.387,-1.217]],"c":true},"ix":2},"nm":"Path 1","mn":"ADBE Vector Shape - Group","hd":false},{"ind":1,"ty":"sh","ix":2,"ks":{"a":0,"k":{"i":[[-3.097,0],[-0.436,2.223],[0,0],[1.083,-0.84],[1.586,0],[1.173,1.306],[0,2.47],[-1.224,1.369],[-2.07,0],[-1.082,-1.191],[0,-2.147],[0,0],[0,0]],"o":[[2.241,0],[0,0],[-0.191,1.434],[-1.083,0.84],[-2.233,0],[-1.173,-1.305],[0,-2.308],[1.236,-1.377],[1.966,0],[1.083,1.192],[0,0],[0,0],[0.114,3.695]],"v":[[0.371,5.962],[4.387,2.628],[6.283,2.927],[4.374,6.339],[0.371,7.6],[-4.737,5.641],[-6.496,-0.021],[-4.659,-5.535],[0.299,-7.6],[4.872,-5.812],[6.496,-0.805],[6.496,0.421],[-4.445,0.421]],"c":true},"ix":2},"nm":"Path 2","mn":"ADBE Vector Shape - Group","hd":false},{"ty":"mm","mm":1,"nm":"Merge Paths 1","mn":"ADBE Vector Filter - Merge","hd":false},{"ty":"fl","c":{"a":0,"k":[1,1,1,1],"ix":4},"o":{"a":0,"k":100,"ix":5},"r":1,"bm":0,"nm":"Fill 1","mn":"ADBE Vector Graphic - Fill","hd":false},{"ty":"tr","p":{"a":0,"k":[20.535,13.433],"ix":2},"a":{"a":0,"k":[0,0],"ix":1},"s":{"a":0,"k":[100,100],"ix":3},"r":{"a":0,"k":0,"ix":6},"o":{"a":0,"k":100,"ix":7},"sk":{"a":0,"k":0,"ix":4},"sa":{"a":0,"k":0,"ix":5},"nm":"Transform"}],"nm":"Group 7","np":4,"cix":2,"bm":0,"ix":7,"mn":"ADBE Vector Group","hd":false},{"ty":"gr","it":[{"ind":0,"ty":"sh","ix":1,"ks":{"a":0,"k":{"i":[[0,0],[0,0],[0,0],[0,0],[0,0],[0,0],[0,0],[0,0],[0,0],[0,0]],"o":[[0,0],[0,0],[0,0],[0,0],[0,0],[0,0],[0,0],[0,0],[0,0],[0,0]],"v":[[5.563,-5.556],[-3.512,5.585],[5.805,5.585],[5.805,7.251],[-5.805,7.251],[-5.805,5.67],[3.355,-5.585],[-5.321,-5.585],[-5.321,-7.251],[5.563,-7.251]],"c":true},"ix":2},"nm":"Path 1","mn":"ADBE Vector Shape - Group","hd":false},{"ty":"fl","c":{"a":0,"k":[1,1,1,1],"ix":4},"o":{"a":0,"k":100,"ix":5},"r":1,"bm":0,"nm":"Fill 1","mn":"ADBE Vector Graphic - Fill","hd":false},{"ty":"tr","p":{"a":0,"k":[6.055,13.427],"ix":2},"a":{"a":0,"k":[0,0],"ix":1},"s":{"a":0,"k":[100,100],"ix":3},"r":{"a":0,"k":0,"ix":6},"o":{"a":0,"k":100,"ix":7},"sk":{"a":0,"k":0,"ix":4},"sa":{"a":0,"k":0,"ix":5},"nm":"Transform"}],"nm":"Group 8","np":2,"cix":2,"bm":0,"ix":8,"mn":"ADBE Vector Group","hd":false}],"ip":50,"op":125,"st":25,"bm":0},{"ddd":0,"ind":3,"ty":4,"nm":"Layer 5 Outlines 4","sr":1,"ks":{"o":{"a":1,"k":[{"i":{"x":[0.667],"y":[1]},"o":{"x":[0.333],"y":[0]},"t":50,"s":[0]},{"t":75,"s":[100]}],"ix":11},"r":{"a":0,"k":0,"ix":10},"p":{"a":0,"k":[952.38,364.501,0],"ix":2},"a":{"a":0,"k":[43.466,43.451,0],"ix":1},"s":{"a":0,"k":[100,100,100],"ix":6}},"ao":0,"shapes":[{"ty":"gr","it":[{"ind":0,"ty":"sh","ix":1,"ks":{"a":0,"k":{"i":[[0,0],[0,0],[0,0],[0,0]],"o":[[0,0],[0,0],[0,0],[0,0]],"v":[[29.489,-38.259],[-43.216,21.581],[-29.49,38.259],[43.216,-21.581]],"c":true},"ix":2},"nm":"Path 1","mn":"ADBE Vector Shape - Group","hd":false},{"ty":"fl","c":{"a":0,"k":[1,1,1,1],"ix":4},"o":{"a":0,"k":100,"ix":5},"r":1,"bm":0,"nm":"Fill 1","mn":"ADBE Vector Graphic - Fill","hd":false},{"ty":"tr","p":{"a":0,"k":[43.466,43.469],"ix":2},"a":{"a":0,"k":[0,0],"ix":1},"s":{"a":0,"k":[100,100],"ix":3},"r":{"a":0,"k":0,"ix":6},"o":{"a":0,"k":100,"ix":7},"sk":{"a":0,"k":0,"ix":4},"sa":{"a":0,"k":0,"ix":5},"nm":"Transform"}],"nm":"Group 1","np":2,"cix":2,"bm":0,"ix":1,"mn":"ADBE Vector Group","hd":false},{"ty":"gr","it":[{"ind":0,"ty":"sh","ix":1,"ks":{"a":0,"k":{"i":[[0,0],[0,0],[0,0],[0,0]],"o":[[0,0],[0,0],[0,0],[0,0]],"v":[[43.199,-10.801],[-43.199,-10.801],[-43.199,10.801],[43.199,10.801]],"c":true},"ix":2},"nm":"Path 1","mn":"ADBE Vector Shape - Group","hd":false},{"ty":"fl","c":{"a":0,"k":[1,1,1,1],"ix":4},"o":{"a":0,"k":100,"ix":5},"r":1,"bm":0,"nm":"Fill 1","mn":"ADBE Vector Graphic - Fill","hd":false},{"ty":"tr","p":{"a":0,"k":[43.449,75.851],"ix":2},"a":{"a":0,"k":[0,0],"ix":1},"s":{"a":0,"k":[100,100],"ix":3},"r":{"a":0,"k":0,"ix":6},"o":{"a":0,"k":100,"ix":7},"sk":{"a":0,"k":0,"ix":4},"sa":{"a":0,"k":0,"ix":5},"nm":"Transform"}],"nm":"Group 2","np":2,"cix":2,"bm":0,"ix":2,"mn":"ADBE Vector Group","hd":false},{"ty":"gr","it":[{"ind":0,"ty":"sh","ix":1,"ks":{"a":0,"k":{"i":[[0,0],[0,0],[0,0],[0,0]],"o":[[0,0],[0,0],[0,0],[0,0]],"v":[[43.199,-10.8],[-43.199,-10.8],[-43.199,10.8],[43.199,10.8]],"c":true},"ix":2},"nm":"Path 1","mn":"ADBE Vector Shape - Group","hd":false},{"ty":"fl","c":{"a":0,"k":[1,1,1,1],"ix":4},"o":{"a":0,"k":100,"ix":5},"r":1,"bm":0,"nm":"Fill 1","mn":"ADBE Vector Graphic - Fill","hd":false},{"ty":"tr","p":{"a":0,"k":[43.449,11.05],"ix":2},"a":{"a":0,"k":[0,0],"ix":1},"s":{"a":0,"k":[100,100],"ix":3},"r":{"a":0,"k":0,"ix":6},"o":{"a":0,"k":100,"ix":7},"sk":{"a":0,"k":0,"ix":4},"sa":{"a":0,"k":0,"ix":5},"nm":"Transform"}],"nm":"Group 3","np":2,"cix":2,"bm":0,"ix":3,"mn":"ADBE Vector Group","hd":false}],"ip":50,"op":8275,"st":25,"bm":0},{"ddd":0,"ind":4,"ty":4,"nm":"Layer 4 Outlines 3","sr":1,"ks":{"o":{"a":0,"k":100,"ix":11},"r":{"a":0,"k":0,"ix":10},"p":{"a":0,"k":[88.4,407.7,0],"ix":2},"a":{"a":0,"k":[0.367,0.5,0],"ix":1},"s":{"a":1,"k":[{"i":{"x":[0.667,0.667,0.667],"y":[1,1,1]},"o":{"x":[0.333,0.333,0.333],"y":[0,0,0]},"t":50,"s":[0,100,100]},{"t":75,"s":[100,100,100]}],"ix":6}},"ao":0,"shapes":[{"ty":"gr","it":[{"ind":0,"ty":"sh","ix":1,"ks":{"a":0,"k":{"i":[[0,0],[0,0]],"o":[[0,0],[0,0]],"v":[[907.531,0.5],[0.5,0.5]],"c":false},"ix":2},"nm":"Path 1","mn":"ADBE Vector Shape - Group","hd":false},{"ty":"st","c":{"a":0,"k":[1,1,1,1],"ix":3},"o":{"a":0,"k":100,"ix":4},"w":{"a":0,"k":1,"ix":5},"lc":1,"lj":1,"ml":10,"bm":0,"d":[{"n":"d","nm":"dash","v":{"a":0,"k":12,"ix":1}},{"n":"g","nm":"gap","v":{"a":0,"k":12,"ix":2}},{"n":"o","nm":"offset","v":{"a":0,"k":0,"ix":7}}],"nm":"Stroke 1","mn":"ADBE Vector Graphic - Stroke","hd":false},{"ty":"tr","p":{"a":0,"k":[0,0],"ix":2},"a":{"a":0,"k":[0,0],"ix":1},"s":{"a":0,"k":[100,100],"ix":3},"r":{"a":0,"k":0,"ix":6},"o":{"a":0,"k":100,"ix":7},"sk":{"a":0,"k":0,"ix":4},"sa":{"a":0,"k":0,"ix":5},"nm":"Transform"}],"nm":"Group 1","np":2,"cix":2,"bm":0,"ix":1,"mn":"ADBE Vector Group","hd":false}],"ip":50,"op":8275,"st":25,"bm":0},{"ddd":0,"ind":5,"ty":4,"nm":"Layer 3 Outlines 3","sr":1,"ks":{"o":{"a":0,"k":100,"ix":11},"r":{"a":0,"k":0,"ix":10},"p":{"a":0,"k":[89.895,318.764,0],"ix":2},"a":{"a":0,"k":[1.863,-2.035,0],"ix":1},"s":{"a":1,"k":[{"i":{"x":[0.667,0.667,0.667],"y":[1,1,1]},"o":{"x":[0.333,0.333,0.333],"y":[0,0,0]},"t":50,"s":[0,100,100]},{"t":75,"s":[100,100,100]}],"ix":6}},"ao":0,"shapes":[{"ty":"gr","it":[{"ind":0,"ty":"sh","ix":1,"ks":{"a":0,"k":{"i":[[0,0],[0,0]],"o":[[0,0],[0,0]],"v":[[907.531,0.5],[0.5,0.5]],"c":false},"ix":2},"nm":"Path 1","mn":"ADBE Vector Shape - Group","hd":false},{"ty":"st","c":{"a":0,"k":[1,1,1,1],"ix":3},"o":{"a":0,"k":100,"ix":4},"w":{"a":0,"k":1,"ix":5},"lc":1,"lj":1,"ml":10,"bm":0,"d":[{"n":"d","nm":"dash","v":{"a":0,"k":12,"ix":1}},{"n":"g","nm":"gap","v":{"a":0,"k":12,"ix":2}},{"n":"o","nm":"offset","v":{"a":0,"k":0,"ix":7}}],"nm":"Stroke 1","mn":"ADBE Vector Graphic - Stroke","hd":false},{"ty":"tr","p":{"a":0,"k":[0,0],"ix":2},"a":{"a":0,"k":[0,0],"ix":1},"s":{"a":0,"k":[100,100],"ix":3},"r":{"a":0,"k":0,"ix":6},"o":{"a":0,"k":100,"ix":7},"sk":{"a":0,"k":0,"ix":4},"sa":{"a":0,"k":0,"ix":5},"nm":"Transform"}],"nm":"Group 1","np":2,"cix":2,"bm":0,"ix":1,"mn":"ADBE Vector Group","hd":false}],"ip":50,"op":8275,"st":25,"bm":0},{"ddd":0,"ind":6,"ty":4,"nm":"Layer 5 Outlines","sr":1,"ks":{"o":{"a":1,"k":[{"i":{"x":[0.667],"y":[1]},"o":{"x":[0.333],"y":[0]},"t":50,"s":[0]},{"t":75,"s":[100]}],"ix":11},"r":{"a":0,"k":0,"ix":10},"p":{"a":0,"k":[952.38,1747.501,0],"ix":2},"a":{"a":0,"k":[43.466,43.451,0],"ix":1},"s":{"a":0,"k":[100,100,100],"ix":6}},"ao":0,"shapes":[{"ty":"gr","it":[{"ind":0,"ty":"sh","ix":1,"ks":{"a":0,"k":{"i":[[0,0],[0,0],[0,0],[0,0]],"o":[[0,0],[0,0],[0,0],[0,0]],"v":[[29.489,-38.259],[-43.216,21.581],[-29.49,38.259],[43.216,-21.581]],"c":true},"ix":2},"nm":"Path 1","mn":"ADBE Vector Shape - Group","hd":false},{"ty":"fl","c":{"a":0,"k":[1,1,1,1],"ix":4},"o":{"a":0,"k":100,"ix":5},"r":1,"bm":0,"nm":"Fill 1","mn":"ADBE Vector Graphic - Fill","hd":false},{"ty":"tr","p":{"a":0,"k":[43.466,43.469],"ix":2},"a":{"a":0,"k":[0,0],"ix":1},"s":{"a":0,"k":[100,100],"ix":3},"r":{"a":0,"k":0,"ix":6},"o":{"a":0,"k":100,"ix":7},"sk":{"a":0,"k":0,"ix":4},"sa":{"a":0,"k":0,"ix":5},"nm":"Transform"}],"nm":"Group 1","np":2,"cix":2,"bm":0,"ix":1,"mn":"ADBE Vector Group","hd":false},{"ty":"gr","it":[{"ind":0,"ty":"sh","ix":1,"ks":{"a":0,"k":{"i":[[0,0],[0,0],[0,0],[0,0]],"o":[[0,0],[0,0],[0,0],[0,0]],"v":[[43.199,-10.801],[-43.199,-10.801],[-43.199,10.801],[43.199,10.801]],"c":true},"ix":2},"nm":"Path 1","mn":"ADBE Vector Shape - Group","hd":false},{"ty":"fl","c":{"a":0,"k":[1,1,1,1],"ix":4},"o":{"a":0,"k":100,"ix":5},"r":1,"bm":0,"nm":"Fill 1","mn":"ADBE Vector Graphic - Fill","hd":false},{"ty":"tr","p":{"a":0,"k":[43.449,75.851],"ix":2},"a":{"a":0,"k":[0,0],"ix":1},"s":{"a":0,"k":[100,100],"ix":3},"r":{"a":0,"k":0,"ix":6},"o":{"a":0,"k":100,"ix":7},"sk":{"a":0,"k":0,"ix":4},"sa":{"a":0,"k":0,"ix":5},"nm":"Transform"}],"nm":"Group 2","np":2,"cix":2,"bm":0,"ix":2,"mn":"ADBE Vector Group","hd":false},{"ty":"gr","it":[{"ind":0,"ty":"sh","ix":1,"ks":{"a":0,"k":{"i":[[0,0],[0,0],[0,0],[0,0]],"o":[[0,0],[0,0],[0,0],[0,0]],"v":[[43.199,-10.8],[-43.199,-10.8],[-43.199,10.8],[43.199,10.8]],"c":true},"ix":2},"nm":"Path 1","mn":"ADBE Vector Shape - Group","hd":false},{"ty":"fl","c":{"a":0,"k":[1,1,1,1],"ix":4},"o":{"a":0,"k":100,"ix":5},"r":1,"bm":0,"nm":"Fill 1","mn":"ADBE Vector Graphic - Fill","hd":false},{"ty":"tr","p":{"a":0,"k":[43.449,11.05],"ix":2},"a":{"a":0,"k":[0,0],"ix":1},"s":{"a":0,"k":[100,100],"ix":3},"r":{"a":0,"k":0,"ix":6},"o":{"a":0,"k":100,"ix":7},"sk":{"a":0,"k":0,"ix":4},"sa":{"a":0,"k":0,"ix":5},"nm":"Transform"}],"nm":"Group 3","np":2,"cix":2,"bm":0,"ix":3,"mn":"ADBE Vector Group","hd":false}],"ip":50,"op":8275,"st":25,"bm":0},{"ddd":0,"ind":7,"ty":4,"nm":"Layer 4 Outlines","sr":1,"ks":{"o":{"a":0,"k":100,"ix":11},"r":{"a":0,"k":0,"ix":10},"p":{"a":0,"k":[88.4,1790.7,0],"ix":2},"a":{"a":0,"k":[0.367,0.5,0],"ix":1},"s":{"a":1,"k":[{"i":{"x":[0.667,0.667,0.667],"y":[1,1,1]},"o":{"x":[0.333,0.333,0.333],"y":[0,0,0]},"t":50,"s":[0,100,100]},{"t":75,"s":[100,100,100]}],"ix":6}},"ao":0,"shapes":[{"ty":"gr","it":[{"ind":0,"ty":"sh","ix":1,"ks":{"a":0,"k":{"i":[[0,0],[0,0]],"o":[[0,0],[0,0]],"v":[[907.531,0.5],[0.5,0.5]],"c":false},"ix":2},"nm":"Path 1","mn":"ADBE Vector Shape - Group","hd":false},{"ty":"st","c":{"a":0,"k":[1,1,1,1],"ix":3},"o":{"a":0,"k":100,"ix":4},"w":{"a":0,"k":1,"ix":5},"lc":1,"lj":1,"ml":10,"bm":0,"d":[{"n":"d","nm":"dash","v":{"a":0,"k":12,"ix":1}},{"n":"g","nm":"gap","v":{"a":0,"k":12,"ix":2}},{"n":"o","nm":"offset","v":{"a":0,"k":0,"ix":7}}],"nm":"Stroke 1","mn":"ADBE Vector Graphic - Stroke","hd":false},{"ty":"tr","p":{"a":0,"k":[0,0],"ix":2},"a":{"a":0,"k":[0,0],"ix":1},"s":{"a":0,"k":[100,100],"ix":3},"r":{"a":0,"k":0,"ix":6},"o":{"a":0,"k":100,"ix":7},"sk":{"a":0,"k":0,"ix":4},"sa":{"a":0,"k":0,"ix":5},"nm":"Transform"}],"nm":"Group 1","np":2,"cix":2,"bm":0,"ix":1,"mn":"ADBE Vector Group","hd":false}],"ip":50,"op":8275,"st":25,"bm":0},{"ddd":0,"ind":8,"ty":4,"nm":"Layer 3 Outlines 2","sr":1,"ks":{"o":{"a":0,"k":100,"ix":11},"r":{"a":0,"k":0,"ix":10},"p":{"a":0,"k":[89.895,1701.764,0],"ix":2},"a":{"a":0,"k":[1.863,-2.035,0],"ix":1},"s":{"a":1,"k":[{"i":{"x":[0.667,0.667,0.667],"y":[1,1,1]},"o":{"x":[0.333,0.333,0.333],"y":[0,0,0]},"t":50,"s":[0,100,100]},{"t":75,"s":[100,100,100]}],"ix":6}},"ao":0,"shapes":[{"ty":"gr","it":[{"ind":0,"ty":"sh","ix":1,"ks":{"a":0,"k":{"i":[[0,0],[0,0]],"o":[[0,0],[0,0]],"v":[[907.531,0.5],[0.5,0.5]],"c":false},"ix":2},"nm":"Path 1","mn":"ADBE Vector Shape - Group","hd":false},{"ty":"st","c":{"a":0,"k":[1,1,1,1],"ix":3},"o":{"a":0,"k":100,"ix":4},"w":{"a":0,"k":1,"ix":5},"lc":1,"lj":1,"ml":10,"bm":0,"d":[{"n":"d","nm":"dash","v":{"a":0,"k":12,"ix":1}},{"n":"g","nm":"gap","v":{"a":0,"k":12,"ix":2}},{"n":"o","nm":"offset","v":{"a":0,"k":0,"ix":7}}],"nm":"Stroke 1","mn":"ADBE Vector Graphic - Stroke","hd":false},{"ty":"tr","p":{"a":0,"k":[0,0],"ix":2},"a":{"a":0,"k":[0,0],"ix":1},"s":{"a":0,"k":[100,100],"ix":3},"r":{"a":0,"k":0,"ix":6},"o":{"a":0,"k":100,"ix":7},"sk":{"a":0,"k":0,"ix":4},"sa":{"a":0,"k":0,"ix":5},"nm":"Transform"}],"nm":"Group 1","np":2,"cix":2,"bm":0,"ix":1,"mn":"ADBE Vector Group","hd":false}],"ip":50,"op":8275,"st":25,"bm":0},{"ddd":0,"ind":9,"ty":4,"nm":"Layer 2 Outlines 3","sr":1,"ks":{"o":{"a":0,"k":100,"ix":11},"r":{"a":0,"k":180,"ix":10},"p":{"a":1,"k":[{"i":{"x":0.667,"y":1},"o":{"x":0.333,"y":0},"t":25,"s":[712.8,1500,0],"to":[-28.821,34.383,0],"ti":[28.821,-34.383,0]},{"t":50,"s":[539.875,1706.3,0]}],"ix":2},"a":{"a":0,"k":[367.45,0.25,0],"ix":1},"s":{"a":0,"k":[100,100,100],"ix":6}},"ao":0,"shapes":[{"ty":"gr","it":[{"ind":0,"ty":"sh","ix":1,"ks":{"a":1,"k":[{"i":{"x":0.667,"y":1},"o":{"x":0.333,"y":0},"t":25,"s":[{"i":[[0,0],[0,0],[-202.799,0],[0,0],[0,202.798],[0,0]],"o":[[0,0],[0,202.798],[0,0],[202.798,0],[0,0],[0,0]],"v":[[-367.2,-367.2],[-367.2,0.001],[0,367.2],[0.001,367.2],[367.2,0.001],[367.2,-367.2]],"c":true}]},{"t":50,"s":[{"i":[[0,0],[0,0],[-202.799,0],[0,0],[0,202.798],[0,0]],"o":[[0,0],[0,202.798],[0,0],[202.798,0],[0,0],[0,0]],"v":[[-367.2,-367.2],[-367.45,564.001],[-0.25,931.2],[-0.249,931.2],[366.95,564.001],[367.2,-367.2]],"c":true}]}],"ix":2},"nm":"Path 1","mn":"ADBE Vector Shape - Group","hd":false},{"ty":"fl","c":{"a":0,"k":[0.662745098039,0.686274509804,0.690196078431,1],"ix":4},"o":{"a":0,"k":100,"ix":5},"r":1,"bm":0,"nm":"Fill 1","mn":"ADBE Vector Graphic - Fill","hd":false},{"ty":"tr","p":{"a":0,"k":[367.45,367.45],"ix":2},"a":{"a":0,"k":[0,0],"ix":1},"s":{"a":0,"k":[100,100],"ix":3},"r":{"a":0,"k":0,"ix":6},"o":{"a":0,"k":100,"ix":7},"sk":{"a":0,"k":0,"ix":4},"sa":{"a":0,"k":0,"ix":5},"nm":"Transform"}],"nm":"Group 1","np":2,"cix":2,"bm":0,"ix":1,"mn":"ADBE Vector Group","hd":false}],"ip":0,"op":6004,"st":-2246,"bm":0},{"ddd":0,"ind":10,"ty":4,"nm":"Layer 6 Outlines 2","sr":1,"ks":{"o":{"a":0,"k":100,"ix":11},"r":{"a":0,"k":0,"ix":10},"p":{"a":1,"k":[{"i":{"x":0.667,"y":1},"o":{"x":0.333,"y":0},"t":25,"s":[408.4,621.055,0],"to":[0,-69.5,0],"ti":[0,69.5,0]},{"t":50,"s":[408.4,204.055,0]}],"ix":2},"a":{"a":0,"k":[324.316,118.352,0],"ix":1},"s":{"a":0,"k":[100,100,100],"ix":6}},"ao":0,"shapes":[{"ty":"gr","it":[{"ind":0,"ty":"sh","ix":1,"ks":{"a":0,"k":{"i":[[0,0],[0,0]],"o":[[0,0],[0,0]],"v":[[2.449,157.888],[45.649,157.888]],"c":false},"ix":2},"nm":"Path 1","mn":"ADBE Vector Shape - Group","hd":false},{"ty":"st","c":{"a":0,"k":[1,1,1,1],"ix":3},"o":{"a":0,"k":100,"ix":4},"w":{"a":0,"k":4.32,"ix":5},"lc":1,"lj":1,"ml":10,"bm":0,"nm":"Stroke 1","mn":"ADBE Vector Graphic - Stroke","hd":false},{"ty":"tr","p":{"a":0,"k":[0,0],"ix":2},"a":{"a":0,"k":[0,0],"ix":1},"s":{"a":0,"k":[100,100],"ix":3},"r":{"a":0,"k":0,"ix":6},"o":{"a":0,"k":100,"ix":7},"sk":{"a":0,"k":0,"ix":4},"sa":{"a":0,"k":0,"ix":5},"nm":"Transform"}],"nm":"Group 1","np":2,"cix":2,"bm":0,"ix":1,"mn":"ADBE Vector Group","hd":false},{"ty":"gr","it":[{"ind":0,"ty":"sh","ix":1,"ks":{"a":0,"k":{"i":[[0,0],[0,0],[0,0],[0,0],[0,0],[0,0],[0,0],[0,0],[0,0],[0,0],[0,0],[0,0],[0,0],[0,0],[0,0],[0,0],[0,0],[0,0],[0,0],[0,0]],"o":[[0,0],[0,0],[0,0],[0,0],[0,0],[0,0],[0,0],[0,0],[0,0],[0,0],[0,0],[0,0],[0,0],[0,0],[0,0],[0,0],[0,0],[0,0],[0,0],[0,0]],"v":[[-15.47,-21.596],[15.471,-21.596],[15.471,-9.373],[9.63,-9.373],[9.63,-16.667],[-5.784,-16.667],[-5.784,-2.849],[7.18,-2.849],[7.18,2.051],[-5.784,2.051],[-5.784,16.696],[9.63,16.696],[9.63,9.402],[15.471,9.402],[15.471,21.596],[-15.47,21.596],[-15.47,16.696],[-11.368,16.696],[-11.368,-16.667],[-15.47,-16.667]],"c":true},"ix":2},"nm":"Path 1","mn":"ADBE Vector Shape - Group","hd":false},{"ty":"fl","c":{"a":0,"k":[1,1,1,1],"ix":4},"o":{"a":0,"k":100,"ix":5},"r":1,"bm":0,"nm":"Fill 1","mn":"ADBE Vector Graphic - Fill","hd":false},{"ty":"tr","p":{"a":0,"k":[632.912,93.092],"ix":2},"a":{"a":0,"k":[0,0],"ix":1},"s":{"a":0,"k":[100,100],"ix":3},"r":{"a":0,"k":0,"ix":6},"o":{"a":0,"k":100,"ix":7},"sk":{"a":0,"k":0,"ix":4},"sa":{"a":0,"k":0,"ix":5},"nm":"Transform"}],"nm":"Group 2","np":2,"cix":2,"bm":0,"ix":2,"mn":"ADBE Vector Group","hd":false},{"ty":"gr","it":[{"ind":0,"ty":"sh","ix":1,"ks":{"a":0,"k":{"i":[[0,0],[0,0],[0,0],[-0.903,0.285],[-0.655,0.57],[-0.37,0.845],[0,1.121],[1.291,1.197],[2.811,0]],"o":[[0,0],[0,0],[1.082,0],[0.902,-0.285],[0.656,-0.569],[0.371,-0.846],[0,-2.147],[-1.293,-1.196],[0,0]],"v":[[-7.564,-16.668],[-7.564,-3.077],[0.727,-3.077],[3.704,-3.504],[6.04,-4.786],[7.579,-6.909],[8.135,-9.857],[6.198,-14.872],[0.043,-16.668]],"c":true},"ix":2},"nm":"Path 1","mn":"ADBE Vector Shape - Group","hd":false},{"ind":1,"ty":"sh","ix":2,"ks":{"a":0,"k":{"i":[[0,0],[0,0],[-1.624,-0.503],[-1.187,-0.979],[-0.666,-1.463],[0,-1.899],[0.389,-1.055],[0.693,-0.903],[0.949,-0.702],[1.121,-0.38],[-0.484,-0.388],[-0.428,-0.56],[-0.352,-0.713],[-0.209,-0.816],[0,0],[0,0],[0,0],[0,0],[0,0],[1.206,1.111],[2.089,0],[0,0],[0,0],[0,0],[0,0],[0,0],[0,0],[0,0],[0,0],[0,0]],"o":[[0,0],[1.918,0],[1.625,0.504],[1.187,0.978],[0.664,1.463],[0,1.082],[-0.389,1.054],[-0.694,0.902],[-0.95,0.703],[0.475,0.209],[0.484,0.39],[0.428,0.561],[0.352,0.712],[0,0],[0,0],[0,0],[0,0],[0,0],[-0.588,-2.356],[-1.206,-1.112],[0,0],[0,0],[0,0],[0,0],[0,0],[0,0],[0,0],[0,0],[0,0],[0,0]],"v":[[-17.252,-21.596],[0.727,-21.596],[6.04,-20.841],[10.257,-18.618],[13.036,-14.957],[14.032,-9.914],[13.448,-6.71],[11.825,-3.775],[9.36,-1.367],[6.254,0.257],[7.693,1.154],[9.061,2.578],[10.229,4.488],[11.069,6.781],[13.462,16.184],[17.195,16.184],[17.252,21.596],[8.847,21.596],[5.627,8.462],[2.935,3.263],[-2.008,1.595],[-7.564,1.595],[-7.564,16.695],[-3.234,16.695],[-3.234,21.596],[-17.252,21.596],[-17.252,16.695],[-13.148,16.695],[-13.148,-16.668],[-17.252,-16.668]],"c":true},"ix":2},"nm":"Path 2","mn":"ADBE Vector Shape - Group","hd":false},{"ty":"mm","mm":1,"nm":"Merge Paths 1","mn":"ADBE Vector Filter - Merge","hd":false},{"ty":"fl","c":{"a":0,"k":[1,1,1,1],"ix":4},"o":{"a":0,"k":100,"ix":5},"r":1,"bm":0,"nm":"Fill 1","mn":"ADBE Vector Graphic - Fill","hd":false},{"ty":"tr","p":{"a":0,"k":[593.152,93.092],"ix":2},"a":{"a":0,"k":[0,0],"ix":1},"s":{"a":0,"k":[100,100],"ix":3},"r":{"a":0,"k":0,"ix":6},"o":{"a":0,"k":100,"ix":7},"sk":{"a":0,"k":0,"ix":4},"sa":{"a":0,"k":0,"ix":5},"nm":"Transform"}],"nm":"Group 3","np":4,"cix":2,"bm":0,"ix":3,"mn":"ADBE Vector Group","hd":false},{"ty":"gr","it":[{"ind":0,"ty":"sh","ix":1,"ks":{"a":0,"k":{"i":[[0,0],[0,0],[0,0],[0,0],[0,0],[0,0],[0,0],[0,0],[0,0],[0,0],[0,0],[0,0],[0,0],[0,0],[0,0],[0,0],[0,0],[0,0],[0,0],[0,0]],"o":[[0,0],[0,0],[0,0],[0,0],[0,0],[0,0],[0,0],[0,0],[0,0],[0,0],[0,0],[0,0],[0,0],[0,0],[0,0],[0,0],[0,0],[0,0],[0,0],[0,0]],"v":[[-15.47,-21.596],[15.471,-21.596],[15.471,-9.373],[9.63,-9.373],[9.63,-16.667],[-5.784,-16.667],[-5.784,-2.849],[7.18,-2.849],[7.18,2.051],[-5.784,2.051],[-5.784,16.696],[9.63,16.696],[9.63,9.402],[15.471,9.402],[15.471,21.596],[-15.47,21.596],[-15.47,16.696],[-11.367,16.696],[-11.367,-16.667],[-15.47,-16.667]],"c":true},"ix":2},"nm":"Path 1","mn":"ADBE Vector Shape - Group","hd":false},{"ty":"fl","c":{"a":0,"k":[1,1,1,1],"ix":4},"o":{"a":0,"k":100,"ix":5},"r":1,"bm":0,"nm":"Fill 1","mn":"ADBE Vector Graphic - Fill","hd":false},{"ty":"tr","p":{"a":0,"k":[554.732,93.092],"ix":2},"a":{"a":0,"k":[0,0],"ix":1},"s":{"a":0,"k":[100,100],"ix":3},"r":{"a":0,"k":0,"ix":6},"o":{"a":0,"k":100,"ix":7},"sk":{"a":0,"k":0,"ix":4},"sa":{"a":0,"k":0,"ix":5},"nm":"Transform"}],"nm":"Group 4","np":2,"cix":2,"bm":0,"ix":4,"mn":"ADBE Vector Group","hd":false},{"ty":"gr","it":[{"ind":0,"ty":"sh","ix":1,"ks":{"a":0,"k":{"i":[[0,0],[0,0],[0,0],[0,0],[0,0],[0,0],[0,0],[0,0],[0,0],[0,0],[0,0],[0,0],[0,0],[0,0],[0,0],[0,0],[0,0],[0,0],[0,0],[0,0],[0,0],[0,0],[0,0],[0,0],[0,0],[0,0],[0,0],[0,0]],"o":[[0,0],[0,0],[0,0],[0,0],[0,0],[0,0],[0,0],[0,0],[0,0],[0,0],[0,0],[0,0],[0,0],[0,0],[0,0],[0,0],[0,0],[0,0],[0,0],[0,0],[0,0],[0,0],[0,0],[0,0],[0,0],[0,0],[0,0],[0,0]],"v":[[8.163,-21.596],[22.181,-21.596],[22.181,-16.696],[18.077,-16.696],[18.077,16.696],[22.181,16.696],[22.181,21.596],[8.163,21.596],[8.163,16.696],[12.493,16.696],[12.493,1.169],[-12.493,1.169],[-12.493,16.696],[-8.163,16.696],[-8.163,21.596],[-22.181,21.596],[-22.181,16.696],[-18.078,16.696],[-18.078,-16.696],[-22.181,-16.696],[-22.181,-21.596],[-8.163,-21.596],[-8.163,-16.696],[-12.493,-16.696],[-12.493,-3.618],[12.493,-3.618],[12.493,-16.696],[8.163,-16.696]],"c":true},"ix":2},"nm":"Path 1","mn":"ADBE Vector Shape - Group","hd":false},{"ty":"fl","c":{"a":0,"k":[1,1,1,1],"ix":4},"o":{"a":0,"k":100,"ix":5},"r":1,"bm":0,"nm":"Fill 1","mn":"ADBE Vector Graphic - Fill","hd":false},{"ty":"tr","p":{"a":0,"k":[508.933,93.092],"ix":2},"a":{"a":0,"k":[0,0],"ix":1},"s":{"a":0,"k":[100,100],"ix":3},"r":{"a":0,"k":0,"ix":6},"o":{"a":0,"k":100,"ix":7},"sk":{"a":0,"k":0,"ix":4},"sa":{"a":0,"k":0,"ix":5},"nm":"Transform"}],"nm":"Group 5","np":2,"cix":2,"bm":0,"ix":5,"mn":"ADBE Vector Group","hd":false},{"ty":"gr","it":[{"ind":0,"ty":"sh","ix":1,"ks":{"a":0,"k":{"i":[[0.607,0.836],[0.731,0.446],[0.873,0.238],[0.874,0],[1.083,-0.332],[0.712,-0.569],[0.36,-0.759],[0,-0.836],[-0.447,-0.77],[-0.683,-0.465],[-0.826,-0.266],[-0.759,-0.267],[0,0],[-1.32,-0.704],[-0.892,-0.959],[-0.464,-1.253],[0,-1.652],[0.73,-1.519],[1.31,-1.12],[1.814,-0.637],[2.165,0],[1.576,0.503],[1.073,0.846],[0.646,1.083],[0.36,1.14],[0,0],[0,0],[0,0],[-0.446,-0.873],[-0.797,-0.579],[-1.101,-0.294],[-1.329,0],[-1.036,0.305],[-0.732,0.579],[-0.389,0.826],[0,1.045],[0.485,0.806],[0.76,0.571],[0.901,0.36],[0.835,0.267],[0,0],[1.129,0.647],[0.806,0.93],[0.436,1.244],[0,1.633],[-0.646,1.443],[-1.254,1.083],[-1.814,0.618],[-2.336,0],[-1.302,-0.361],[-1.054,-0.655],[-0.807,-0.921],[-0.551,-1.101],[0,0],[0,0],[0,0]],"o":[[-0.608,-0.836],[-0.731,-0.446],[-0.874,-0.238],[-1.443,0],[-1.083,0.333],[-0.712,0.57],[-0.361,0.76],[0,1.253],[0.445,0.769],[0.684,0.466],[0.827,0.266],[0,0],[1.727,0.551],[1.32,0.703],[0.893,0.959],[0.466,1.254],[0,1.787],[-0.731,1.52],[-1.311,1.122],[-1.813,0.636],[-2.223,0],[-1.578,-0.503],[-1.073,-0.845],[-0.646,-1.082],[0,0],[0,0],[0,0],[0,2.108],[0.446,0.874],[0.798,0.58],[1.102,0.295],[1.292,0],[1.035,-0.303],[0.731,-0.579],[0.389,-0.827],[0,-1.158],[-0.483,-0.808],[-0.76,-0.569],[-0.903,-0.361],[0,0],[-1.368,-0.417],[-1.131,-0.645],[-0.808,-0.931],[-0.438,-1.243],[0,-1.653],[0.645,-1.443],[1.254,-1.082],[1.814,-0.617],[1.539,0],[1.3,0.361],[1.053,0.655],[0.806,0.921],[0,0],[0,0],[0,0],[0,-1.671]],"v":[[7.565,-13.776],[5.556,-15.698],[3.149,-16.724],[0.527,-17.081],[-3.262,-16.582],[-5.954,-15.228],[-7.564,-13.234],[-8.105,-10.84],[-7.435,-7.806],[-5.741,-5.956],[-3.476,-4.857],[-1.098,-4.06],[4.659,-2.18],[9.232,-0.298],[12.55,2.194],[14.587,5.513],[15.287,9.871],[14.189,14.829],[11.126,18.789],[6.439,21.426],[0.47,22.379],[-5.228,21.625],[-9.202,19.602],[-11.781,16.71],[-13.29,13.376],[-15.457,13.376],[-15.457,8.477],[-8.276,8.477],[-7.608,12.949],[-5.741,15.129],[-2.892,16.44],[0.754,16.88],[4.246,16.424],[6.896,15.1],[8.576,12.992],[9.16,10.186],[8.433,7.237],[6.568,5.171],[4.074,3.776],[1.467,2.835],[-4.772,1.069],[-8.518,-0.527],[-11.424,-2.892],[-13.29,-6.155],[-13.947,-10.47],[-12.978,-15.115],[-10.129,-18.905],[-5.527,-21.454],[0.698,-22.379],[4.959,-21.839],[8.491,-20.314],[11.283,-17.949],[13.319,-14.915],[15.457,-14.915],[15.457,-10.014],[8.475,-10.014]],"c":true},"ix":2},"nm":"Path 1","mn":"ADBE Vector Shape - Group","hd":false},{"ty":"fl","c":{"a":0,"k":[1,1,1,1],"ix":4},"o":{"a":0,"k":100,"ix":5},"r":1,"bm":0,"nm":"Fill 1","mn":"ADBE Vector Graphic - Fill","hd":false},{"ty":"tr","p":{"a":0,"k":[453.175,93.249],"ix":2},"a":{"a":0,"k":[0,0],"ix":1},"s":{"a":0,"k":[100,100],"ix":3},"r":{"a":0,"k":0,"ix":6},"o":{"a":0,"k":100,"ix":7},"sk":{"a":0,"k":0,"ix":4},"sa":{"a":0,"k":0,"ix":5},"nm":"Transform"}],"nm":"Group 6","np":2,"cix":2,"bm":0,"ix":6,"mn":"ADBE Vector Group","hd":false},{"ty":"gr","it":[{"ind":0,"ty":"sh","ix":1,"ks":{"a":0,"k":{"i":[[0,0],[0,0],[0,0],[0,0],[0,0],[0,0],[0,0],[0,0],[0,0],[0,0],[0,0],[0,0],[0,0],[0,0],[0,0],[0,0],[0,0],[0,0],[0,0],[0,0]],"o":[[0,0],[0,0],[0,0],[0,0],[0,0],[0,0],[0,0],[0,0],[0,0],[0,0],[0,0],[0,0],[0,0],[0,0],[0,0],[0,0],[0,0],[0,0],[0,0],[0,0]],"v":[[-15.47,-21.596],[15.47,-21.596],[15.47,-9.373],[9.63,-9.373],[9.63,-16.667],[-5.784,-16.667],[-5.784,-2.849],[7.18,-2.849],[7.18,2.051],[-5.784,2.051],[-5.784,16.696],[9.63,16.696],[9.63,9.402],[15.47,9.402],[15.47,21.596],[-15.47,21.596],[-15.47,16.696],[-11.367,16.696],[-11.367,-16.667],[-15.47,-16.667]],"c":true},"ix":2},"nm":"Path 1","mn":"ADBE Vector Shape - Group","hd":false},{"ty":"fl","c":{"a":0,"k":[1,1,1,1],"ix":4},"o":{"a":0,"k":100,"ix":5},"r":1,"bm":0,"nm":"Fill 1","mn":"ADBE Vector Graphic - Fill","hd":false},{"ty":"tr","p":{"a":0,"k":[418.344,93.092],"ix":2},"a":{"a":0,"k":[0,0],"ix":1},"s":{"a":0,"k":[100,100],"ix":3},"r":{"a":0,"k":0,"ix":6},"o":{"a":0,"k":100,"ix":7},"sk":{"a":0,"k":0,"ix":4},"sa":{"a":0,"k":0,"ix":5},"nm":"Transform"}],"nm":"Group 7","np":2,"cix":2,"bm":0,"ix":7,"mn":"ADBE Vector Group","hd":false},{"ty":"gr","it":[{"ind":0,"ty":"sh","ix":1,"ks":{"a":0,"k":{"i":[[-2.261,0],[-1.833,0.931],[-1.292,1.567],[-0.703,2.071],[0,2.297],[0.77,2.195],[1.377,1.521],[1.823,0.826],[1.975,0],[1.842,-0.931],[1.291,-1.567],[0.702,-2.081],[0,-2.28],[-0.779,-2.08],[-1.282,-1.377],[-1.776,-0.93]],"o":[[2.26,0],[1.833,-0.93],[1.291,-1.567],[0.703,-2.07],[0,-2.356],[-0.769,-2.193],[-1.377,-1.518],[-1.823,-0.827],[-2.261,0],[-1.843,0.93],[-1.292,1.567],[-0.703,2.08],[0,2.659],[0.779,2.08],[1.283,1.377],[1.776,0.931]],"v":[[0,17.152],[6.14,15.756],[10.827,12.009],[13.818,6.553],[14.872,0.001],[13.718,-6.824],[10.499,-12.394],[5.698,-15.912],[0,-17.152],[-6.154,-15.755],[-10.855,-12.009],[-13.847,-6.538],[-14.901,0.001],[-13.733,7.109],[-10.642,12.295],[-6.055,15.756]],"c":true},"ix":2},"nm":"Path 1","mn":"ADBE Vector Shape - Group","hd":false},{"ind":1,"ty":"sh","ix":2,"ks":{"a":0,"k":{"i":[[3.039,0],[2.469,1.111],[1.937,2.051],[1.006,2.811],[0,3.019],[-1.017,2.735],[-1.833,2.023],[-2.536,1.168],[-3.04,0],[-2.546,-1.168],[-1.824,-2.023],[-1.007,-2.735],[0,-3.116],[1.017,-2.725],[1.833,-2.032],[2.536,-1.168]],"o":[[-2.982,0],[-2.469,-1.112],[-1.938,-2.051],[-1.007,-2.811],[0,-3.116],[1.016,-2.735],[1.833,-2.023],[2.535,-1.168],[3.058,0],[2.545,1.168],[1.823,2.023],[1.006,2.735],[0,3.115],[-1.016,2.726],[-1.833,2.033],[-2.536,1.168]],"v":[[0,22.451],[-8.177,20.785],[-14.787,16.041],[-19.203,8.747],[-20.713,0.001],[-19.189,-8.775],[-14.916,-15.912],[-8.362,-20.699],[0,-22.451],[8.405,-20.699],[14.958,-15.912],[19.203,-8.775],[20.713,0.001],[19.188,8.761],[14.915,15.898],[8.362,20.699]],"c":true},"ix":2},"nm":"Path 2","mn":"ADBE Vector Shape - Group","hd":false},{"ty":"mm","mm":1,"nm":"Merge Paths 1","mn":"ADBE Vector Filter - Merge","hd":false},{"ty":"fl","c":{"a":0,"k":[1,1,1,1],"ix":4},"o":{"a":0,"k":100,"ix":5},"r":1,"bm":0,"nm":"Fill 1","mn":"ADBE Vector Graphic - Fill","hd":false},{"ty":"tr","p":{"a":0,"k":[376.064,93.092],"ix":2},"a":{"a":0,"k":[0,0],"ix":1},"s":{"a":0,"k":[100,100],"ix":3},"r":{"a":0,"k":0,"ix":6},"o":{"a":0,"k":100,"ix":7},"sk":{"a":0,"k":0,"ix":4},"sa":{"a":0,"k":0,"ix":5},"nm":"Transform"}],"nm":"Group 8","np":4,"cix":2,"bm":0,"ix":8,"mn":"ADBE Vector Group","hd":false},{"ty":"gr","it":[{"ind":0,"ty":"sh","ix":1,"ks":{"a":0,"k":{"i":[[0,0],[0,0],[1.083,-1.111],[1.329,-0.722],[1.509,-0.36],[1.557,0],[2.374,0.94],[1.927,2.052],[1.015,2.812],[0,3.058],[-1.017,2.734],[-1.833,2.032],[-2.535,1.159],[-2.963,0],[-1.966,-0.778],[-1.396,-1.111],[-0.836,-1.007],[0,0],[0,0],[0,0],[2.098,1.254],[2.602,-0.037],[1.823,-0.931],[1.301,-1.576],[0.722,-2.051],[0,-2.28],[-0.798,-2.165],[-1.235,-1.348],[-1.814,-0.884],[-2.203,0],[-2.336,1.777],[-0.931,3.761],[0,0],[0,0],[0,0],[0,0]],"o":[[0,0],[-0.722,1.501],[-1.083,1.11],[-1.33,0.722],[-1.511,0.36],[-2.812,0],[-2.375,-0.941],[-1.928,-2.05],[-1.017,-2.81],[0,-3.077],[1.015,-2.735],[1.833,-2.033],[2.536,-1.159],[2.736,0],[1.966,0.779],[1.396,1.111],[0,0],[0,0],[0,0],[-1.273,-2.165],[-2.099,-1.253],[-2.185,0],[-1.823,0.93],[-1.301,1.577],[-0.722,2.051],[0,2.526],[0.798,2.166],[1.234,1.349],[1.814,0.883],[3.647,0],[2.336,-1.776],[0,0],[0,0],[0,0],[0,0],[0,0]],"v":[[15.03,22.023],[15.03,13.363],[12.323,17.281],[8.704,20.029],[4.445,21.653],[-0.156,22.195],[-7.935,20.785],[-14.388,16.296],[-18.803,9.002],[-20.328,0.2],[-18.803,-8.519],[-14.531,-15.67],[-7.978,-20.456],[0.271,-22.195],[7.323,-21.027],[12.366,-18.192],[15.714,-15.015],[18.477,-15.015],[18.477,-9.943],[12.352,-9.943],[7.294,-15.072],[0.242,-16.895],[-5.77,-15.498],[-10.457,-11.739],[-13.491,-6.296],[-14.574,0.2],[-13.376,7.236],[-10.328,12.507],[-5.755,15.855],[0.271,17.18],[9.245,14.516],[14.146,6.21],[2.065,6.21],[2.065,1.311],[20.328,1.311],[20.328,22.023]],"c":true},"ix":2},"nm":"Path 1","mn":"ADBE Vector Shape - Group","hd":false},{"ty":"fl","c":{"a":0,"k":[1,1,1,1],"ix":4},"o":{"a":0,"k":100,"ix":5},"r":1,"bm":0,"nm":"Fill 1","mn":"ADBE Vector Graphic - Fill","hd":false},{"ty":"tr","p":{"a":0,"k":[327.728,92.835],"ix":2},"a":{"a":0,"k":[0,0],"ix":1},"s":{"a":0,"k":[100,100],"ix":3},"r":{"a":0,"k":0,"ix":6},"o":{"a":0,"k":100,"ix":7},"sk":{"a":0,"k":0,"ix":4},"sa":{"a":0,"k":0,"ix":5},"nm":"Transform"}],"nm":"Group 9","np":2,"cix":2,"bm":0,"ix":9,"mn":"ADBE Vector Group","hd":false},{"ty":"gr","it":[{"ind":0,"ty":"sh","ix":1,"ks":{"a":0,"k":{"i":[[0,0],[0,0],[1.083,-1.111],[1.329,-0.722],[1.509,-0.36],[1.557,0],[2.374,0.94],[1.927,2.052],[1.015,2.812],[0,3.058],[-1.017,2.734],[-1.833,2.032],[-2.535,1.159],[-2.963,0],[-1.966,-0.778],[-1.396,-1.111],[-0.836,-1.007],[0,0],[0,0],[0,0],[2.098,1.254],[2.602,-0.037],[1.823,-0.931],[1.301,-1.576],[0.722,-2.051],[0,-2.28],[-0.798,-2.165],[-1.235,-1.348],[-1.814,-0.884],[-2.203,0],[-2.336,1.777],[-0.931,3.761],[0,0],[0,0],[0,0],[0,0]],"o":[[0,0],[-0.722,1.501],[-1.083,1.11],[-1.33,0.722],[-1.511,0.36],[-2.812,0],[-2.375,-0.941],[-1.928,-2.05],[-1.017,-2.81],[0,-3.077],[1.015,-2.735],[1.833,-2.033],[2.536,-1.159],[2.736,0],[1.966,0.779],[1.396,1.111],[0,0],[0,0],[0,0],[-1.273,-2.165],[-2.099,-1.253],[-2.185,0],[-1.823,0.93],[-1.301,1.577],[-0.722,2.051],[0,2.526],[0.798,2.166],[1.234,1.349],[1.814,0.883],[3.647,0],[2.336,-1.776],[0,0],[0,0],[0,0],[0,0],[0,0]],"v":[[15.03,22.023],[15.03,13.363],[12.323,17.281],[8.704,20.029],[4.445,21.653],[-0.156,22.195],[-7.935,20.785],[-14.388,16.296],[-18.803,9.002],[-20.328,0.2],[-18.803,-8.519],[-14.531,-15.67],[-7.978,-20.456],[0.271,-22.195],[7.323,-21.027],[12.366,-18.192],[15.714,-15.015],[18.477,-15.015],[18.477,-9.943],[12.352,-9.943],[7.294,-15.072],[0.242,-16.895],[-5.77,-15.498],[-10.457,-11.739],[-13.491,-6.296],[-14.574,0.2],[-13.376,7.236],[-10.328,12.507],[-5.755,15.855],[0.271,17.18],[9.245,14.516],[14.146,6.21],[2.065,6.21],[2.065,1.311],[20.328,1.311],[20.328,22.023]],"c":true},"ix":2},"nm":"Path 1","mn":"ADBE Vector Shape - Group","hd":false},{"ty":"fl","c":{"a":0,"k":[1,1,1,1],"ix":4},"o":{"a":0,"k":100,"ix":5},"r":1,"bm":0,"nm":"Fill 1","mn":"ADBE Vector Graphic - Fill","hd":false},{"ty":"tr","p":{"a":0,"k":[267.013,92.835],"ix":2},"a":{"a":0,"k":[0,0],"ix":1},"s":{"a":0,"k":[100,100],"ix":3},"r":{"a":0,"k":0,"ix":6},"o":{"a":0,"k":100,"ix":7},"sk":{"a":0,"k":0,"ix":4},"sa":{"a":0,"k":0,"ix":5},"nm":"Transform"}],"nm":"Group 10","np":2,"cix":2,"bm":0,"ix":10,"mn":"ADBE Vector Group","hd":false},{"ty":"gr","it":[{"ind":0,"ty":"sh","ix":1,"ks":{"a":0,"k":{"i":[[0,0],[0,0],[0,0],[0,0],[0,0],[0,0],[0,0],[0,0],[0,0],[0,0],[0,0],[0,0],[0,0],[0,0],[0,0],[0,0],[0,0],[0,0],[0,0],[0,0],[0,0]],"o":[[0,0],[0,0],[0,0],[0,0],[0,0],[0,0],[0,0],[0,0],[0,0],[0,0],[0,0],[0,0],[0,0],[0,0],[0,0],[0,0],[0,0],[0,0],[0,0],[0,0],[0,0]],"v":[[6.354,-21.568],[20.371,-21.568],[20.371,-16.639],[16.695,-16.639],[16.695,21.624],[9.402,21.624],[-10.685,-14.188],[-10.685,16.725],[-6.24,16.725],[-6.24,21.624],[-20.258,21.624],[-20.258,16.725],[-16.268,16.725],[-16.268,-16.639],[-20.371,-16.639],[-20.371,-21.624],[-8.746,-21.624],[10.97,13.846],[11.198,12.48],[11.198,-16.639],[6.354,-16.639]],"c":true},"ix":2},"nm":"Path 1","mn":"ADBE Vector Shape - Group","hd":false},{"ty":"fl","c":{"a":0,"k":[1,1,1,1],"ix":4},"o":{"a":0,"k":100,"ix":5},"r":1,"bm":0,"nm":"Fill 1","mn":"ADBE Vector Graphic - Fill","hd":false},{"ty":"tr","p":{"a":0,"k":[222.81,93.063],"ix":2},"a":{"a":0,"k":[0,0],"ix":1},"s":{"a":0,"k":[100,100],"ix":3},"r":{"a":0,"k":0,"ix":6},"o":{"a":0,"k":100,"ix":7},"sk":{"a":0,"k":0,"ix":4},"sa":{"a":0,"k":0,"ix":5},"nm":"Transform"}],"nm":"Group 11","np":2,"cix":2,"bm":0,"ix":11,"mn":"ADBE Vector Group","hd":false},{"ty":"gr","it":[{"ind":0,"ty":"sh","ix":1,"ks":{"a":0,"k":{"i":[[0,0],[0,0],[0,0],[0,0],[0,0],[0,0],[0,0],[0,0],[0,0],[0,0],[0,0],[0,0]],"o":[[0,0],[0,0],[0,0],[0,0],[0,0],[0,0],[0,0],[0,0],[0,0],[0,0],[0,0],[0,0]],"v":[[-6.895,-21.596],[6.895,-21.596],[6.895,-16.667],[2.792,-16.667],[2.792,16.696],[6.895,16.696],[6.895,21.596],[-6.895,21.596],[-6.895,16.696],[-2.792,16.696],[-2.792,-16.667],[-6.895,-16.667]],"c":true},"ix":2},"nm":"Path 1","mn":"ADBE Vector Shape - Group","hd":false},{"ty":"fl","c":{"a":0,"k":[1,1,1,1],"ix":4},"o":{"a":0,"k":100,"ix":5},"r":1,"bm":0,"nm":"Fill 1","mn":"ADBE Vector Graphic - Fill","hd":false},{"ty":"tr","p":{"a":0,"k":[187.395,93.092],"ix":2},"a":{"a":0,"k":[0,0],"ix":1},"s":{"a":0,"k":[100,100],"ix":3},"r":{"a":0,"k":0,"ix":6},"o":{"a":0,"k":100,"ix":7},"sk":{"a":0,"k":0,"ix":4},"sa":{"a":0,"k":0,"ix":5},"nm":"Transform"}],"nm":"Group 12","np":2,"cix":2,"bm":0,"ix":12,"mn":"ADBE Vector Group","hd":false},{"ty":"gr","it":[{"ind":0,"ty":"sh","ix":1,"ks":{"a":0,"k":{"i":[[0,0],[0,0],[0,0],[-1.757,0.874],[-1.31,1.509],[-0.76,2.042],[0,2.355],[0.759,2.013],[1.311,1.491],[1.756,0.855],[1.994,0]],"o":[[0,0],[0,0],[1.994,0],[1.756,-0.873],[1.311,-1.511],[0.759,-2.042],[0,-2.318],[-0.76,-2.013],[-1.31,-1.49],[-1.757,-0.854],[0,0]],"v":[[-8.732,-16.668],[-8.732,16.695],[-2.008,16.695],[3.619,15.385],[8.22,11.811],[11.326,6.482],[12.465,-0.113],[11.326,-6.609],[8.22,-11.866],[3.619,-15.385],[-2.008,-16.668]],"c":true},"ix":2},"nm":"Path 1","mn":"ADBE Vector Shape - Group","hd":false},{"ind":1,"ty":"sh","ix":2,"ks":{"a":0,"k":{"i":[[0,0],[0,0],[-1.785,-0.513],[-1.538,-0.931],[-1.253,-1.301],[-0.883,-1.595],[-0.475,-1.832],[0,-1.976],[0.475,-1.842],[0.883,-1.614],[1.254,-1.321],[1.539,-0.94],[1.786,-0.514],[1.975,0],[0,0],[0,0],[0,0],[0,0],[0,0]],"o":[[0,0],[1.975,0],[1.786,0.513],[1.539,0.931],[1.254,1.301],[0.883,1.596],[0.475,1.834],[0,2.013],[-0.475,1.843],[-0.883,1.616],[-1.253,1.32],[-1.538,0.94],[-1.785,0.513],[0,0],[0,0],[0,0],[0,0],[0,0],[0,0]],"v":[[-18.419,-21.596],[-2.35,-21.596],[3.291,-20.827],[8.277,-18.661],[12.465,-15.314],[15.671,-10.969],[17.707,-5.827],[18.419,-0.113],[17.707,5.669],[15.671,10.854],[12.465,15.258],[8.277,18.647],[3.291,20.828],[-2.35,21.596],[-18.419,21.596],[-18.419,16.695],[-14.316,16.695],[-14.316,-16.668],[-18.419,-16.668]],"c":true},"ix":2},"nm":"Path 2","mn":"ADBE Vector Shape - Group","hd":false},{"ty":"mm","mm":1,"nm":"Merge Paths 1","mn":"ADBE Vector Filter - Merge","hd":false},{"ty":"fl","c":{"a":0,"k":[1,1,1,1],"ix":4},"o":{"a":0,"k":100,"ix":5},"r":1,"bm":0,"nm":"Fill 1","mn":"ADBE Vector Graphic - Fill","hd":false},{"ty":"tr","p":{"a":0,"k":[155.983,93.092],"ix":2},"a":{"a":0,"k":[0,0],"ix":1},"s":{"a":0,"k":[100,100],"ix":3},"r":{"a":0,"k":0,"ix":6},"o":{"a":0,"k":100,"ix":7},"sk":{"a":0,"k":0,"ix":4},"sa":{"a":0,"k":0,"ix":5},"nm":"Transform"}],"nm":"Group 13","np":4,"cix":2,"bm":0,"ix":13,"mn":"ADBE Vector Group","hd":false},{"ty":"gr","it":[{"ind":0,"ty":"sh","ix":1,"ks":{"a":0,"k":{"i":[[0,0],[0,0],[0,0]],"o":[[0,0],[0,0],[0,0]],"v":[[-7.151,2.165],[6.183,2.165],[-0.542,-17.151]],"c":true},"ix":2},"nm":"Path 1","mn":"ADBE Vector Shape - Group","hd":false},{"ind":1,"ty":"sh","ix":2,"ks":{"a":0,"k":{"i":[[0,0],[0,0],[0,0],[0,0],[0,0],[0,0],[0,0],[0,0],[0,0],[0,0],[0,0],[0,0],[0,0],[0,0],[0,0],[0,0]],"o":[[0,0],[0,0],[0,0],[0,0],[0,0],[0,0],[0,0],[0,0],[0,0],[0,0],[0,0],[0,0],[0,0],[0,0],[0,0],[0,0]],"v":[[7.663,16.696],[11.254,16.696],[7.835,6.895],[-8.775,6.895],[-12.109,16.696],[-7.664,16.696],[-7.664,21.596],[-21.682,21.596],[-21.682,16.696],[-17.921,16.696],[-4.473,-21.596],[3.932,-21.596],[17.351,16.696],[21.682,16.696],[21.682,21.596],[7.663,21.596]],"c":true},"ix":2},"nm":"Path 2","mn":"ADBE Vector Shape - Group","hd":false},{"ty":"mm","mm":1,"nm":"Merge Paths 1","mn":"ADBE Vector Filter - Merge","hd":false},{"ty":"fl","c":{"a":0,"k":[1,1,1,1],"ix":4},"o":{"a":0,"k":100,"ix":5},"r":1,"bm":0,"nm":"Fill 1","mn":"ADBE Vector Graphic - Fill","hd":false},{"ty":"tr","p":{"a":0,"k":[111.523,93.092],"ix":2},"a":{"a":0,"k":[0,0],"ix":1},"s":{"a":0,"k":[100,100],"ix":3},"r":{"a":0,"k":0,"ix":6},"o":{"a":0,"k":100,"ix":7},"sk":{"a":0,"k":0,"ix":4},"sa":{"a":0,"k":0,"ix":5},"nm":"Transform"}],"nm":"Group 14","np":4,"cix":2,"bm":0,"ix":14,"mn":"ADBE Vector Group","hd":false},{"ty":"gr","it":[{"ind":0,"ty":"sh","ix":1,"ks":{"a":0,"k":{"i":[[0,0],[0,0],[0,0],[0,0],[0,0],[0,0],[0,0],[0,0],[0,0],[0,0],[0,0],[0,0],[0,0],[0,0],[0,0],[0,0],[0,0],[0,0],[0,0],[0,0]],"o":[[0,0],[0,0],[0,0],[0,0],[0,0],[0,0],[0,0],[0,0],[0,0],[0,0],[0,0],[0,0],[0,0],[0,0],[0,0],[0,0],[0,0],[0,0],[0,0],[0,0]],"v":[[-15.471,-21.596],[15.471,-21.596],[15.471,-9.373],[9.631,-9.373],[9.631,-16.667],[-5.784,-16.667],[-5.784,-2.849],[7.18,-2.849],[7.18,2.051],[-5.784,2.051],[-5.784,16.696],[9.631,16.696],[9.631,9.402],[15.471,9.402],[15.471,21.596],[-15.471,21.596],[-15.471,16.696],[-11.368,16.696],[-11.368,-16.667],[-15.471,-16.667]],"c":true},"ix":2},"nm":"Path 1","mn":"ADBE Vector Shape - Group","hd":false},{"ty":"fl","c":{"a":0,"k":[1,1,1,1],"ix":4},"o":{"a":0,"k":100,"ix":5},"r":1,"bm":0,"nm":"Fill 1","mn":"ADBE Vector Graphic - Fill","hd":false},{"ty":"tr","p":{"a":0,"k":[72.461,93.092],"ix":2},"a":{"a":0,"k":[0,0],"ix":1},"s":{"a":0,"k":[100,100],"ix":3},"r":{"a":0,"k":0,"ix":6},"o":{"a":0,"k":100,"ix":7},"sk":{"a":0,"k":0,"ix":4},"sa":{"a":0,"k":0,"ix":5},"nm":"Transform"}],"nm":"Group 15","np":2,"cix":2,"bm":0,"ix":15,"mn":"ADBE Vector Group","hd":false},{"ty":"gr","it":[{"ind":0,"ty":"sh","ix":1,"ks":{"a":0,"k":{"i":[[0,0],[0,0],[0,0],[0,0],[0,0],[0,0],[0,0],[0,0],[0,0],[0,0],[0,0],[0,0],[0,0],[0,0],[0,0],[0,0],[0,0],[0,0],[0,0],[0,0],[0,0],[0,0],[0,0],[0,0],[0,0],[0,0],[0,0],[0,0]],"o":[[0,0],[0,0],[0,0],[0,0],[0,0],[0,0],[0,0],[0,0],[0,0],[0,0],[0,0],[0,0],[0,0],[0,0],[0,0],[0,0],[0,0],[0,0],[0,0],[0,0],[0,0],[0,0],[0,0],[0,0],[0,0],[0,0],[0,0],[0,0]],"v":[[8.163,-21.596],[22.18,-21.596],[22.18,-16.696],[18.077,-16.696],[18.077,16.696],[22.18,16.696],[22.18,21.596],[8.163,21.596],[8.163,16.696],[12.493,16.696],[12.493,1.169],[-12.493,1.169],[-12.493,16.696],[-8.163,16.696],[-8.163,21.596],[-22.18,21.596],[-22.18,16.696],[-18.079,16.696],[-18.079,-16.696],[-22.18,-16.696],[-22.18,-21.596],[-8.163,-21.596],[-8.163,-16.696],[-12.493,-16.696],[-12.493,-3.618],[12.493,-3.618],[12.493,-16.696],[8.163,-16.696]],"c":true},"ix":2},"nm":"Path 1","mn":"ADBE Vector Shape - Group","hd":false},{"ty":"fl","c":{"a":0,"k":[1,1,1,1],"ix":4},"o":{"a":0,"k":100,"ix":5},"r":1,"bm":0,"nm":"Fill 1","mn":"ADBE Vector Graphic - Fill","hd":false},{"ty":"tr","p":{"a":0,"k":[26.662,93.092],"ix":2},"a":{"a":0,"k":[0,0],"ix":1},"s":{"a":0,"k":[100,100],"ix":3},"r":{"a":0,"k":0,"ix":6},"o":{"a":0,"k":100,"ix":7},"sk":{"a":0,"k":0,"ix":4},"sa":{"a":0,"k":0,"ix":5},"nm":"Transform"}],"nm":"Group 16","np":2,"cix":2,"bm":0,"ix":16,"mn":"ADBE Vector Group","hd":false},{"ty":"gr","it":[{"ind":0,"ty":"sh","ix":1,"ks":{"a":0,"k":{"i":[[0,0],[0,0],[0,0],[0,0],[0,0],[0,0],[0,0],[0,0],[0,0],[0,0],[0,0]],"o":[[0,0],[0,0],[0,0],[0,0],[0,0],[0,0],[0,0],[0,0],[0,0],[0,0],[0,0]],"v":[[-4.715,17.309],[-0.527,17.309],[-0.527,-14.288],[-9.274,-9.53],[-9.274,-15.485],[2.749,-22.209],[5.029,-22.209],[5.029,17.309],[9.274,17.309],[9.274,22.209],[-4.715,22.209]],"c":true},"ix":2},"nm":"Path 1","mn":"ADBE Vector Shape - Group","hd":false},{"ty":"fl","c":{"a":0,"k":[1,1,1,1],"ix":4},"o":{"a":0,"k":100,"ix":5},"r":1,"bm":0,"nm":"Fill 1","mn":"ADBE Vector Graphic - Fill","hd":false},{"ty":"tr","p":{"a":0,"k":[357.488,22.459],"ix":2},"a":{"a":0,"k":[0,0],"ix":1},"s":{"a":0,"k":[100,100],"ix":3},"r":{"a":0,"k":0,"ix":6},"o":{"a":0,"k":100,"ix":7},"sk":{"a":0,"k":0,"ix":4},"sa":{"a":0,"k":0,"ix":5},"nm":"Transform"}],"nm":"Group 17","np":2,"cix":2,"bm":0,"ix":17,"mn":"ADBE Vector Group","hd":false},{"ty":"gr","it":[{"ind":0,"ty":"sh","ix":1,"ks":{"a":0,"k":{"i":[[0,0],[0,0],[0,0],[0,0],[0,0],[0,0],[0,0],[0,0],[0,0],[0,0],[0,0],[0,0],[0,0],[0,0],[0,0],[0,0],[0,0],[0,0],[0,0],[0,0],[0,0],[0,0],[0,0],[0,0],[0,0],[0,0],[0,0],[0,0]],"o":[[0,0],[0,0],[0,0],[0,0],[0,0],[0,0],[0,0],[0,0],[0,0],[0,0],[0,0],[0,0],[0,0],[0,0],[0,0],[0,0],[0,0],[0,0],[0,0],[0,0],[0,0],[0,0],[0,0],[0,0],[0,0],[0,0],[0,0],[0,0]],"v":[[8.163,-21.597],[22.18,-21.597],[22.18,-16.696],[18.077,-16.696],[18.077,16.697],[22.18,16.697],[22.18,21.597],[8.163,21.597],[8.163,16.697],[12.493,16.697],[12.493,1.168],[-12.493,1.168],[-12.493,16.697],[-8.164,16.697],[-8.164,21.597],[-22.181,21.597],[-22.181,16.697],[-18.079,16.697],[-18.079,-16.696],[-22.181,-16.696],[-22.181,-21.597],[-8.164,-21.597],[-8.164,-16.696],[-12.493,-16.696],[-12.493,-3.618],[12.493,-3.618],[12.493,-16.696],[8.163,-16.696]],"c":true},"ix":2},"nm":"Path 1","mn":"ADBE Vector Shape - Group","hd":false},{"ty":"fl","c":{"a":0,"k":[1,1,1,1],"ix":4},"o":{"a":0,"k":100,"ix":5},"r":1,"bm":0,"nm":"Fill 1","mn":"ADBE Vector Graphic - Fill","hd":false},{"ty":"tr","p":{"a":0,"k":[319.624,23.072],"ix":2},"a":{"a":0,"k":[0,0],"ix":1},"s":{"a":0,"k":[100,100],"ix":3},"r":{"a":0,"k":0,"ix":6},"o":{"a":0,"k":100,"ix":7},"sk":{"a":0,"k":0,"ix":4},"sa":{"a":0,"k":0,"ix":5},"nm":"Transform"}],"nm":"Group 47","np":2,"cix":2,"bm":0,"ix":18,"mn":"ADBE Vector Group","hd":false},{"ty":"gr","it":[{"ind":0,"ty":"sh","ix":1,"ks":{"a":0,"k":{"i":[[0,0],[0,0],[0,0],[0,0],[0,0],[0,0],[0,0],[0,0],[0,0],[0,0],[0,0],[0,0],[0,0],[0,0],[0,0],[0,0],[0,0],[0,0],[0,0],[0,0],[0,0],[0,0],[0,0],[0,0],[0,0],[0,0],[0,0],[0,0]],"o":[[0,0],[0,0],[0,0],[0,0],[0,0],[0,0],[0,0],[0,0],[0,0],[0,0],[0,0],[0,0],[0,0],[0,0],[0,0],[0,0],[0,0],[0,0],[0,0],[0,0],[0,0],[0,0],[0,0],[0,0],[0,0],[0,0],[0,0],[0,0]],"v":[[8.163,-21.597],[22.18,-21.597],[22.18,-16.696],[18.077,-16.696],[18.077,16.697],[22.18,16.697],[22.18,21.597],[8.163,21.597],[8.163,16.697],[12.493,16.697],[12.493,1.168],[-12.493,1.168],[-12.493,16.697],[-8.164,16.697],[-8.164,21.597],[-22.181,21.597],[-22.181,16.697],[-18.079,16.697],[-18.079,-16.696],[-22.181,-16.696],[-22.181,-21.597],[-8.164,-21.597],[-8.164,-16.696],[-12.493,-16.696],[-12.493,-3.618],[12.493,-3.618],[12.493,-16.696],[8.163,-16.696]],"c":true},"ix":2},"nm":"Path 1","mn":"ADBE Vector Shape - Group","hd":false},{"ty":"fl","c":{"a":0,"k":[1,1,1,1],"ix":4},"o":{"a":0,"k":100,"ix":5},"r":1,"bm":0,"nm":"Fill 1","mn":"ADBE Vector Graphic - Fill","hd":false},{"ty":"tr","p":{"a":0,"k":[251.624,23.072],"ix":2},"a":{"a":0,"k":[0,0],"ix":1},"s":{"a":0,"k":[100,100],"ix":3},"r":{"a":0,"k":0,"ix":6},"o":{"a":0,"k":100,"ix":7},"sk":{"a":0,"k":0,"ix":4},"sa":{"a":0,"k":0,"ix":5},"nm":"Transform"}],"nm":"Group 18","np":2,"cix":2,"bm":0,"ix":19,"mn":"ADBE Vector Group","hd":false},{"ty":"gr","it":[{"ind":0,"ty":"sh","ix":1,"ks":{"a":0,"k":{"i":[[0.607,0.836],[0.731,0.446],[0.873,0.238],[0.874,0],[1.083,-0.332],[0.712,-0.569],[0.36,-0.76],[0,-0.836],[-0.447,-0.769],[-0.683,-0.465],[-0.826,-0.266],[-0.759,-0.266],[0,0],[-1.321,-0.703],[-0.893,-0.959],[-0.466,-1.254],[0,-1.652],[0.731,-1.519],[1.31,-1.12],[1.813,-0.636],[2.165,0],[1.576,0.504],[1.073,0.846],[0.646,1.082],[0.36,1.14],[0,0],[0,0],[0,0],[-0.446,-0.873],[-0.797,-0.579],[-1.101,-0.295],[-1.329,0],[-1.036,0.304],[-0.732,0.58],[-0.389,0.826],[0,1.045],[0.484,0.807],[0.759,0.57],[0.902,0.361],[0.835,0.267],[0,0],[1.129,0.646],[0.806,0.931],[0.436,1.244],[0,1.634],[-0.646,1.444],[-1.254,1.083],[-1.814,0.617],[-2.336,0],[-1.301,-0.36],[-1.054,-0.655],[-0.807,-0.921],[-0.551,-1.101],[0,0],[0,0],[0,0]],"o":[[-0.608,-0.835],[-0.731,-0.446],[-0.874,-0.237],[-1.443,0],[-1.083,0.332],[-0.712,0.57],[-0.361,0.759],[0,1.253],[0.445,0.769],[0.684,0.466],[0.827,0.266],[0,0],[1.728,0.551],[1.32,0.703],[0.892,0.959],[0.465,1.253],[0,1.786],[-0.731,1.52],[-1.312,1.122],[-1.814,0.637],[-2.223,0],[-1.578,-0.503],[-1.073,-0.845],[-0.646,-1.083],[0,0],[0,0],[0,0],[0,2.108],[0.446,0.874],[0.798,0.58],[1.102,0.294],[1.292,0],[1.035,-0.304],[0.731,-0.579],[0.389,-0.827],[0,-1.158],[-0.484,-0.807],[-0.76,-0.57],[-0.903,-0.361],[0,0],[-1.368,-0.417],[-1.131,-0.646],[-0.808,-0.93],[-0.438,-1.244],[0,-1.652],[0.645,-1.443],[1.254,-1.083],[1.814,-0.617],[1.539,0],[1.301,0.361],[1.054,0.656],[0.807,0.922],[0,0],[0,0],[0,0],[0,-1.671]],"v":[[7.565,-13.776],[5.556,-15.699],[3.148,-16.725],[0.526,-17.081],[-3.263,-16.582],[-5.954,-15.229],[-7.565,-13.234],[-8.105,-10.841],[-7.435,-7.807],[-5.741,-5.955],[-3.477,-4.858],[-1.098,-4.06],[4.659,-2.18],[9.232,-0.299],[12.551,2.194],[14.587,5.513],[15.285,9.872],[14.189,14.829],[11.126,18.789],[6.44,21.425],[0.47,22.38],[-5.228,21.624],[-9.203,19.602],[-11.781,16.71],[-13.29,13.376],[-15.457,13.376],[-15.457,8.476],[-8.276,8.476],[-7.608,12.949],[-5.741,15.128],[-2.892,16.44],[0.754,16.881],[4.246,16.425],[6.896,15.1],[8.576,12.992],[9.159,10.185],[8.434,7.237],[6.568,5.171],[4.074,3.775],[1.467,2.834],[-4.772,1.068],[-8.518,-0.527],[-11.424,-2.892],[-13.29,-6.154],[-13.947,-10.471],[-12.978,-15.115],[-10.129,-18.904],[-5.527,-21.454],[0.698,-22.38],[4.957,-21.839],[8.491,-20.315],[11.283,-17.95],[13.319,-14.916],[15.457,-14.916],[15.457,-10.015],[8.477,-10.015]],"c":true},"ix":2},"nm":"Path 1","mn":"ADBE Vector Shape - Group","hd":false},{"ty":"fl","c":{"a":0,"k":[1,1,1,1],"ix":4},"o":{"a":0,"k":100,"ix":5},"r":1,"bm":0,"nm":"Fill 1","mn":"ADBE Vector Graphic - Fill","hd":false},{"ty":"tr","p":{"a":0,"k":[207.866,23.229],"ix":2},"a":{"a":0,"k":[0,0],"ix":1},"s":{"a":0,"k":[100,100],"ix":3},"r":{"a":0,"k":0,"ix":6},"o":{"a":0,"k":100,"ix":7},"sk":{"a":0,"k":0,"ix":4},"sa":{"a":0,"k":0,"ix":5},"nm":"Transform"}],"nm":"Group 19","np":2,"cix":2,"bm":0,"ix":20,"mn":"ADBE Vector Group","hd":false},{"ty":"gr","it":[{"ind":0,"ty":"sh","ix":1,"ks":{"a":0,"k":{"i":[[0,0],[0,0],[0,0],[0,0],[0,0],[0,0],[0,0],[0,0],[0,0],[0,0],[0,0],[0,0]],"o":[[0,0],[0,0],[0,0],[0,0],[0,0],[0,0],[0,0],[0,0],[0,0],[0,0],[0,0],[0,0]],"v":[[-6.895,-21.597],[6.895,-21.597],[6.895,-16.668],[2.792,-16.668],[2.792,16.697],[6.895,16.697],[6.895,21.597],[-6.895,21.597],[-6.895,16.697],[-2.792,16.697],[-2.792,-16.668],[-6.895,-16.668]],"c":true},"ix":2},"nm":"Path 1","mn":"ADBE Vector Shape - Group","hd":false},{"ty":"fl","c":{"a":0,"k":[1,1,1,1],"ix":4},"o":{"a":0,"k":100,"ix":5},"r":1,"bm":0,"nm":"Fill 1","mn":"ADBE Vector Graphic - Fill","hd":false},{"ty":"tr","p":{"a":0,"k":[179.161,23.072],"ix":2},"a":{"a":0,"k":[0,0],"ix":1},"s":{"a":0,"k":[100,100],"ix":3},"r":{"a":0,"k":0,"ix":6},"o":{"a":0,"k":100,"ix":7},"sk":{"a":0,"k":0,"ix":4},"sa":{"a":0,"k":0,"ix":5},"nm":"Transform"}],"nm":"Group 20","np":2,"cix":2,"bm":0,"ix":21,"mn":"ADBE Vector Group","hd":false},{"ty":"gr","it":[{"ind":0,"ty":"sh","ix":1,"ks":{"a":0,"k":{"i":[[0,0],[0,0],[0,0],[0,0],[0,0],[0,0],[-0.304,0.143],[-0.247,0.228],[-0.152,0.294],[0,0.303],[0,0],[0,0],[0,0],[0,0],[0,0],[0,0],[0,0],[0,0]],"o":[[0,0],[0,0],[0,0],[0,0],[0,0],[0.304,0],[0.303,-0.142],[0.247,-0.227],[0.152,-0.295],[0,0],[0,0],[0,0],[0,0],[0,0],[0,0],[0,0],[0,0],[0,0]],"v":[[-16.283,-21.597],[-2.265,-21.597],[-2.265,-16.668],[-6.596,-16.668],[-6.596,16.697],[8.305,16.697],[9.217,16.483],[10.043,15.926],[10.641,15.144],[10.869,14.246],[10.869,8.803],[16.282,8.803],[16.282,21.597],[-16.283,21.597],[-16.283,16.697],[-12.18,16.697],[-12.18,-16.668],[-16.283,-16.668]],"c":true},"ix":2},"nm":"Path 1","mn":"ADBE Vector Shape - Group","hd":false},{"ty":"fl","c":{"a":0,"k":[1,1,1,1],"ix":4},"o":{"a":0,"k":100,"ix":5},"r":1,"bm":0,"nm":"Fill 1","mn":"ADBE Vector Graphic - Fill","hd":false},{"ty":"tr","p":{"a":0,"k":[151.624,23.072],"ix":2},"a":{"a":0,"k":[0,0],"ix":1},"s":{"a":0,"k":[100,100],"ix":3},"r":{"a":0,"k":0,"ix":6},"o":{"a":0,"k":100,"ix":7},"sk":{"a":0,"k":0,"ix":4},"sa":{"a":0,"k":0,"ix":5},"nm":"Transform"}],"nm":"Group 21","np":2,"cix":2,"bm":0,"ix":22,"mn":"ADBE Vector Group","hd":false},{"ty":"gr","it":[{"ind":0,"ty":"sh","ix":1,"ks":{"a":0,"k":{"i":[[0,0],[0,0],[1.083,-1.111],[1.329,-0.722],[1.509,-0.361],[1.557,0],[2.374,0.939],[1.927,2.051],[1.015,2.812],[0,3.059],[-1.017,2.735],[-1.833,2.032],[-2.535,1.159],[-2.963,0],[-1.966,-0.778],[-1.396,-1.111],[-0.836,-1.006],[0,0],[0,0],[0,0],[2.098,1.254],[2.602,-0.038],[1.823,-0.931],[1.301,-1.576],[0.722,-2.051],[0,-2.279],[-0.798,-2.165],[-1.235,-1.348],[-1.814,-0.883],[-2.203,0],[-2.336,1.777],[-0.931,3.761],[0,0],[0,0],[0,0],[0,0]],"o":[[0,0],[-0.722,1.501],[-1.083,1.111],[-1.33,0.722],[-1.511,0.36],[-2.812,0],[-2.375,-0.941],[-1.928,-2.051],[-1.017,-2.811],[0,-3.077],[1.015,-2.735],[1.833,-2.033],[2.536,-1.158],[2.736,0],[1.966,0.78],[1.396,1.112],[0,0],[0,0],[0,0],[-1.273,-2.165],[-2.099,-1.254],[-2.185,0],[-1.823,0.931],[-1.301,1.577],[-0.722,2.051],[0,2.527],[0.798,2.166],[1.234,1.35],[1.814,0.884],[3.647,0],[2.336,-1.776],[0,0],[0,0],[0,0],[0,0],[0,0]],"v":[[15.03,22.024],[15.03,13.362],[12.323,17.28],[8.704,20.03],[4.445,21.654],[-0.157,22.195],[-7.935,20.785],[-14.388,16.297],[-18.804,9.003],[-20.329,0.199],[-18.804,-8.519],[-14.531,-15.67],[-7.978,-20.457],[0.271,-22.195],[7.323,-21.027],[12.366,-18.192],[15.714,-15.015],[18.477,-15.015],[18.477,-9.944],[12.352,-9.944],[7.295,-15.072],[0.243,-16.895],[-5.77,-15.499],[-10.457,-11.739],[-13.491,-6.297],[-14.574,0.199],[-13.377,7.236],[-10.328,12.507],[-5.756,15.855],[0.271,17.18],[9.245,14.516],[14.146,6.211],[2.066,6.211],[2.066,1.311],[20.329,1.311],[20.329,22.024]],"c":true},"ix":2},"nm":"Path 1","mn":"ADBE Vector Shape - Group","hd":false},{"ty":"fl","c":{"a":0,"k":[1,1,1,1],"ix":4},"o":{"a":0,"k":100,"ix":5},"r":1,"bm":0,"nm":"Fill 1","mn":"ADBE Vector Graphic - Fill","hd":false},{"ty":"tr","p":{"a":0,"k":[105.697,22.815],"ix":2},"a":{"a":0,"k":[0,0],"ix":1},"s":{"a":0,"k":[100,100],"ix":3},"r":{"a":0,"k":0,"ix":6},"o":{"a":0,"k":100,"ix":7},"sk":{"a":0,"k":0,"ix":4},"sa":{"a":0,"k":0,"ix":5},"nm":"Transform"}],"nm":"Group 22","np":2,"cix":2,"bm":0,"ix":23,"mn":"ADBE Vector Group","hd":false},{"ty":"gr","it":[{"ind":0,"ty":"sh","ix":1,"ks":{"a":0,"k":{"i":[[0,0],[0,0],[0,0],[0,0],[0,0],[0,0],[0,0],[0,0],[0,0],[0,0],[0,0],[0,0],[0,0],[0,0],[0,0],[0,0],[0,0],[0,0],[0,0],[0,0],[0,0]],"o":[[0,0],[0,0],[0,0],[0,0],[0,0],[0,0],[0,0],[0,0],[0,0],[0,0],[0,0],[0,0],[0,0],[0,0],[0,0],[0,0],[0,0],[0,0],[0,0],[0,0],[0,0]],"v":[[6.354,-21.568],[20.372,-21.568],[20.372,-16.639],[16.696,-16.639],[16.696,21.625],[9.403,21.625],[-10.685,-14.189],[-10.685,16.725],[-6.24,16.725],[-6.24,21.625],[-20.257,21.625],[-20.257,16.725],[-16.269,16.725],[-16.269,-16.639],[-20.372,-16.639],[-20.372,-21.625],[-8.747,-21.625],[10.969,13.847],[11.198,12.479],[11.198,-16.639],[6.354,-16.639]],"c":true},"ix":2},"nm":"Path 1","mn":"ADBE Vector Shape - Group","hd":false},{"ty":"fl","c":{"a":0,"k":[1,1,1,1],"ix":4},"o":{"a":0,"k":100,"ix":5},"r":1,"bm":0,"nm":"Fill 1","mn":"ADBE Vector Graphic - Fill","hd":false},{"ty":"tr","p":{"a":0,"k":[61.492,23.043],"ix":2},"a":{"a":0,"k":[0,0],"ix":1},"s":{"a":0,"k":[100,100],"ix":3},"r":{"a":0,"k":0,"ix":6},"o":{"a":0,"k":100,"ix":7},"sk":{"a":0,"k":0,"ix":4},"sa":{"a":0,"k":0,"ix":5},"nm":"Transform"}],"nm":"Group 23","np":2,"cix":2,"bm":0,"ix":24,"mn":"ADBE Vector Group","hd":false},{"ty":"gr","it":[{"ind":0,"ty":"sh","ix":1,"ks":{"a":0,"k":{"i":[[0,0],[0,0],[0,0],[0,0],[0,0],[0,0],[0,0],[0,0],[0,0],[0,0],[0,0],[0,0],[0,0],[0,0],[0,0],[0,0],[0,0],[0,0],[0,0],[0,0]],"o":[[0,0],[0,0],[0,0],[0,0],[0,0],[0,0],[0,0],[0,0],[0,0],[0,0],[0,0],[0,0],[0,0],[0,0],[0,0],[0,0],[0,0],[0,0],[0,0],[0,0]],"v":[[-15.471,-21.597],[15.471,-21.597],[15.471,-9.374],[9.631,-9.374],[9.631,-16.668],[-5.784,-16.668],[-5.784,-2.848],[7.18,-2.848],[7.18,2.051],[-5.784,2.051],[-5.784,16.697],[9.631,16.697],[9.631,9.402],[15.471,9.402],[15.471,21.597],[-15.471,21.597],[-15.471,16.697],[-11.368,16.697],[-11.368,-16.668],[-15.471,-16.668]],"c":true},"ix":2},"nm":"Path 1","mn":"ADBE Vector Shape - Group","hd":false},{"ty":"fl","c":{"a":0,"k":[1,1,1,1],"ix":4},"o":{"a":0,"k":100,"ix":5},"r":1,"bm":0,"nm":"Fill 1","mn":"ADBE Vector Graphic - Fill","hd":false},{"ty":"tr","p":{"a":0,"k":[19.952,23.072],"ix":2},"a":{"a":0,"k":[0,0],"ix":1},"s":{"a":0,"k":[100,100],"ix":3},"r":{"a":0,"k":0,"ix":6},"o":{"a":0,"k":100,"ix":7},"sk":{"a":0,"k":0,"ix":4},"sa":{"a":0,"k":0,"ix":5},"nm":"Transform"}],"nm":"Group 24","np":2,"cix":2,"bm":0,"ix":25,"mn":"ADBE Vector Group","hd":false},{"ty":"gr","it":[{"ind":0,"ty":"sh","ix":1,"ks":{"a":0,"k":{"i":[[0,0],[0,0],[0,0],[0,0],[0,0],[0,0],[0,0],[0,0],[0,0],[0,0],[0,0],[0,0]],"o":[[0,0],[0,0],[0,0],[0,0],[0,0],[0,0],[0,0],[0,0],[0,0],[0,0],[0,0],[0,0]],"v":[[7.03,10.214],[-7.03,10.214],[-7.03,-10.214],[6.745,-10.214],[6.745,-7.294],[-3.611,-7.294],[-3.611,-1.567],[5.577,-1.567],[5.577,1.254],[-3.611,1.254],[-3.611,7.294],[7.03,7.294]],"c":true},"ix":2},"nm":"Path 1","mn":"ADBE Vector Shape - Group","hd":false},{"ty":"fl","c":{"a":0,"k":[1,1,1,1],"ix":4},"o":{"a":0,"k":100,"ix":5},"r":1,"bm":0,"nm":"Fill 1","mn":"ADBE Vector Graphic - Fill","hd":false},{"ty":"tr","p":{"a":0,"k":[155.306,225.883],"ix":2},"a":{"a":0,"k":[0,0],"ix":1},"s":{"a":0,"k":[100,100],"ix":3},"r":{"a":0,"k":0,"ix":6},"o":{"a":0,"k":100,"ix":7},"sk":{"a":0,"k":0,"ix":4},"sa":{"a":0,"k":0,"ix":5},"nm":"Transform"}],"nm":"Group 25","np":2,"cix":2,"bm":0,"ix":26,"mn":"ADBE Vector Group","hd":false},{"ty":"gr","it":[{"ind":0,"ty":"sh","ix":1,"ks":{"a":0,"k":{"i":[[0,1.13],[0.683,0.57],[1.197,0],[0,0],[0,0],[0,0],[-0.703,0.703]],"o":[[0,-0.959],[-0.684,-0.569],[0,0],[0,0],[0,0],[1.158,0],[0.702,-0.702]],"v":[[4.302,-4.174],[3.277,-6.468],[0.456,-7.322],[-4.359,-7.322],[-4.359,-0.37],[0.456,-0.37],[3.248,-1.425]],"c":true},"ix":2},"nm":"Path 1","mn":"ADBE Vector Shape - Group","hd":false},{"ind":1,"ty":"sh","ix":2,"ks":{"a":0,"k":{"i":[[-0.114,-2.174],[0,0],[0,0],[0,0],[0.565,0.413],[1.197,0],[0,0],[0,0],[0,0],[0,0],[0,0],[-1.273,-1.073],[0,-1.672],[0.574,-0.935],[1.034,-0.541]],"o":[[0,0],[0,0],[0,0],[-0.057,-0.883],[-0.565,-0.413],[0,0],[0,0],[0,0],[0,0],[0,0],[2.128,0],[1.311,1.055],[0,1.15],[-0.574,0.936],[1.87,0.617]],"v":[[7.479,5.014],[7.778,10.214],[4.359,10.214],[4.06,5.014],[3.127,3.07],[0.484,2.45],[-4.359,2.45],[-4.359,10.214],[-7.778,10.214],[-7.778,-10.214],[0.712,-10.214],[5.812,-8.605],[7.778,-4.516],[6.916,-1.389],[4.502,0.826]],"c":true},"ix":2},"nm":"Path 2","mn":"ADBE Vector Shape - Group","hd":false},{"ty":"mm","mm":1,"nm":"Merge Paths 1","mn":"ADBE Vector Filter - Merge","hd":false},{"ty":"fl","c":{"a":0,"k":[1,1,1,1],"ix":4},"o":{"a":0,"k":100,"ix":5},"r":1,"bm":0,"nm":"Fill 1","mn":"ADBE Vector Graphic - Fill","hd":false},{"ty":"tr","p":{"a":0,"k":[136.282,225.883],"ix":2},"a":{"a":0,"k":[0,0],"ix":1},"s":{"a":0,"k":[100,100],"ix":3},"r":{"a":0,"k":0,"ix":6},"o":{"a":0,"k":100,"ix":7},"sk":{"a":0,"k":0,"ix":4},"sa":{"a":0,"k":0,"ix":5},"nm":"Transform"}],"nm":"Group 26","np":4,"cix":2,"bm":0,"ix":27,"mn":"ADBE Vector Group","hd":false},{"ty":"gr","it":[{"ind":0,"ty":"sh","ix":1,"ks":{"a":0,"k":{"i":[[0,0],[0,0],[0,0],[0,0],[0,0],[0,0],[0,0],[0,0],[0,0],[0,0],[0,0],[0,0]],"o":[[0,0],[0,0],[0,0],[0,0],[0,0],[0,0],[0,0],[0,0],[0,0],[0,0],[0,0],[0,0]],"v":[[7.03,10.214],[-7.03,10.214],[-7.03,-10.214],[6.745,-10.214],[6.745,-7.294],[-3.611,-7.294],[-3.611,-1.567],[5.577,-1.567],[5.577,1.254],[-3.611,1.254],[-3.611,7.294],[7.03,7.294]],"c":true},"ix":2},"nm":"Path 1","mn":"ADBE Vector Shape - Group","hd":false},{"ty":"fl","c":{"a":0,"k":[1,1,1,1],"ix":4},"o":{"a":0,"k":100,"ix":5},"r":1,"bm":0,"nm":"Fill 1","mn":"ADBE Vector Graphic - Fill","hd":false},{"ty":"tr","p":{"a":0,"k":[117.684,225.883],"ix":2},"a":{"a":0,"k":[0,0],"ix":1},"s":{"a":0,"k":[100,100],"ix":3},"r":{"a":0,"k":0,"ix":6},"o":{"a":0,"k":100,"ix":7},"sk":{"a":0,"k":0,"ix":4},"sa":{"a":0,"k":0,"ix":5},"nm":"Transform"}],"nm":"Group 27","np":2,"cix":2,"bm":0,"ix":28,"mn":"ADBE Vector Group","hd":false},{"ty":"gr","it":[{"ind":0,"ty":"sh","ix":1,"ks":{"a":0,"k":{"i":[[0,0],[0,0],[0,0],[0,0],[0,0],[0,0],[0,0],[0,0],[0,0],[0,0],[0,0],[0,0]],"o":[[0,0],[0,0],[0,0],[0,0],[0,0],[0,0],[0,0],[0,0],[0,0],[0,0],[0,0],[0,0]],"v":[[-4.723,10.214],[-8.142,10.214],[-8.142,-10.214],[-4.723,-10.214],[-4.723,-1.724],[4.723,-1.724],[4.723,-10.214],[8.142,-10.214],[8.142,10.214],[4.723,10.214],[4.723,1.254],[-4.723,1.254]],"c":true},"ix":2},"nm":"Path 1","mn":"ADBE Vector Shape - Group","hd":false},{"ty":"fl","c":{"a":0,"k":[1,1,1,1],"ix":4},"o":{"a":0,"k":100,"ix":5},"r":1,"bm":0,"nm":"Fill 1","mn":"ADBE Vector Graphic - Fill","hd":false},{"ty":"tr","p":{"a":0,"k":[97.683,225.883],"ix":2},"a":{"a":0,"k":[0,0],"ix":1},"s":{"a":0,"k":[100,100],"ix":3},"r":{"a":0,"k":0,"ix":6},"o":{"a":0,"k":100,"ix":7},"sk":{"a":0,"k":0,"ix":4},"sa":{"a":0,"k":0,"ix":5},"nm":"Transform"}],"nm":"Group 28","np":2,"cix":2,"bm":0,"ix":29,"mn":"ADBE Vector Group","hd":false},{"ty":"gr","it":[{"ind":0,"ty":"sh","ix":1,"ks":{"a":0,"k":{"i":[[2.232,0],[1.472,1.187],[0.029,2.062],[0,0],[-0.836,-0.731],[-1.52,0],[-0.708,0.584],[0,0.989],[0.484,0.437],[1.206,0.247],[0,0],[0,3.134],[-1.321,1.12],[-2.165,0],[-1.33,-1.064],[-0.181,-1.842],[0,0],[2.479,0],[0.66,-0.523],[0,-0.883],[-0.465,-0.466],[-1.026,-0.189],[0,0],[-0.931,-0.931],[0,-1.529],[1.386,-1.215]],"o":[[-2.536,0],[-1.49,-1.205],[0,0],[0.057,1.395],[0.836,0.731],[1.225,0],[0.707,-0.584],[0,-0.806],[-0.484,-0.436],[0,0],[-3.79,-0.778],[0,-1.614],[1.301,-1.131],[2.194,0],[1.329,1.064],[0,0],[-0.257,-2.375],[-1.168,0],[-0.661,0.522],[0,0.826],[0.466,0.465],[0,0],[1.909,0.361],[0.931,0.931],[0,1.805],[-1.358,1.187]],"v":[[0.413,10.563],[-5.599,8.782],[-7.878,3.881],[-4.459,3.498],[-3.12,6.688],[0.413,7.785],[3.312,6.909],[4.373,4.551],[3.647,2.685],[1.111,1.66],[-1.581,1.104],[-7.265,-4.765],[-5.285,-8.868],[-0.086,-10.563],[5.2,-8.968],[7.465,-4.609],[3.989,-4.238],[-0.114,-7.799],[-2.856,-7.016],[-3.846,-4.908],[-3.149,-2.97],[-0.912,-1.988],[2.222,-1.375],[6.482,0.563],[7.878,4.252],[5.798,8.782]],"c":true},"ix":2},"nm":"Path 1","mn":"ADBE Vector Shape - Group","hd":false},{"ty":"fl","c":{"a":0,"k":[1,1,1,1],"ix":4},"o":{"a":0,"k":100,"ix":5},"r":1,"bm":0,"nm":"Fill 1","mn":"ADBE Vector Graphic - Fill","hd":false},{"ty":"tr","p":{"a":0,"k":[71.649,225.891],"ix":2},"a":{"a":0,"k":[0,0],"ix":1},"s":{"a":0,"k":[100,100],"ix":3},"r":{"a":0,"k":0,"ix":6},"o":{"a":0,"k":100,"ix":7},"sk":{"a":0,"k":0,"ix":4},"sa":{"a":0,"k":0,"ix":5},"nm":"Transform"}],"nm":"Group 29","np":2,"cix":2,"bm":0,"ix":30,"mn":"ADBE Vector Group","hd":false},{"ty":"gr","it":[{"ind":0,"ty":"sh","ix":1,"ks":{"a":0,"k":{"i":[[0,0],[0,0],[0,0],[0,0],[0,0],[0,0],[0,0],[0,0],[0,0],[0,0],[0,0],[0,0]],"o":[[0,0],[0,0],[0,0],[0,0],[0,0],[0,0],[0,0],[0,0],[0,0],[0,0],[0,0],[0,0]],"v":[[7.03,10.214],[-7.03,10.214],[-7.03,-10.214],[6.745,-10.214],[6.745,-7.294],[-3.611,-7.294],[-3.611,-1.567],[5.577,-1.567],[5.577,1.254],[-3.611,1.254],[-3.611,7.294],[7.03,7.294]],"c":true},"ix":2},"nm":"Path 1","mn":"ADBE Vector Shape - Group","hd":false},{"ty":"fl","c":{"a":0,"k":[1,1,1,1],"ix":4},"o":{"a":0,"k":100,"ix":5},"r":1,"bm":0,"nm":"Fill 1","mn":"ADBE Vector Graphic - Fill","hd":false},{"ty":"tr","p":{"a":0,"k":[54.205,225.883],"ix":2},"a":{"a":0,"k":[0,0],"ix":1},"s":{"a":0,"k":[100,100],"ix":3},"r":{"a":0,"k":0,"ix":6},"o":{"a":0,"k":100,"ix":7},"sk":{"a":0,"k":0,"ix":4},"sa":{"a":0,"k":0,"ix":5},"nm":"Transform"}],"nm":"Group 30","np":2,"cix":2,"bm":0,"ix":31,"mn":"ADBE Vector Group","hd":false},{"ty":"gr","it":[{"ind":0,"ty":"sh","ix":1,"ks":{"a":0,"k":{"i":[[1.125,-1.357],[0,-2.355],[-1.125,-1.362],[-1.966,0],[-1.131,1.364],[0,2.356],[1.129,1.358],[1.985,0]],"o":[[-1.125,1.358],[0,2.356],[1.125,1.364],[1.985,0],[1.129,-1.362],[0,-2.355],[-1.131,-1.357],[-1.966,0]],"v":[[-4.644,-5.578],[-6.332,-0.008],[-4.644,5.569],[-0.007,7.613],[4.666,5.569],[6.361,-0.008],[4.666,-5.578],[-0.007,-7.615]],"c":true},"ix":2},"nm":"Path 1","mn":"ADBE Vector Shape - Group","hd":false},{"ind":1,"ty":"sh","ix":2,"ks":{"a":0,"k":{"i":[[0,-3.2],[1.795,-1.937],[2.982,0],[1.785,1.928],[0,3.201],[-1.795,1.938],[-2.972,0],[-1.786,-1.927]],"o":[[0,3.182],[-1.786,1.928],[-2.991,0],[-1.777,-1.919],[0,-3.172],[1.785,-1.927],[2.982,0],[1.795,1.909]],"v":[[9.836,-0.008],[7.144,7.671],[-0.007,10.563],[-7.172,7.671],[-9.836,-0.008],[-7.144,-7.672],[-0.007,-10.563],[7.144,-7.672]],"c":true},"ix":2},"nm":"Path 2","mn":"ADBE Vector Shape - Group","hd":false},{"ty":"mm","mm":1,"nm":"Merge Paths 1","mn":"ADBE Vector Filter - Merge","hd":false},{"ty":"fl","c":{"a":0,"k":[1,1,1,1],"ix":4},"o":{"a":0,"k":100,"ix":5},"r":1,"bm":0,"nm":"Fill 1","mn":"ADBE Vector Graphic - Fill","hd":false},{"ty":"tr","p":{"a":0,"k":[33.535,225.891],"ix":2},"a":{"a":0,"k":[0,0],"ix":1},"s":{"a":0,"k":[100,100],"ix":3},"r":{"a":0,"k":0,"ix":6},"o":{"a":0,"k":100,"ix":7},"sk":{"a":0,"k":0,"ix":4},"sa":{"a":0,"k":0,"ix":5},"nm":"Transform"}],"nm":"Group 31","np":4,"cix":2,"bm":0,"ix":32,"mn":"ADBE Vector Group","hd":false},{"ty":"gr","it":[{"ind":0,"ty":"sh","ix":1,"ks":{"a":0,"k":{"i":[[1.358,0],[1.842,1.928],[0,3.105],[-1.852,1.966],[-3.105,0],[-1.581,-1.125],[-0.532,-2.061],[0,0],[2.944,0],[1.182,-1.368],[0,-2.394],[-1.225,-1.397],[-2.004,0],[-1.131,0.959],[0,1.434],[0,0],[0,0],[0,0],[0,0],[0,0],[0,0],[0,0],[1.111,-0.498]],"o":[[-2.963,0],[-1.814,-1.957],[0,-3.182],[1.832,-1.946],[2.374,0],[1.582,1.126],[0,0],[-0.883,-2.735],[-2.089,0],[-1.182,1.367],[0,2.241],[1.244,1.386],[1.804,0],[1.148,-0.978],[0,0],[0,0],[0,0],[0,0],[0,0],[0,0],[0,0],[-0.712,0.931],[-1.111,0.499]],"v":[[0.2,10.563],[-7.008,7.671],[-9.73,0.079],[-6.952,-7.643],[0.456,-10.563],[6.389,-8.875],[9.559,-4.096],[6.197,-3.512],[0.456,-7.615],[-4.452,-5.563],[-6.226,0.079],[-4.388,5.535],[0.484,7.614],[4.887,6.175],[6.611,2.557],[6.611,1.859],[0.712,1.859],[0.712,-0.848],[9.73,-0.848],[9.73,10.207],[6.639,10.207],[6.639,7.671],[3.904,9.815]],"c":true},"ix":2},"nm":"Path 1","mn":"ADBE Vector Shape - Group","hd":false},{"ty":"fl","c":{"a":0,"k":[1,1,1,1],"ix":4},"o":{"a":0,"k":100,"ix":5},"r":1,"bm":0,"nm":"Fill 1","mn":"ADBE Vector Graphic - Fill","hd":false},{"ty":"tr","p":{"a":0,"k":[10.821,225.891],"ix":2},"a":{"a":0,"k":[0,0],"ix":1},"s":{"a":0,"k":[100,100],"ix":3},"r":{"a":0,"k":0,"ix":6},"o":{"a":0,"k":100,"ix":7},"sk":{"a":0,"k":0,"ix":4},"sa":{"a":0,"k":0,"ix":5},"nm":"Transform"}],"nm":"Group 32","np":2,"cix":2,"bm":0,"ix":33,"mn":"ADBE Vector Group","hd":false},{"ty":"gr","it":[{"ind":0,"ty":"sh","ix":1,"ks":{"a":0,"k":{"i":[[1.358,0],[1.842,1.928],[0,3.105],[-1.852,1.966],[-3.105,0],[-1.581,-1.125],[-0.532,-2.061],[0,0],[2.944,0],[1.182,-1.368],[0,-2.394],[-1.225,-1.397],[-2.004,0],[-1.131,0.959],[0,1.434],[0,0],[0,0],[0,0],[0,0],[0,0],[0,0],[0,0],[1.111,-0.498]],"o":[[-2.963,0],[-1.814,-1.957],[0,-3.182],[1.832,-1.946],[2.374,0],[1.582,1.126],[0,0],[-0.883,-2.735],[-2.089,0],[-1.182,1.367],[0,2.241],[1.244,1.386],[1.804,0],[1.148,-0.978],[0,0],[0,0],[0,0],[0,0],[0,0],[0,0],[0,0],[-0.712,0.931],[-1.111,0.499]],"v":[[0.2,10.563],[-7.008,7.671],[-9.73,0.079],[-6.951,-7.643],[0.455,-10.563],[6.389,-8.875],[9.558,-4.096],[6.196,-3.512],[0.455,-7.615],[-4.451,-5.563],[-6.226,0.079],[-4.387,5.535],[0.484,7.614],[4.886,6.175],[6.61,2.557],[6.61,1.859],[0.712,1.859],[0.712,-0.848],[9.73,-0.848],[9.73,10.207],[6.639,10.207],[6.639,7.671],[3.903,9.815]],"c":true},"ix":2},"nm":"Path 1","mn":"ADBE Vector Shape - Group","hd":false},{"ty":"fl","c":{"a":0,"k":[1,1,1,1],"ix":4},"o":{"a":0,"k":100,"ix":5},"r":1,"bm":0,"nm":"Fill 1","mn":"ADBE Vector Graphic - Fill","hd":false},{"ty":"tr","p":{"a":0,"k":[245.189,190.881],"ix":2},"a":{"a":0,"k":[0,0],"ix":1},"s":{"a":0,"k":[100,100],"ix":3},"r":{"a":0,"k":0,"ix":6},"o":{"a":0,"k":100,"ix":7},"sk":{"a":0,"k":0,"ix":4},"sa":{"a":0,"k":0,"ix":5},"nm":"Transform"}],"nm":"Group 33","np":2,"cix":2,"bm":0,"ix":34,"mn":"ADBE Vector Group","hd":false},{"ty":"gr","it":[{"ind":0,"ty":"sh","ix":1,"ks":{"a":0,"k":{"i":[[0,0],[0,0],[0,0],[0,0],[0,0],[0,0],[0,0],[0,0],[0,0],[0,0]],"o":[[0,0],[0,0],[0,0],[0,0],[0,0],[0,0],[0,0],[0,0],[0,0],[0,0]],"v":[[-4.808,10.214],[-8.07,10.214],[-8.07,-10.214],[-4.309,-10.214],[4.794,4.174],[4.794,-10.214],[8.07,-10.214],[8.07,10.214],[5.092,10.214],[-4.808,-5.399]],"c":true},"ix":2},"nm":"Path 1","mn":"ADBE Vector Shape - Group","hd":false},{"ty":"fl","c":{"a":0,"k":[1,1,1,1],"ix":4},"o":{"a":0,"k":100,"ix":5},"r":1,"bm":0,"nm":"Fill 1","mn":"ADBE Vector Graphic - Fill","hd":false},{"ty":"tr","p":{"a":0,"k":[223.615,190.873],"ix":2},"a":{"a":0,"k":[0,0],"ix":1},"s":{"a":0,"k":[100,100],"ix":3},"r":{"a":0,"k":0,"ix":6},"o":{"a":0,"k":100,"ix":7},"sk":{"a":0,"k":0,"ix":4},"sa":{"a":0,"k":0,"ix":5},"nm":"Transform"}],"nm":"Group 34","np":2,"cix":2,"bm":0,"ix":35,"mn":"ADBE Vector Group","hd":false},{"ty":"gr","it":[{"ind":0,"ty":"sh","ix":1,"ks":{"a":0,"k":{"i":[[0,0],[0,0],[0,0],[0,0]],"o":[[0,0],[0,0],[0,0],[0,0]],"v":[[1.71,10.214],[-1.71,10.214],[-1.71,-10.214],[1.71,-10.214]],"c":true},"ix":2},"nm":"Path 1","mn":"ADBE Vector Shape - Group","hd":false},{"ty":"fl","c":{"a":0,"k":[1,1,1,1],"ix":4},"o":{"a":0,"k":100,"ix":5},"r":1,"bm":0,"nm":"Fill 1","mn":"ADBE Vector Graphic - Fill","hd":false},{"ty":"tr","p":{"a":0,"k":[209.005,190.873],"ix":2},"a":{"a":0,"k":[0,0],"ix":1},"s":{"a":0,"k":[100,100],"ix":3},"r":{"a":0,"k":0,"ix":6},"o":{"a":0,"k":100,"ix":7},"sk":{"a":0,"k":0,"ix":4},"sa":{"a":0,"k":0,"ix":5},"nm":"Transform"}],"nm":"Group 35","np":2,"cix":2,"bm":0,"ix":36,"mn":"ADBE Vector Group","hd":false},{"ty":"gr","it":[{"ind":0,"ty":"sh","ix":1,"ks":{"a":0,"k":{"i":[[0,2.279],[1.206,1.263],[2.023,0],[0,0],[0,0],[0,0],[-1.206,1.378]],"o":[[0,-2.127],[-1.206,-1.264],[0,0],[0,0],[0,0],[2.023,0],[1.206,-1.377]],"v":[[5.756,-0.285],[3.945,-5.37],[-0.898,-7.265],[-5.798,-7.265],[-5.798,7.266],[-0.898,7.266],[3.945,5.199]],"c":true},"ix":2},"nm":"Path 1","mn":"ADBE Vector Shape - Group","hd":false},{"ind":1,"ty":"sh","ix":2,"ks":{"a":0,"k":{"i":[[3.058,0],[0,0],[0,0],[0,0],[-1.824,-1.795],[0,-3.058],[1.842,-1.927]],"o":[[0,0],[0,0],[0,0],[3.096,0],[1.823,1.766],[0,3.144],[-1.843,1.928]],"v":[[-0.898,10.214],[-9.217,10.214],[-9.217,-10.214],[-0.898,-10.214],[6.482,-7.521],[9.217,-0.285],[6.454,7.322]],"c":true},"ix":2},"nm":"Path 2","mn":"ADBE Vector Shape - Group","hd":false},{"ty":"mm","mm":1,"nm":"Merge Paths 1","mn":"ADBE Vector Filter - Merge","hd":false},{"ty":"fl","c":{"a":0,"k":[1,1,1,1],"ix":4},"o":{"a":0,"k":100,"ix":5},"r":1,"bm":0,"nm":"Fill 1","mn":"ADBE Vector Graphic - Fill","hd":false},{"ty":"tr","p":{"a":0,"k":[194.261,190.873],"ix":2},"a":{"a":0,"k":[0,0],"ix":1},"s":{"a":0,"k":[100,100],"ix":3},"r":{"a":0,"k":0,"ix":6},"o":{"a":0,"k":100,"ix":7},"sk":{"a":0,"k":0,"ix":4},"sa":{"a":0,"k":0,"ix":5},"nm":"Transform"}],"nm":"Group 36","np":4,"cix":2,"bm":0,"ix":37,"mn":"ADBE Vector Group","hd":false},{"ty":"gr","it":[{"ind":0,"ty":"sh","ix":1,"ks":{"a":0,"k":{"i":[[0,0],[0,0],[0,0]],"o":[[0,0],[0,0],[0,0]],"v":[[-3.369,2.863],[3.198,2.863],[-0.05,-6.097]],"c":true},"ix":2},"nm":"Path 1","mn":"ADBE Vector Shape - Group","hd":false},{"ind":1,"ty":"sh","ix":2,"ks":{"a":0,"k":{"i":[[0,0],[0,0],[0,0],[0,0],[0,0],[0,0],[0,0],[0,0]],"o":[[0,0],[0,0],[0,0],[0,0],[0,0],[0,0],[0,0],[0,0]],"v":[[4.21,5.698],[-4.423,5.698],[-6.09,10.214],[-9.523,10.214],[-1.83,-10.214],[1.873,-10.214],[9.523,10.214],[5.848,10.214]],"c":true},"ix":2},"nm":"Path 2","mn":"ADBE Vector Shape - Group","hd":false},{"ty":"mm","mm":1,"nm":"Merge Paths 1","mn":"ADBE Vector Filter - Merge","hd":false},{"ty":"fl","c":{"a":0,"k":[1,1,1,1],"ix":4},"o":{"a":0,"k":100,"ix":5},"r":1,"bm":0,"nm":"Fill 1","mn":"ADBE Vector Graphic - Fill","hd":false},{"ty":"tr","p":{"a":0,"k":[172.672,190.874],"ix":2},"a":{"a":0,"k":[0,0],"ix":1},"s":{"a":0,"k":[100,100],"ix":3},"r":{"a":0,"k":0,"ix":6},"o":{"a":0,"k":100,"ix":7},"sk":{"a":0,"k":0,"ix":4},"sa":{"a":0,"k":0,"ix":5},"nm":"Transform"}],"nm":"Group 37","np":4,"cix":2,"bm":0,"ix":38,"mn":"ADBE Vector Group","hd":false},{"ty":"gr","it":[{"ind":0,"ty":"sh","ix":1,"ks":{"a":0,"k":{"i":[[0,0],[0,0],[0,0],[0,0],[0,0],[0,0],[0,0],[0,0],[0,0],[0,0],[0,0],[0,0]],"o":[[0,0],[0,0],[0,0],[0,0],[0,0],[0,0],[0,0],[0,0],[0,0],[0,0],[0,0],[0,0]],"v":[[7.03,10.214],[-7.03,10.214],[-7.03,-10.214],[6.745,-10.214],[6.745,-7.294],[-3.611,-7.294],[-3.611,-1.567],[5.577,-1.567],[5.577,1.254],[-3.611,1.254],[-3.611,7.294],[7.03,7.294]],"c":true},"ix":2},"nm":"Path 1","mn":"ADBE Vector Shape - Group","hd":false},{"ty":"fl","c":{"a":0,"k":[1,1,1,1],"ix":4},"o":{"a":0,"k":100,"ix":5},"r":1,"bm":0,"nm":"Fill 1","mn":"ADBE Vector Graphic - Fill","hd":false},{"ty":"tr","p":{"a":0,"k":[154.338,190.873],"ix":2},"a":{"a":0,"k":[0,0],"ix":1},"s":{"a":0,"k":[100,100],"ix":3},"r":{"a":0,"k":0,"ix":6},"o":{"a":0,"k":100,"ix":7},"sk":{"a":0,"k":0,"ix":4},"sa":{"a":0,"k":0,"ix":5},"nm":"Transform"}],"nm":"Group 38","np":2,"cix":2,"bm":0,"ix":39,"mn":"ADBE Vector Group","hd":false},{"ty":"gr","it":[{"ind":0,"ty":"sh","ix":1,"ks":{"a":0,"k":{"i":[[0,0],[0,0],[0,0],[0,0],[0,0],[0,0],[0,0],[0,0],[0,0],[0,0],[0,0],[0,0]],"o":[[0,0],[0,0],[0,0],[0,0],[0,0],[0,0],[0,0],[0,0],[0,0],[0,0],[0,0],[0,0]],"v":[[-4.722,10.214],[-8.141,10.214],[-8.141,-10.214],[-4.722,-10.214],[-4.722,-1.724],[4.723,-1.724],[4.723,-10.214],[8.142,-10.214],[8.142,10.214],[4.723,10.214],[4.723,1.254],[-4.722,1.254]],"c":true},"ix":2},"nm":"Path 1","mn":"ADBE Vector Shape - Group","hd":false},{"ty":"fl","c":{"a":0,"k":[1,1,1,1],"ix":4},"o":{"a":0,"k":100,"ix":5},"r":1,"bm":0,"nm":"Fill 1","mn":"ADBE Vector Graphic - Fill","hd":false},{"ty":"tr","p":{"a":0,"k":[134.337,190.873],"ix":2},"a":{"a":0,"k":[0,0],"ix":1},"s":{"a":0,"k":[100,100],"ix":3},"r":{"a":0,"k":0,"ix":6},"o":{"a":0,"k":100,"ix":7},"sk":{"a":0,"k":0,"ix":4},"sa":{"a":0,"k":0,"ix":5},"nm":"Transform"}],"nm":"Group 39","np":2,"cix":2,"bm":0,"ix":40,"mn":"ADBE Vector Group","hd":false},{"ty":"gr","it":[{"ind":0,"ty":"sh","ix":1,"ks":{"a":0,"k":{"i":[[0,0],[0,0],[0,0],[0,0]],"o":[[0,0],[0,0],[0,0],[0,0]],"v":[[3.825,1.411],[-3.825,1.411],[-3.825,-1.411],[3.825,-1.411]],"c":true},"ix":2},"nm":"Path 1","mn":"ADBE Vector Shape - Group","hd":false},{"ty":"fl","c":{"a":0,"k":[1,1,1,1],"ix":4},"o":{"a":0,"k":100,"ix":5},"r":1,"bm":0,"nm":"Fill 1","mn":"ADBE Vector Graphic - Fill","hd":false},{"ty":"tr","p":{"a":0,"k":[118.126,193.139],"ix":2},"a":{"a":0,"k":[0,0],"ix":1},"s":{"a":0,"k":[100,100],"ix":3},"r":{"a":0,"k":0,"ix":6},"o":{"a":0,"k":100,"ix":7},"sk":{"a":0,"k":0,"ix":4},"sa":{"a":0,"k":0,"ix":5},"nm":"Transform"}],"nm":"Group 40","np":2,"cix":2,"bm":0,"ix":41,"mn":"ADBE Vector Group","hd":false},{"ty":"gr","it":[{"ind":0,"ty":"sh","ix":1,"ks":{"a":0,"k":{"i":[[0,0.94],[0.579,0.546],[0.95,0],[0.665,-0.888],[-0.095,-1.681],[0,0],[-1.349,1.377],[-2.261,0],[-1.206,-1.092],[0,-1.738],[0.708,-1.225],[1.557,-1.396],[0,0],[0,0],[0,0],[0,0],[0,0],[0,0],[-0.484,0.849]],"o":[[0,-0.911],[-0.579,-0.545],[-1.329,0],[-0.665,0.889],[0,0],[-0.143,-2.374],[1.349,-1.377],[1.984,0],[1.187,1.073],[0,1.273],[-0.707,1.225],[0,0],[0,0],[0,0],[0,0],[0,0],[0,0],[1.12,-0.997],[0.485,-0.85]],"v":[[3.199,-4.431],[2.33,-6.617],[0.036,-7.436],[-2.956,-6.104],[-3.811,-2.25],[-7.13,-2.693],[-5.321,-8.319],[0.093,-10.384],[4.88,-8.746],[6.66,-4.53],[5.599,-0.784],[2.202,3.148],[-2.671,7.493],[7.273,7.493],[7.273,10.384],[-7.201,10.384],[-7.201,7.522],[0.064,1.026],[2.472,-1.745]],"c":true},"ix":2},"nm":"Path 1","mn":"ADBE Vector Shape - Group","hd":false},{"ty":"fl","c":{"a":0,"k":[1,1,1,1],"ix":4},"o":{"a":0,"k":100,"ix":5},"r":1,"bm":0,"nm":"Fill 1","mn":"ADBE Vector Graphic - Fill","hd":false},{"ty":"tr","p":{"a":0,"k":[104.634,190.702],"ix":2},"a":{"a":0,"k":[0,0],"ix":1},"s":{"a":0,"k":[100,100],"ix":3},"r":{"a":0,"k":0,"ix":6},"o":{"a":0,"k":100,"ix":7},"sk":{"a":0,"k":0,"ix":4},"sa":{"a":0,"k":0,"ix":5},"nm":"Transform"}],"nm":"Group 41","np":2,"cix":2,"bm":0,"ix":42,"mn":"ADBE Vector Group","hd":false},{"ty":"gr","it":[{"ind":0,"ty":"sh","ix":1,"ks":{"a":0,"k":{"i":[[0,0],[0,0],[0,0],[0,0],[0,0],[0,0],[0,0],[0,0],[0,0],[0,0],[0,0],[0,0]],"o":[[0,0],[0,0],[0,0],[0,0],[0,0],[0,0],[0,0],[0,0],[0,0],[0,0],[0,0],[0,0]],"v":[[-4.723,10.214],[-8.142,10.214],[-8.142,-10.214],[-4.723,-10.214],[-4.723,-1.724],[4.723,-1.724],[4.723,-10.214],[8.142,-10.214],[8.142,10.214],[4.723,10.214],[4.723,1.254],[-4.723,1.254]],"c":true},"ix":2},"nm":"Path 1","mn":"ADBE Vector Shape - Group","hd":false},{"ty":"fl","c":{"a":0,"k":[1,1,1,1],"ix":4},"o":{"a":0,"k":100,"ix":5},"r":1,"bm":0,"nm":"Fill 1","mn":"ADBE Vector Graphic - Fill","hd":false},{"ty":"tr","p":{"a":0,"k":[85.404,190.873],"ix":2},"a":{"a":0,"k":[0,0],"ix":1},"s":{"a":0,"k":[100,100],"ix":3},"r":{"a":0,"k":0,"ix":6},"o":{"a":0,"k":100,"ix":7},"sk":{"a":0,"k":0,"ix":4},"sa":{"a":0,"k":0,"ix":5},"nm":"Transform"}],"nm":"Group 42","np":2,"cix":2,"bm":0,"ix":43,"mn":"ADBE Vector Group","hd":false},{"ty":"gr","it":[{"ind":0,"ty":"sh","ix":1,"ks":{"a":0,"k":{"i":[[0,0],[0,0],[0,0],[0,0],[0,0],[0,0],[0,0],[0,0]],"o":[[0,0],[0,0],[0,0],[0,0],[0,0],[0,0],[0,0],[0,0]],"v":[[-7.921,-10.214],[7.921,-10.214],[7.921,-7.266],[1.739,-7.266],[1.739,10.214],[-1.71,10.214],[-1.71,-7.266],[-7.921,-7.266]],"c":true},"ix":2},"nm":"Path 1","mn":"ADBE Vector Shape - Group","hd":false},{"ty":"fl","c":{"a":0,"k":[1,1,1,1],"ix":4},"o":{"a":0,"k":100,"ix":5},"r":1,"bm":0,"nm":"Fill 1","mn":"ADBE Vector Graphic - Fill","hd":false},{"ty":"tr","p":{"a":0,"k":[60.922,190.874],"ix":2},"a":{"a":0,"k":[0,0],"ix":1},"s":{"a":0,"k":[100,100],"ix":3},"r":{"a":0,"k":0,"ix":6},"o":{"a":0,"k":100,"ix":7},"sk":{"a":0,"k":0,"ix":4},"sa":{"a":0,"k":0,"ix":5},"nm":"Transform"}],"nm":"Group 43","np":2,"cix":2,"bm":0,"ix":44,"mn":"ADBE Vector Group","hd":false},{"ty":"gr","it":[{"ind":0,"ty":"sh","ix":1,"ks":{"a":0,"k":{"i":[[0,0],[0,0],[0,0],[0,0],[0,0],[0,0],[0,0],[0,0],[0,0],[0,0],[0,0],[0,0]],"o":[[0,0],[0,0],[0,0],[0,0],[0,0],[0,0],[0,0],[0,0],[0,0],[0,0],[0,0],[0,0]],"v":[[-8.69,10.214],[-2.037,0],[-8.605,-10.214],[-4.672,-10.214],[-0.057,-2.792],[4.729,-10.214],[8.547,-10.214],[1.866,-0.086],[8.69,10.214],[4.644,10.214],[-0.143,2.807],[-4.787,10.214]],"c":true},"ix":2},"nm":"Path 1","mn":"ADBE Vector Shape - Group","hd":false},{"ty":"fl","c":{"a":0,"k":[1,1,1,1],"ix":4},"o":{"a":0,"k":100,"ix":5},"r":1,"bm":0,"nm":"Fill 1","mn":"ADBE Vector Graphic - Fill","hd":false},{"ty":"tr","p":{"a":0,"k":[43.5,190.873],"ix":2},"a":{"a":0,"k":[0,0],"ix":1},"s":{"a":0,"k":[100,100],"ix":3},"r":{"a":0,"k":0,"ix":6},"o":{"a":0,"k":100,"ix":7},"sk":{"a":0,"k":0,"ix":4},"sa":{"a":0,"k":0,"ix":5},"nm":"Transform"}],"nm":"Group 44","np":2,"cix":2,"bm":0,"ix":45,"mn":"ADBE Vector Group","hd":false},{"ty":"gr","it":[{"ind":0,"ty":"sh","ix":1,"ks":{"a":0,"k":{"i":[[0,0],[0,0],[0,0],[0,0],[0,0],[0,0],[0,0],[0,0],[0,0],[0,0],[0,0],[0,0]],"o":[[0,0],[0,0],[0,0],[0,0],[0,0],[0,0],[0,0],[0,0],[0,0],[0,0],[0,0],[0,0]],"v":[[7.03,10.214],[-7.03,10.214],[-7.03,-10.214],[6.745,-10.214],[6.745,-7.294],[-3.611,-7.294],[-3.611,-1.567],[5.577,-1.567],[5.577,1.254],[-3.611,1.254],[-3.611,7.294],[7.03,7.294]],"c":true},"ix":2},"nm":"Path 1","mn":"ADBE Vector Shape - Group","hd":false},{"ty":"fl","c":{"a":0,"k":[1,1,1,1],"ix":4},"o":{"a":0,"k":100,"ix":5},"r":1,"bm":0,"nm":"Fill 1","mn":"ADBE Vector Graphic - Fill","hd":false},{"ty":"tr","p":{"a":0,"k":[26.056,190.873],"ix":2},"a":{"a":0,"k":[0,0],"ix":1},"s":{"a":0,"k":[100,100],"ix":3},"r":{"a":0,"k":0,"ix":6},"o":{"a":0,"k":100,"ix":7},"sk":{"a":0,"k":0,"ix":4},"sa":{"a":0,"k":0,"ix":5},"nm":"Transform"}],"nm":"Group 45","np":2,"cix":2,"bm":0,"ix":46,"mn":"ADBE Vector Group","hd":false},{"ty":"gr","it":[{"ind":0,"ty":"sh","ix":1,"ks":{"a":0,"k":{"i":[[0,0],[0,0],[0,0],[0,0],[0,0],[0,0],[0,0],[0,0]],"o":[[0,0],[0,0],[0,0],[0,0],[0,0],[0,0],[0,0],[0,0]],"v":[[-7.921,-10.214],[7.921,-10.214],[7.921,-7.266],[1.738,-7.266],[1.738,10.214],[-1.71,10.214],[-1.71,-7.266],[-7.921,-7.266]],"c":true},"ix":2},"nm":"Path 1","mn":"ADBE Vector Shape - Group","hd":false},{"ty":"fl","c":{"a":0,"k":[1,1,1,1],"ix":4},"o":{"a":0,"k":100,"ix":5},"r":1,"bm":0,"nm":"Fill 1","mn":"ADBE Vector Graphic - Fill","hd":false},{"ty":"tr","p":{"a":0,"k":[8.171,190.874],"ix":2},"a":{"a":0,"k":[0,0],"ix":1},"s":{"a":0,"k":[100,100],"ix":3},"r":{"a":0,"k":0,"ix":6},"o":{"a":0,"k":100,"ix":7},"sk":{"a":0,"k":0,"ix":4},"sa":{"a":0,"k":0,"ix":5},"nm":"Transform"}],"nm":"Group 46","np":2,"cix":2,"bm":0,"ix":47,"mn":"ADBE Vector Group","hd":false}],"ip":0,"op":8250,"st":0,"bm":0},{"ddd":0,"ind":11,"ty":4,"nm":"Layer 8 Outlines","sr":1,"ks":{"o":{"a":0,"k":100,"ix":11},"r":{"a":0,"k":0,"ix":10},"p":{"a":0,"k":[539.998,960.016,0],"ix":2},"a":{"a":0,"k":[454.304,874.323,0],"ix":1},"s":{"a":0,"k":[100,100,100],"ix":6}},"ao":0,"shapes":[{"ty":"gr","it":[{"ind":0,"ty":"sh","ix":1,"ks":{"a":1,"k":[{"i":{"x":0.667,"y":1},"o":{"x":0.333,"y":0},"t":25,"s":[{"i":[[0,0],[0,0],[0,0],[0,0]],"o":[[0,0],[0,0],[0,0],[0,0]],"v":[[453.597,453.615],[-453.597,453.615],[-453.597,-453.615],[453.597,-453.616]],"c":true}]},{"t":50,"s":[{"i":[[0,0],[0,0],[0,0],[0,0]],"o":[[0,0],[0,0],[0,0],[0,0]],"v":[[453.597,873.615],[-453.597,873.615],[-453.597,-873.616],[453.597,-873.616]],"c":true}]}],"ix":2},"nm":"Path 1","mn":"ADBE Vector Shape - Group","hd":false},{"ty":"st","c":{"a":0,"k":[1,1,1,1],"ix":3},"o":{"a":0,"k":100,"ix":4},"w":{"a":0,"k":1,"ix":5},"lc":1,"lj":1,"ml":10,"bm":0,"d":[{"n":"d","nm":"dash","v":{"a":0,"k":16.653,"ix":1}},{"n":"g","nm":"gap","v":{"a":0,"k":16.653,"ix":2}},{"n":"o","nm":"offset","v":{"a":0,"k":0,"ix":7}}],"nm":"Stroke 1","mn":"ADBE Vector Graphic - Stroke","hd":false},{"ty":"tr","p":{"a":0,"k":[454.304,874.323],"ix":2},"a":{"a":0,"k":[0,0],"ix":1},"s":{"a":0,"k":[100,100],"ix":3},"r":{"a":0,"k":0,"ix":6},"o":{"a":0,"k":100,"ix":7},"sk":{"a":0,"k":0,"ix":4},"sa":{"a":0,"k":0,"ix":5},"nm":"Transform"}],"nm":"Group 1","np":2,"cix":2,"bm":0,"ix":1,"mn":"ADBE Vector Group","hd":false}],"ip":-2,"op":8274,"st":24,"bm":0},{"ddd":0,"ind":12,"ty":4,"nm":"Layer 3 Outlines","sr":1,"ks":{"o":{"a":0,"k":100,"ix":11},"r":{"a":0,"k":0,"ix":10},"p":{"a":0,"k":[87.895,1157.264,0],"ix":2},"a":{"a":0,"k":[1.863,-2.035,0],"ix":1},"s":{"a":0,"k":[0,100,100],"ix":6}},"ao":0,"shapes":[{"ty":"gr","it":[{"ind":0,"ty":"sh","ix":1,"ks":{"a":0,"k":{"i":[[0,0],[0,0]],"o":[[0,0],[0,0]],"v":[[907.531,0.5],[0.5,0.5]],"c":false},"ix":2},"nm":"Path 1","mn":"ADBE Vector Shape - Group","hd":false},{"ty":"st","c":{"a":0,"k":[1,1,1,1],"ix":3},"o":{"a":0,"k":100,"ix":4},"w":{"a":0,"k":1,"ix":5},"lc":1,"lj":1,"ml":10,"bm":0,"d":[{"n":"d","nm":"dash","v":{"a":0,"k":12,"ix":1}},{"n":"g","nm":"gap","v":{"a":0,"k":12,"ix":2}},{"n":"o","nm":"offset","v":{"a":0,"k":0,"ix":7}}],"nm":"Stroke 1","mn":"ADBE Vector Graphic - Stroke","hd":false},{"ty":"tr","p":{"a":0,"k":[0,0],"ix":2},"a":{"a":0,"k":[0,0],"ix":1},"s":{"a":0,"k":[100,100],"ix":3},"r":{"a":0,"k":0,"ix":6},"o":{"a":0,"k":100,"ix":7},"sk":{"a":0,"k":0,"ix":4},"sa":{"a":0,"k":0,"ix":5},"nm":"Transform"}],"nm":"Group 1","np":2,"cix":2,"bm":0,"ix":1,"mn":"ADBE Vector Group","hd":false}],"ip":-2,"op":8274,"st":24,"bm":0},{"ddd":0,"ind":13,"ty":1,"nm":"Black Solid 7","sr":1,"ks":{"o":{"a":0,"k":100,"ix":11},"r":{"a":0,"k":0,"ix":10},"p":{"a":0,"k":[540,960,0],"ix":2},"a":{"a":0,"k":[540,540,0],"ix":1},"s":{"a":1,"k":[{"i":{"x":[0.667,0.667,0.667],"y":[1,1,1]},"o":{"x":[0.333,0.333,0.333],"y":[0,0,0]},"t":25,"s":[100,100,100]},{"t":50,"s":[100,177.778,100]}],"ix":6}},"ao":0,"sw":1080,"sh":1080,"sc":"#000000","ip":-2,"op":8274,"st":24,"bm":0},{"ddd":0,"ind":14,"ty":1,"nm":"Deep Blue Solid 1","sr":1,"ks":{"o":{"a":0,"k":100,"ix":11},"r":{"a":0,"k":0,"ix":10},"p":{"a":0,"k":[540,960,0],"ix":2},"a":{"a":0,"k":[540,960,0],"ix":1},"s":{"a":0,"k":[100,100,100],"ix":6}},"ao":0,"sw":1080,"sh":1920,"sc":"#061f6b","ip":0,"op":8250,"st":0,"bm":0}],"markers":[]}