{"v":"5.5.7","meta":{"g":"LottieFiles AE 0.1.20","a":"","k":"","d":"","tc":""},"fr":25,"ip":0,"op":150,"w":1920,"h":1080,"nm":"windowWideAlt","ddd":0,"assets":[],"fonts":{"list":[{"fName":"Approach-Light","fFamily":"Approach","fStyle":"Light","ascent":70.01953125}]},"layers":[{"ddd":0,"ind":1,"ty":4,"nm":"Layer 3 Outlines 3","sr":1,"ks":{"o":{"a":0,"k":100,"ix":11},"r":{"a":0,"k":0,"ix":10},"p":{"a":0,"k":[1782.36,950.9,0],"ix":2},"a":{"a":0,"k":[51.49,43.45,0],"ix":1},"s":{"a":0,"k":[100,100,100],"ix":6}},"ao":0,"shapes":[{"ty":"gr","it":[{"ind":0,"ty":"sh","ix":1,"ks":{"a":0,"k":{"i":[[0,0],[0,0],[0,0],[0,0],[0,0],[0,0],[0,0],[0,0],[0,0],[0,0]],"o":[[0,0],[0,0],[0,0],[0,0],[0,0],[0,0],[0,0],[0,0],[0,0],[0,0]],"v":[[8.001,-19.2],[8.001,6.727],[-8.267,-19.2],[-14.4,-19.2],[-14.4,19.2],[-7.999,19.2],[-7.999,-6.732],[8.272,19.2],[14.4,19.2],[14.4,-19.2]],"c":true},"ix":2},"nm":"Path 1","mn":"ADBE Vector Shape - Group","hd":false},{"ty":"fl","c":{"a":0,"k":[1,1,1,1],"ix":4},"o":{"a":0,"k":100,"ix":5},"r":1,"bm":0,"nm":"Fill 1","mn":"ADBE Vector Graphic - Fill","hd":false},{"ty":"tr","p":{"a":0,"k":[88.33,67.45],"ix":2},"a":{"a":0,"k":[0,0],"ix":1},"s":{"a":0,"k":[100,100],"ix":3},"r":{"a":0,"k":0,"ix":6},"o":{"a":0,"k":100,"ix":7},"sk":{"a":0,"k":0,"ix":4},"sa":{"a":0,"k":0,"ix":5},"nm":"Transform"}],"nm":"Group 1","np":2,"cix":2,"bm":0,"ix":1,"mn":"ADBE Vector Group","hd":false},{"ty":"gr","it":[{"ind":0,"ty":"sh","ix":1,"ks":{"a":0,"k":{"i":[[0,0],[0,0],[0,0],[0,0],[0,0],[0,0],[0,0],[0,0],[0,0],[0,0],[0,0],[0,0]],"o":[[0,0],[0,0],[0,0],[0,0],[0,0],[0,0],[0,0],[0,0],[0,0],[0,0],[0,0],[0,0]],"v":[[-12.8,19.2],[12.8,19.2],[12.8,12.8],[-6.401,12.8],[-6.401,3.2],[12.8,3.2],[12.8,-3.2],[-6.401,-3.2],[-6.401,-12.8],[12.8,-12.8],[12.8,-19.2],[-12.8,-19.2]],"c":true},"ix":2},"nm":"Path 1","mn":"ADBE Vector Shape - Group","hd":false},{"ty":"fl","c":{"a":0,"k":[1,1,1,1],"ix":4},"o":{"a":0,"k":100,"ix":5},"r":1,"bm":0,"nm":"Fill 1","mn":"ADBE Vector Graphic - Fill","hd":false},{"ty":"tr","p":{"a":0,"k":[51.531,67.45],"ix":2},"a":{"a":0,"k":[0,0],"ix":1},"s":{"a":0,"k":[100,100],"ix":3},"r":{"a":0,"k":0,"ix":6},"o":{"a":0,"k":100,"ix":7},"sk":{"a":0,"k":0,"ix":4},"sa":{"a":0,"k":0,"ix":5},"nm":"Transform"}],"nm":"Group 2","np":2,"cix":2,"bm":0,"ix":2,"mn":"ADBE Vector Group","hd":false},{"ty":"gr","it":[{"ind":0,"ty":"sh","ix":1,"ks":{"a":0,"k":{"i":[[0,0],[0,0],[0,0],[0,0],[0,0],[0,0],[0,0],[0,0],[0,0],[0,0],[0,0],[0,0]],"o":[[0,0],[0,0],[0,0],[0,0],[0,0],[0,0],[0,0],[0,0],[0,0],[0,0],[0,0],[0,0]],"v":[[12.801,12.8],[-6.4,12.8],[-6.4,3.2],[12.801,3.2],[12.801,-3.2],[-6.4,-3.2],[-6.4,-12.8],[12.801,-12.8],[12.801,-19.2],[-12.801,-19.2],[-12.801,19.2],[12.801,19.2]],"c":true},"ix":2},"nm":"Path 1","mn":"ADBE Vector Shape - Group","hd":false},{"ty":"fl","c":{"a":0,"k":[1,1,1,1],"ix":4},"o":{"a":0,"k":100,"ix":5},"r":1,"bm":0,"nm":"Fill 1","mn":"ADBE Vector Graphic - Fill","hd":false},{"ty":"tr","p":{"a":0,"k":[86.73,19.45],"ix":2},"a":{"a":0,"k":[0,0],"ix":1},"s":{"a":0,"k":[100,100],"ix":3},"r":{"a":0,"k":0,"ix":6},"o":{"a":0,"k":100,"ix":7},"sk":{"a":0,"k":0,"ix":4},"sa":{"a":0,"k":0,"ix":5},"nm":"Transform"}],"nm":"Group 3","np":2,"cix":2,"bm":0,"ix":3,"mn":"ADBE Vector Group","hd":false},{"ty":"gr","it":[{"ind":0,"ty":"sh","ix":1,"ks":{"a":0,"k":{"i":[[0,0],[0,0],[0,0],[0,0],[0,0],[0,0],[0,0],[0,0],[0,0],[0,0],[0,0],[0,0]],"o":[[0,0],[0,0],[0,0],[0,0],[0,0],[0,0],[0,0],[0,0],[0,0],[0,0],[0,0],[0,0]],"v":[[-12.713,19.2],[12.804,19.2],[12.804,12.8],[-6.328,12.8],[-6.351,3.2],[12.804,3.2],[12.804,-3.2],[-6.366,-3.2],[-6.389,-12.8],[12.804,-12.8],[12.804,-19.2],[-12.804,-19.2]],"c":true},"ix":2},"nm":"Path 1","mn":"ADBE Vector Shape - Group","hd":false},{"ty":"fl","c":{"a":0,"k":[1,1,1,1],"ix":4},"o":{"a":0,"k":100,"ix":5},"r":1,"bm":0,"nm":"Fill 1","mn":"ADBE Vector Graphic - Fill","hd":false},{"ty":"tr","p":{"a":0,"k":[51.527,19.45],"ix":2},"a":{"a":0,"k":[0,0],"ix":1},"s":{"a":0,"k":[100,100],"ix":3},"r":{"a":0,"k":0,"ix":6},"o":{"a":0,"k":100,"ix":7},"sk":{"a":0,"k":0,"ix":4},"sa":{"a":0,"k":0,"ix":5},"nm":"Transform"}],"nm":"Group 4","np":2,"cix":2,"bm":0,"ix":4,"mn":"ADBE Vector Group","hd":false},{"ty":"gr","it":[{"ind":0,"ty":"sh","ix":1,"ks":{"a":0,"k":{"i":[[0,0],[0,0],[0,0],[0,0],[0,0],[0,0],[0,0],[0,0]],"o":[[0,0],[0,0],[0,0],[0,0],[0,0],[0,0],[0,0],[0,0]],"v":[[-12.761,-19.2],[-12.761,-12.8],[4.37,-12.8],[-16.042,19.2],[12.839,19.2],[12.839,12.8],[-4.37,12.8],[16.042,-19.2]],"c":true},"ix":2},"nm":"Path 1","mn":"ADBE Vector Shape - Group","hd":false},{"ty":"fl","c":{"a":0,"k":[1,1,1,1],"ix":4},"o":{"a":0,"k":100,"ix":5},"r":1,"bm":0,"nm":"Fill 1","mn":"ADBE Vector Graphic - Fill","hd":false},{"ty":"tr","p":{"a":0,"k":[16.292,19.45],"ix":2},"a":{"a":0,"k":[0,0],"ix":1},"s":{"a":0,"k":[100,100],"ix":3},"r":{"a":0,"k":0,"ix":6},"o":{"a":0,"k":100,"ix":7},"sk":{"a":0,"k":0,"ix":4},"sa":{"a":0,"k":0,"ix":5},"nm":"Transform"}],"nm":"Group 5","np":2,"cix":2,"bm":0,"ix":5,"mn":"ADBE Vector Group","hd":false}],"ip":75,"op":8275,"st":25,"bm":0},{"ddd":0,"ind":2,"ty":4,"nm":"Layer 5 Outlines","sr":1,"ks":{"o":{"a":0,"k":100,"ix":11},"r":{"a":0,"k":0,"ix":10},"p":{"a":1,"k":[{"i":{"x":0.667,"y":1},"o":{"x":0.333,"y":0},"t":25,"s":[503.174,253.084,0],"to":[-70,18.948,0],"ti":[70,-18.948,0]},{"t":75,"s":[83.174,366.774,0]}],"ix":2},"a":{"a":0,"k":[0.803,166.434,0],"ix":1},"s":{"a":1,"k":[{"i":{"x":[0.667,0.667,0.667],"y":[1,1,1]},"o":{"x":[0.333,0.333,0.333],"y":[0,0,0]},"t":25,"s":[100,100,100]},{"t":75,"s":[116,116,100]}],"ix":6}},"ao":0,"shapes":[{"ty":"gr","it":[{"ind":0,"ty":"sh","ix":1,"ks":{"a":0,"k":{"i":[[0,0],[0,0]],"o":[[0,0],[0,0]],"v":[[2.16,87.869],[45.36,87.869]],"c":false},"ix":2},"nm":"Path 1","mn":"ADBE Vector Shape - Group","hd":false},{"ty":"st","c":{"a":0,"k":[1,1,1,1],"ix":3},"o":{"a":0,"k":100,"ix":4},"w":{"a":0,"k":4.32,"ix":5},"lc":1,"lj":1,"ml":10,"bm":0,"nm":"Stroke 1","mn":"ADBE Vector Graphic - Stroke","hd":false},{"ty":"tr","p":{"a":0,"k":[0,0],"ix":2},"a":{"a":0,"k":[0,0],"ix":1},"s":{"a":0,"k":[100,100],"ix":3},"r":{"a":0,"k":0,"ix":6},"o":{"a":0,"k":100,"ix":7},"sk":{"a":0,"k":0,"ix":4},"sa":{"a":0,"k":0,"ix":5},"nm":"Transform"}],"nm":"Group 1","np":2,"cix":2,"bm":0,"ix":1,"mn":"ADBE Vector Group","hd":false},{"ty":"gr","it":[{"ind":0,"ty":"sh","ix":1,"ks":{"a":0,"k":{"i":[[0,0],[0,0],[1.084,-1.111],[1.328,-0.722],[1.51,-0.361],[1.557,0],[2.374,0.94],[1.928,2.052],[1.016,2.812],[0,3.058],[-1.017,2.734],[-1.833,2.033],[-2.536,1.158],[-2.963,0],[-1.965,-0.779],[-1.396,-1.112],[-0.836,-1.006],[0,0],[0,0],[0,0],[2.097,1.254],[2.602,-0.038],[1.824,-0.93],[1.301,-1.576],[0.722,-2.052],[0,-2.28],[-0.798,-2.165],[-1.235,-1.348],[-1.814,-0.884],[-2.204,0],[-2.336,1.776],[-0.931,3.761],[0,0],[0,0],[0,0],[0,0]],"o":[[0,0],[-0.722,1.5],[-1.082,1.111],[-1.33,0.722],[-1.51,0.36],[-2.811,0],[-2.374,-0.941],[-1.928,-2.051],[-1.017,-2.81],[0,-3.077],[1.016,-2.736],[1.833,-2.032],[2.535,-1.159],[2.735,0],[1.967,0.779],[1.396,1.111],[0,0],[0,0],[0,0],[-1.273,-2.165],[-2.1,-1.253],[-2.184,0],[-1.822,0.931],[-1.301,1.577],[-0.722,2.051],[0,2.526],[0.798,2.165],[1.234,1.349],[1.813,0.883],[3.647,0],[2.336,-1.776],[0,0],[0,0],[0,0],[0,0],[0,0]],"v":[[15.029,22.023],[15.029,13.363],[12.321,17.28],[8.704,20.03],[4.444,21.653],[-0.158,22.194],[-7.936,20.785],[-14.389,16.296],[-18.805,9.002],[-20.329,0.199],[-18.805,-8.519],[-14.532,-15.671],[-7.978,-20.457],[0.27,-22.194],[7.321,-21.027],[12.365,-18.191],[15.712,-15.016],[18.475,-15.016],[18.475,-9.944],[12.35,-9.944],[7.294,-15.072],[0.241,-16.895],[-5.771,-15.499],[-10.457,-11.738],[-13.492,-6.296],[-14.574,0.199],[-13.377,7.236],[-10.329,12.507],[-5.756,15.855],[0.27,17.181],[9.245,14.517],[14.145,6.21],[2.065,6.21],[2.065,1.311],[20.328,1.311],[20.328,22.023]],"c":true},"ix":2},"nm":"Path 1","mn":"ADBE Vector Shape - Group","hd":false},{"ty":"fl","c":{"a":0,"k":[1,1,1,1],"ix":4},"o":{"a":0,"k":100,"ix":5},"r":1,"bm":0,"nm":"Fill 1","mn":"ADBE Vector Graphic - Fill","hd":false},{"ty":"tr","p":{"a":0,"k":[584.089,22.816],"ix":2},"a":{"a":0,"k":[0,0],"ix":1},"s":{"a":0,"k":[100,100],"ix":3},"r":{"a":0,"k":0,"ix":6},"o":{"a":0,"k":100,"ix":7},"sk":{"a":0,"k":0,"ix":4},"sa":{"a":0,"k":0,"ix":5},"nm":"Transform"}],"nm":"Group 2","np":2,"cix":2,"bm":0,"ix":2,"mn":"ADBE Vector Group","hd":false},{"ty":"gr","it":[{"ind":0,"ty":"sh","ix":1,"ks":{"a":0,"k":{"i":[[0,0],[0,0],[0,0],[0,0],[0,0],[0,0],[0,0],[0,0],[0,0],[0,0],[0,0],[0,0],[0,0],[0,0],[0,0],[0,0],[0,0],[0,0],[0,0],[0,0],[0,0]],"o":[[0,0],[0,0],[0,0],[0,0],[0,0],[0,0],[0,0],[0,0],[0,0],[0,0],[0,0],[0,0],[0,0],[0,0],[0,0],[0,0],[0,0],[0,0],[0,0],[0,0],[0,0]],"v":[[6.354,-21.568],[20.371,-21.568],[20.371,-16.639],[16.695,-16.639],[16.695,21.625],[9.402,21.625],[-10.685,-14.189],[-10.685,16.724],[-6.241,16.724],[-6.241,21.625],[-20.258,21.625],[-20.258,16.724],[-16.27,16.724],[-16.27,-16.639],[-20.372,-16.639],[-20.372,-21.625],[-8.747,-21.625],[10.969,13.847],[11.198,12.479],[11.198,-16.639],[6.354,-16.639]],"c":true},"ix":2},"nm":"Path 1","mn":"ADBE Vector Shape - Group","hd":false},{"ty":"fl","c":{"a":0,"k":[1,1,1,1],"ix":4},"o":{"a":0,"k":100,"ix":5},"r":1,"bm":0,"nm":"Fill 1","mn":"ADBE Vector Graphic - Fill","hd":false},{"ty":"tr","p":{"a":0,"k":[539.886,23.044],"ix":2},"a":{"a":0,"k":[0,0],"ix":1},"s":{"a":0,"k":[100,100],"ix":3},"r":{"a":0,"k":0,"ix":6},"o":{"a":0,"k":100,"ix":7},"sk":{"a":0,"k":0,"ix":4},"sa":{"a":0,"k":0,"ix":5},"nm":"Transform"}],"nm":"Group 3","np":2,"cix":2,"bm":0,"ix":3,"mn":"ADBE Vector Group","hd":false},{"ty":"gr","it":[{"ind":0,"ty":"sh","ix":1,"ks":{"a":0,"k":{"i":[[0,0],[0,0],[0,0],[0,0],[0,0],[0,0],[0,0],[0,0],[0,0],[0,0],[0,0],[0,0]],"o":[[0,0],[0,0],[0,0],[0,0],[0,0],[0,0],[0,0],[0,0],[0,0],[0,0],[0,0],[0,0]],"v":[[-6.895,-21.597],[6.895,-21.597],[6.895,-16.668],[2.793,-16.668],[2.793,16.696],[6.895,16.696],[6.895,21.597],[-6.895,21.597],[-6.895,16.696],[-2.791,16.696],[-2.791,-16.668],[-6.895,-16.668]],"c":true},"ix":2},"nm":"Path 1","mn":"ADBE Vector Shape - Group","hd":false},{"ty":"fl","c":{"a":0,"k":[1,1,1,1],"ix":4},"o":{"a":0,"k":100,"ix":5},"r":1,"bm":0,"nm":"Fill 1","mn":"ADBE Vector Graphic - Fill","hd":false},{"ty":"tr","p":{"a":0,"k":[504.47,23.072],"ix":2},"a":{"a":0,"k":[0,0],"ix":1},"s":{"a":0,"k":[100,100],"ix":3},"r":{"a":0,"k":0,"ix":6},"o":{"a":0,"k":100,"ix":7},"sk":{"a":0,"k":0,"ix":4},"sa":{"a":0,"k":0,"ix":5},"nm":"Transform"}],"nm":"Group 4","np":2,"cix":2,"bm":0,"ix":4,"mn":"ADBE Vector Group","hd":false},{"ty":"gr","it":[{"ind":0,"ty":"sh","ix":1,"ks":{"a":0,"k":{"i":[[0,0],[0,0],[0,0],[-1.757,0.873],[-1.31,1.51],[-0.76,2.042],[0,2.356],[0.759,2.013],[1.311,1.491],[1.756,0.855],[1.994,0]],"o":[[0,0],[0,0],[1.994,0],[1.756,-0.874],[1.311,-1.51],[0.759,-2.042],[0,-2.317],[-0.76,-2.014],[-1.31,-1.491],[-1.757,-0.855],[0,0]],"v":[[-8.732,-16.668],[-8.732,16.695],[-2.008,16.695],[3.619,15.385],[8.219,11.81],[11.325,6.482],[12.465,-0.115],[11.325,-6.609],[8.219,-11.867],[3.619,-15.385],[-2.008,-16.668]],"c":true},"ix":2},"nm":"Path 1","mn":"ADBE Vector Shape - Group","hd":false},{"ind":1,"ty":"sh","ix":2,"ks":{"a":0,"k":{"i":[[0,0],[0,0],[-1.786,-0.512],[-1.538,-0.93],[-1.254,-1.301],[-0.882,-1.595],[-0.474,-1.833],[0,-1.975],[0.475,-1.842],[0.883,-1.614],[1.254,-1.32],[1.538,-0.94],[1.786,-0.514],[1.976,0],[0,0],[0,0],[0,0],[0,0],[0,0]],"o":[[0,0],[1.976,0],[1.786,0.513],[1.538,0.932],[1.254,1.301],[0.883,1.596],[0.475,1.833],[0,2.014],[-0.474,1.843],[-0.882,1.615],[-1.254,1.321],[-1.538,0.94],[-1.786,0.512],[0,0],[0,0],[0,0],[0,0],[0,0],[0,0]],"v":[[-18.42,-21.596],[-2.351,-21.596],[3.291,-20.828],[8.277,-18.663],[12.465,-15.314],[15.67,-10.969],[17.707,-5.827],[18.42,-0.115],[17.707,5.669],[15.67,10.854],[12.465,15.256],[8.277,18.647],[3.291,20.828],[-2.351,21.596],[-18.42,21.596],[-18.42,16.695],[-14.317,16.695],[-14.317,-16.668],[-18.42,-16.668]],"c":true},"ix":2},"nm":"Path 2","mn":"ADBE Vector Shape - Group","hd":false},{"ty":"mm","mm":1,"nm":"Merge Paths 1","mn":"ADBE Vector Filter - Merge","hd":false},{"ty":"fl","c":{"a":0,"k":[1,1,1,1],"ix":4},"o":{"a":0,"k":100,"ix":5},"r":1,"bm":0,"nm":"Fill 1","mn":"ADBE Vector Graphic - Fill","hd":false},{"ty":"tr","p":{"a":0,"k":[473.059,23.072],"ix":2},"a":{"a":0,"k":[0,0],"ix":1},"s":{"a":0,"k":[100,100],"ix":3},"r":{"a":0,"k":0,"ix":6},"o":{"a":0,"k":100,"ix":7},"sk":{"a":0,"k":0,"ix":4},"sa":{"a":0,"k":0,"ix":5},"nm":"Transform"}],"nm":"Group 5","np":4,"cix":2,"bm":0,"ix":5,"mn":"ADBE Vector Group","hd":false},{"ty":"gr","it":[{"ind":0,"ty":"sh","ix":1,"ks":{"a":0,"k":{"i":[[0,0],[0,0],[0,0]],"o":[[0,0],[0,0],[0,0]],"v":[[-7.151,2.165],[6.182,2.165],[-0.541,-17.151]],"c":true},"ix":2},"nm":"Path 1","mn":"ADBE Vector Shape - Group","hd":false},{"ind":1,"ty":"sh","ix":2,"ks":{"a":0,"k":{"i":[[0,0],[0,0],[0,0],[0,0],[0,0],[0,0],[0,0],[0,0],[0,0],[0,0],[0,0],[0,0],[0,0],[0,0],[0,0],[0,0]],"o":[[0,0],[0,0],[0,0],[0,0],[0,0],[0,0],[0,0],[0,0],[0,0],[0,0],[0,0],[0,0],[0,0],[0,0],[0,0],[0,0]],"v":[[7.664,16.696],[11.254,16.696],[7.835,6.894],[-8.775,6.894],[-12.109,16.696],[-7.664,16.696],[-7.664,21.596],[-21.681,21.596],[-21.681,16.696],[-17.921,16.696],[-4.473,-21.596],[3.932,-21.596],[17.351,16.696],[21.682,16.696],[21.682,21.596],[7.664,21.596]],"c":true},"ix":2},"nm":"Path 2","mn":"ADBE Vector Shape - Group","hd":false},{"ty":"mm","mm":1,"nm":"Merge Paths 1","mn":"ADBE Vector Filter - Merge","hd":false},{"ty":"fl","c":{"a":0,"k":[1,1,1,1],"ix":4},"o":{"a":0,"k":100,"ix":5},"r":1,"bm":0,"nm":"Fill 1","mn":"ADBE Vector Graphic - Fill","hd":false},{"ty":"tr","p":{"a":0,"k":[428.599,23.072],"ix":2},"a":{"a":0,"k":[0,0],"ix":1},"s":{"a":0,"k":[100,100],"ix":3},"r":{"a":0,"k":0,"ix":6},"o":{"a":0,"k":100,"ix":7},"sk":{"a":0,"k":0,"ix":4},"sa":{"a":0,"k":0,"ix":5},"nm":"Transform"}],"nm":"Group 6","np":4,"cix":2,"bm":0,"ix":6,"mn":"ADBE Vector Group","hd":false},{"ty":"gr","it":[{"ind":0,"ty":"sh","ix":1,"ks":{"a":0,"k":{"i":[[0,0],[0,0],[0,0],[0,0],[0,0],[0,0],[0,0],[0,0],[0,0],[0,0],[0,0],[0,0],[0,0],[0,0],[0,0],[0,0],[0,0],[0,0],[0,0],[0,0]],"o":[[0,0],[0,0],[0,0],[0,0],[0,0],[0,0],[0,0],[0,0],[0,0],[0,0],[0,0],[0,0],[0,0],[0,0],[0,0],[0,0],[0,0],[0,0],[0,0],[0,0]],"v":[[-15.47,-21.597],[15.47,-21.597],[15.47,-9.374],[9.63,-9.374],[9.63,-16.668],[-5.784,-16.668],[-5.784,-2.848],[7.18,-2.848],[7.18,2.051],[-5.784,2.051],[-5.784,16.696],[9.63,16.696],[9.63,9.402],[15.47,9.402],[15.47,21.597],[-15.47,21.597],[-15.47,16.696],[-11.367,16.696],[-11.367,-16.668],[-15.47,-16.668]],"c":true},"ix":2},"nm":"Path 1","mn":"ADBE Vector Shape - Group","hd":false},{"ty":"fl","c":{"a":0,"k":[1,1,1,1],"ix":4},"o":{"a":0,"k":100,"ix":5},"r":1,"bm":0,"nm":"Fill 1","mn":"ADBE Vector Graphic - Fill","hd":false},{"ty":"tr","p":{"a":0,"k":[389.537,23.072],"ix":2},"a":{"a":0,"k":[0,0],"ix":1},"s":{"a":0,"k":[100,100],"ix":3},"r":{"a":0,"k":0,"ix":6},"o":{"a":0,"k":100,"ix":7},"sk":{"a":0,"k":0,"ix":4},"sa":{"a":0,"k":0,"ix":5},"nm":"Transform"}],"nm":"Group 7","np":2,"cix":2,"bm":0,"ix":7,"mn":"ADBE Vector Group","hd":false},{"ty":"gr","it":[{"ind":0,"ty":"sh","ix":1,"ks":{"a":0,"k":{"i":[[0,0],[0,0],[0,0],[0,0],[0,0],[0,0],[0,0],[0,0],[0,0],[0,0],[0,0],[0,0],[0,0],[0,0],[0,0],[0,0],[0,0],[0,0],[0,0],[0,0],[0,0],[0,0],[0,0],[0,0],[0,0],[0,0],[0,0],[0,0]],"o":[[0,0],[0,0],[0,0],[0,0],[0,0],[0,0],[0,0],[0,0],[0,0],[0,0],[0,0],[0,0],[0,0],[0,0],[0,0],[0,0],[0,0],[0,0],[0,0],[0,0],[0,0],[0,0],[0,0],[0,0],[0,0],[0,0],[0,0],[0,0]],"v":[[8.163,-21.597],[22.18,-21.597],[22.18,-16.696],[18.077,-16.696],[18.077,16.696],[22.18,16.696],[22.18,21.597],[8.163,21.597],[8.163,16.696],[12.493,16.696],[12.493,1.168],[-12.493,1.168],[-12.493,16.696],[-8.164,16.696],[-8.164,21.597],[-22.181,21.597],[-22.181,16.696],[-18.079,16.696],[-18.079,-16.696],[-22.181,-16.696],[-22.181,-21.597],[-8.164,-21.597],[-8.164,-16.696],[-12.493,-16.696],[-12.493,-3.618],[12.493,-3.618],[12.493,-16.696],[8.163,-16.696]],"c":true},"ix":2},"nm":"Path 1","mn":"ADBE Vector Shape - Group","hd":false},{"ty":"fl","c":{"a":0,"k":[1,1,1,1],"ix":4},"o":{"a":0,"k":100,"ix":5},"r":1,"bm":0,"nm":"Fill 1","mn":"ADBE Vector Graphic - Fill","hd":false},{"ty":"tr","p":{"a":0,"k":[343.738,23.072],"ix":2},"a":{"a":0,"k":[0,0],"ix":1},"s":{"a":0,"k":[100,100],"ix":3},"r":{"a":0,"k":0,"ix":6},"o":{"a":0,"k":100,"ix":7},"sk":{"a":0,"k":0,"ix":4},"sa":{"a":0,"k":0,"ix":5},"nm":"Transform"}],"nm":"Group 8","np":2,"cix":2,"bm":0,"ix":8,"mn":"ADBE Vector Group","hd":false},{"ty":"gr","it":[{"ind":0,"ty":"sh","ix":1,"ks":{"a":0,"k":{"i":[[0,0],[0,0],[0,0],[0,0],[0,0],[0,0],[0,0],[0,0],[0,0],[0,0],[0,0]],"o":[[0,0],[0,0],[0,0],[0,0],[0,0],[0,0],[0,0],[0,0],[0,0],[0,0],[0,0]],"v":[[-4.715,17.309],[-0.527,17.309],[-0.527,-14.288],[-9.274,-9.53],[-9.274,-15.484],[2.749,-22.209],[5.029,-22.209],[5.029,17.309],[9.274,17.309],[9.274,22.209],[-4.715,22.209]],"c":true},"ix":2},"nm":"Path 1","mn":"ADBE Vector Shape - Group","hd":false},{"ty":"fl","c":{"a":0,"k":[1,1,1,1],"ix":4},"o":{"a":0,"k":100,"ix":5},"r":1,"bm":0,"nm":"Fill 1","mn":"ADBE Vector Graphic - Fill","hd":false},{"ty":"tr","p":{"a":0,"k":[291.883,22.459],"ix":2},"a":{"a":0,"k":[0,0],"ix":1},"s":{"a":0,"k":[100,100],"ix":3},"r":{"a":0,"k":0,"ix":6},"o":{"a":0,"k":100,"ix":7},"sk":{"a":0,"k":0,"ix":4},"sa":{"a":0,"k":0,"ix":5},"nm":"Transform"}],"nm":"Group 9","np":2,"cix":2,"bm":0,"ix":9,"mn":"ADBE Vector Group","hd":false},{"ty":"gr","it":[{"ind":0,"ty":"sh","ix":1,"ks":{"a":0,"k":{"i":[[0,0],[0,0],[0,0],[0,0],[0,0],[0,0],[0,0],[0,0],[0,0],[0,0],[0,0],[0,0],[0,0],[0,0],[0,0],[0,0],[0,0],[0,0],[0,0],[0,0],[0,0],[0,0],[0,0],[0,0],[0,0],[0,0],[0,0],[0,0]],"o":[[0,0],[0,0],[0,0],[0,0],[0,0],[0,0],[0,0],[0,0],[0,0],[0,0],[0,0],[0,0],[0,0],[0,0],[0,0],[0,0],[0,0],[0,0],[0,0],[0,0],[0,0],[0,0],[0,0],[0,0],[0,0],[0,0],[0,0],[0,0]],"v":[[8.163,-21.597],[22.18,-21.597],[22.18,-16.696],[18.077,-16.696],[18.077,16.696],[22.18,16.696],[22.18,21.597],[8.163,21.597],[8.163,16.696],[12.494,16.696],[12.494,1.168],[-12.493,1.168],[-12.493,16.696],[-8.163,16.696],[-8.163,21.597],[-22.18,21.597],[-22.18,16.696],[-18.079,16.696],[-18.079,-16.696],[-22.18,-16.696],[-22.18,-21.597],[-8.163,-21.597],[-8.163,-16.696],[-12.493,-16.696],[-12.493,-3.618],[12.494,-3.618],[12.494,-16.696],[8.163,-16.696]],"c":true},"ix":2},"nm":"Path 1","mn":"ADBE Vector Shape - Group","hd":false},{"ty":"fl","c":{"a":0,"k":[1,1,1,1],"ix":4},"o":{"a":0,"k":100,"ix":5},"r":1,"bm":0,"nm":"Fill 1","mn":"ADBE Vector Graphic - Fill","hd":false},{"ty":"tr","p":{"a":0,"k":[254.019,23.072],"ix":2},"a":{"a":0,"k":[0,0],"ix":1},"s":{"a":0,"k":[100,100],"ix":3},"r":{"a":0,"k":0,"ix":6},"o":{"a":0,"k":100,"ix":7},"sk":{"a":0,"k":0,"ix":4},"sa":{"a":0,"k":0,"ix":5},"nm":"Transform"}],"nm":"Group 10","np":2,"cix":2,"bm":0,"ix":10,"mn":"ADBE Vector Group","hd":false},{"ty":"gr","it":[{"ind":0,"ty":"sh","ix":1,"ks":{"a":0,"k":{"i":[[0,0],[0,0],[0,0],[0,0],[0,0],[0,0],[0,0],[0,0],[0,0],[0,0],[0,0],[0,0],[0,0],[0,0],[0,0],[0,0]],"o":[[0,0],[0,0],[0,0],[0,0],[0,0],[0,0],[0,0],[0,0],[0,0],[0,0],[0,0],[0,0],[0,0],[0,0],[0,0],[0,0]],"v":[[-7.521,16.696],[-3.561,16.696],[-3.561,-16.924],[-13.419,-16.924],[-13.419,-10.2],[-19.26,-10.2],[-19.26,-21.596],[19.26,-21.596],[19.26,-10.2],[13.419,-10.2],[13.419,-16.924],[2.022,-16.924],[2.022,16.696],[6.467,16.696],[6.467,21.596],[-7.521,21.596]],"c":true},"ix":2},"nm":"Path 1","mn":"ADBE Vector Shape - Group","hd":false},{"ty":"fl","c":{"a":0,"k":[1,1,1,1],"ix":4},"o":{"a":0,"k":100,"ix":5},"r":1,"bm":0,"nm":"Fill 1","mn":"ADBE Vector Graphic - Fill","hd":false},{"ty":"tr","p":{"a":0,"k":[194.572,23.072],"ix":2},"a":{"a":0,"k":[0,0],"ix":1},"s":{"a":0,"k":[100,100],"ix":3},"r":{"a":0,"k":0,"ix":6},"o":{"a":0,"k":100,"ix":7},"sk":{"a":0,"k":0,"ix":4},"sa":{"a":0,"k":0,"ix":5},"nm":"Transform"}],"nm":"Group 11","np":2,"cix":2,"bm":0,"ix":11,"mn":"ADBE Vector Group","hd":false},{"ty":"gr","it":[{"ind":0,"ty":"sh","ix":1,"ks":{"a":0,"k":{"i":[[0,0],[0,0],[0,0],[-0.902,0.285],[-0.655,0.57],[-0.37,0.846],[0,1.12],[1.292,1.197],[2.811,0]],"o":[[0,0],[0,0],[1.083,0],[0.902,-0.285],[0.656,-0.57],[0.371,-0.845],[0,-2.147],[-1.292,-1.197],[0,0]],"v":[[-7.564,-16.668],[-7.564,-3.078],[0.727,-3.078],[3.704,-3.505],[6.04,-4.786],[7.579,-6.909],[8.135,-9.857],[6.197,-14.872],[0.043,-16.668]],"c":true},"ix":2},"nm":"Path 1","mn":"ADBE Vector Shape - Group","hd":false},{"ind":1,"ty":"sh","ix":2,"ks":{"a":0,"k":{"i":[[0,0],[0,0],[-1.624,-0.503],[-1.187,-0.978],[-0.665,-1.462],[0,-1.898],[0.389,-1.055],[0.694,-0.902],[0.95,-0.703],[1.121,-0.38],[-0.484,-0.389],[-0.428,-0.56],[-0.352,-0.713],[-0.209,-0.816],[0,0],[0,0],[0,0],[0,0],[0,0],[1.206,1.111],[2.089,0],[0,0],[0,0],[0,0],[0,0],[0,0],[0,0],[0,0],[0,0],[0,0]],"o":[[0,0],[1.918,0],[1.625,0.504],[1.187,0.979],[0.665,1.463],[0,1.083],[-0.389,1.054],[-0.693,0.902],[-0.95,0.703],[0.475,0.209],[0.484,0.39],[0.427,0.56],[0.351,0.712],[0,0],[0,0],[0,0],[0,0],[0,0],[-0.588,-2.355],[-1.207,-1.112],[0,0],[0,0],[0,0],[0,0],[0,0],[0,0],[0,0],[0,0],[0,0],[0,0]],"v":[[-17.251,-21.596],[0.727,-21.596],[6.04,-20.841],[10.257,-18.62],[13.035,-14.958],[14.032,-9.916],[13.448,-6.71],[11.824,-3.776],[9.36,-1.367],[6.254,0.256],[7.693,1.154],[9.061,2.578],[10.229,4.487],[11.069,6.781],[13.462,16.183],[17.195,16.183],[17.252,21.596],[8.847,21.596],[5.627,8.461],[2.935,3.263],[-2.008,1.595],[-7.564,1.595],[-7.564,16.695],[-3.233,16.695],[-3.233,21.596],[-17.251,21.596],[-17.251,16.695],[-13.148,16.695],[-13.148,-16.668],[-17.251,-16.668]],"c":true},"ix":2},"nm":"Path 2","mn":"ADBE Vector Shape - Group","hd":false},{"ty":"mm","mm":1,"nm":"Merge Paths 1","mn":"ADBE Vector Filter - Merge","hd":false},{"ty":"fl","c":{"a":0,"k":[1,1,1,1],"ix":4},"o":{"a":0,"k":100,"ix":5},"r":1,"bm":0,"nm":"Fill 1","mn":"ADBE Vector Graphic - Fill","hd":false},{"ty":"tr","p":{"a":0,"k":[153.929,23.072],"ix":2},"a":{"a":0,"k":[0,0],"ix":1},"s":{"a":0,"k":[100,100],"ix":3},"r":{"a":0,"k":0,"ix":6},"o":{"a":0,"k":100,"ix":7},"sk":{"a":0,"k":0,"ix":4},"sa":{"a":0,"k":0,"ix":5},"nm":"Transform"}],"nm":"Group 12","np":4,"cix":2,"bm":0,"ix":12,"mn":"ADBE Vector Group","hd":false},{"ty":"gr","it":[{"ind":0,"ty":"sh","ix":1,"ks":{"a":0,"k":{"i":[[-2.261,0],[-1.833,0.931],[-1.292,1.567],[-0.703,2.071],[0,2.298],[0.77,2.194],[1.377,1.52],[1.823,0.826],[1.975,0],[1.842,-0.93],[1.291,-1.567],[0.702,-2.08],[0,-2.28],[-0.779,-2.08],[-1.282,-1.377],[-1.776,-0.93]],"o":[[2.26,0],[1.833,-0.93],[1.291,-1.566],[0.703,-2.069],[0,-2.355],[-0.769,-2.194],[-1.377,-1.519],[-1.823,-0.826],[-2.261,0],[-1.843,0.931],[-1.292,1.567],[-0.703,2.08],[0,2.659],[0.779,2.08],[1.283,1.377],[1.776,0.931]],"v":[[0,17.152],[6.14,15.756],[10.827,12.009],[13.818,6.553],[14.872,0.001],[13.718,-6.823],[10.499,-12.393],[5.698,-15.912],[0,-17.151],[-6.154,-15.755],[-10.855,-12.009],[-13.847,-6.538],[-14.901,0.001],[-13.733,7.109],[-10.642,12.295],[-6.055,15.756]],"c":true},"ix":2},"nm":"Path 1","mn":"ADBE Vector Shape - Group","hd":false},{"ind":1,"ty":"sh","ix":2,"ks":{"a":0,"k":{"i":[[3.039,0],[2.469,1.111],[1.937,2.051],[1.006,2.812],[0,3.02],[-1.017,2.735],[-1.833,2.023],[-2.536,1.169],[-3.04,0],[-2.546,-1.168],[-1.824,-2.023],[-1.007,-2.735],[0,-3.116],[1.017,-2.725],[1.833,-2.033],[2.536,-1.168]],"o":[[-2.982,0],[-2.469,-1.112],[-1.938,-2.051],[-1.007,-2.81],[0,-3.116],[1.016,-2.735],[1.833,-2.023],[2.535,-1.168],[3.058,0],[2.545,1.169],[1.823,2.023],[1.006,2.735],[0,3.115],[-1.016,2.726],[-1.833,2.032],[-2.536,1.168]],"v":[[0,22.451],[-8.177,20.785],[-14.787,16.041],[-19.203,8.747],[-20.713,0.001],[-19.189,-8.775],[-14.916,-15.912],[-8.362,-20.699],[0,-22.451],[8.405,-20.699],[14.958,-15.912],[19.203,-8.775],[20.713,0.001],[19.188,8.761],[14.915,15.899],[8.362,20.699]],"c":true},"ix":2},"nm":"Path 2","mn":"ADBE Vector Shape - Group","hd":false},{"ty":"mm","mm":1,"nm":"Merge Paths 1","mn":"ADBE Vector Filter - Merge","hd":false},{"ty":"fl","c":{"a":0,"k":[1,1,1,1],"ix":4},"o":{"a":0,"k":100,"ix":5},"r":1,"bm":0,"nm":"Fill 1","mn":"ADBE Vector Graphic - Fill","hd":false},{"ty":"tr","p":{"a":0,"k":[109.868,23.072],"ix":2},"a":{"a":0,"k":[0,0],"ix":1},"s":{"a":0,"k":[100,100],"ix":3},"r":{"a":0,"k":0,"ix":6},"o":{"a":0,"k":100,"ix":7},"sk":{"a":0,"k":0,"ix":4},"sa":{"a":0,"k":0,"ix":5},"nm":"Transform"}],"nm":"Group 13","np":4,"cix":2,"bm":0,"ix":13,"mn":"ADBE Vector Group","hd":false},{"ty":"gr","it":[{"ind":0,"ty":"sh","ix":1,"ks":{"a":0,"k":{"i":[[0,0],[0,0],[0,0],[0,0],[0,0],[0,0],[0,0],[0,0],[0,0],[0,0],[0,0],[0,0],[0,0],[0,0],[0,0],[0,0],[0,0],[0,0],[0,0],[0,0],[0,0],[0,0],[0,0],[0,0],[0,0],[0,0],[0,0],[0,0]],"o":[[0,0],[0,0],[0,0],[0,0],[0,0],[0,0],[0,0],[0,0],[0,0],[0,0],[0,0],[0,0],[0,0],[0,0],[0,0],[0,0],[0,0],[0,0],[0,0],[0,0],[0,0],[0,0],[0,0],[0,0],[0,0],[0,0],[0,0],[0,0]],"v":[[8.163,-21.597],[22.18,-21.597],[22.18,-16.696],[18.077,-16.696],[18.077,16.696],[22.18,16.696],[22.18,21.597],[8.163,21.597],[8.163,16.696],[12.493,16.696],[12.493,1.168],[-12.493,1.168],[-12.493,16.696],[-8.163,16.696],[-8.163,21.597],[-22.18,21.597],[-22.18,16.696],[-18.079,16.696],[-18.079,-16.696],[-22.18,-16.696],[-22.18,-21.597],[-8.163,-21.597],[-8.163,-16.696],[-12.493,-16.696],[-12.493,-3.618],[12.493,-3.618],[12.493,-16.696],[8.163,-16.696]],"c":true},"ix":2},"nm":"Path 1","mn":"ADBE Vector Shape - Group","hd":false},{"ty":"fl","c":{"a":0,"k":[1,1,1,1],"ix":4},"o":{"a":0,"k":100,"ix":5},"r":1,"bm":0,"nm":"Fill 1","mn":"ADBE Vector Graphic - Fill","hd":false},{"ty":"tr","p":{"a":0,"k":[60.848,23.072],"ix":2},"a":{"a":0,"k":[0,0],"ix":1},"s":{"a":0,"k":[100,100],"ix":3},"r":{"a":0,"k":0,"ix":6},"o":{"a":0,"k":100,"ix":7},"sk":{"a":0,"k":0,"ix":4},"sa":{"a":0,"k":0,"ix":5},"nm":"Transform"}],"nm":"Group 14","np":2,"cix":2,"bm":0,"ix":14,"mn":"ADBE Vector Group","hd":false},{"ty":"gr","it":[{"ind":0,"ty":"sh","ix":1,"ks":{"a":0,"k":{"i":[[0.607,0.836],[0.731,0.446],[0.873,0.238],[0.874,0],[1.083,-0.332],[0.712,-0.569],[0.36,-0.76],[0,-0.836],[-0.447,-0.769],[-0.683,-0.465],[-0.826,-0.266],[-0.759,-0.266],[0,0],[-1.321,-0.703],[-0.893,-0.959],[-0.466,-1.254],[0,-1.652],[0.731,-1.519],[1.31,-1.12],[1.813,-0.636],[2.165,0],[1.576,0.504],[1.073,0.846],[0.646,1.082],[0.36,1.14],[0,0],[0,0],[0,0],[-0.446,-0.873],[-0.797,-0.579],[-1.101,-0.294],[-1.329,0],[-1.036,0.304],[-0.732,0.58],[-0.389,0.826],[0,1.045],[0.484,0.807],[0.759,0.57],[0.902,0.361],[0.835,0.267],[0,0],[1.129,0.646],[0.806,0.931],[0.436,1.244],[0,1.634],[-0.646,1.444],[-1.254,1.083],[-1.814,0.617],[-2.336,0],[-1.301,-0.36],[-1.054,-0.655],[-0.807,-0.921],[-0.551,-1.101],[0,0],[0,0],[0,0]],"o":[[-0.608,-0.835],[-0.731,-0.446],[-0.874,-0.237],[-1.443,0],[-1.083,0.332],[-0.712,0.57],[-0.361,0.759],[0,1.253],[0.445,0.769],[0.684,0.466],[0.827,0.266],[0,0],[1.728,0.551],[1.32,0.703],[0.892,0.959],[0.465,1.253],[0,1.786],[-0.731,1.52],[-1.312,1.122],[-1.814,0.636],[-2.223,0],[-1.578,-0.503],[-1.073,-0.844],[-0.646,-1.083],[0,0],[0,0],[0,0],[0,2.108],[0.446,0.874],[0.798,0.58],[1.102,0.295],[1.292,0],[1.035,-0.304],[0.731,-0.579],[0.389,-0.827],[0,-1.158],[-0.484,-0.807],[-0.76,-0.57],[-0.903,-0.361],[0,0],[-1.368,-0.417],[-1.131,-0.646],[-0.808,-0.93],[-0.438,-1.244],[0,-1.652],[0.645,-1.443],[1.254,-1.083],[1.814,-0.617],[1.539,0],[1.301,0.361],[1.054,0.656],[0.807,0.922],[0,0],[0,0],[0,0],[0,-1.671]],"v":[[7.564,-13.776],[5.555,-15.699],[3.148,-16.725],[0.527,-17.081],[-3.262,-16.582],[-5.954,-15.229],[-7.564,-13.234],[-8.105,-10.841],[-7.436,-7.807],[-5.742,-5.955],[-3.477,-4.858],[-1.098,-4.06],[4.658,-2.18],[9.232,-0.299],[12.551,2.194],[14.587,5.513],[15.285,9.872],[14.188,14.829],[11.126,18.789],[6.439,21.425],[0.471,22.38],[-5.227,21.624],[-9.202,19.601],[-11.781,16.71],[-13.29,13.376],[-15.456,13.376],[-15.456,8.476],[-8.277,8.476],[-7.607,12.949],[-5.742,15.128],[-2.893,16.439],[0.755,16.881],[4.245,16.425],[6.895,15.1],[8.576,12.992],[9.16,10.185],[8.434,7.237],[6.568,5.171],[4.074,3.775],[1.467,2.834],[-4.773,1.068],[-8.518,-0.527],[-11.424,-2.892],[-13.29,-6.154],[-13.947,-10.471],[-12.977,-15.115],[-10.128,-18.904],[-5.527,-21.454],[0.697,-22.38],[4.958,-21.839],[8.49,-20.315],[11.283,-17.95],[13.32,-14.916],[15.456,-14.916],[15.456,-10.015],[8.477,-10.015]],"c":true},"ix":2},"nm":"Path 1","mn":"ADBE Vector Shape - Group","hd":false},{"ty":"fl","c":{"a":0,"k":[1,1,1,1],"ix":4},"o":{"a":0,"k":100,"ix":5},"r":1,"bm":0,"nm":"Fill 1","mn":"ADBE Vector Graphic - Fill","hd":false},{"ty":"tr","p":{"a":0,"k":[17.855,23.229],"ix":2},"a":{"a":0,"k":[0,0],"ix":1},"s":{"a":0,"k":[100,100],"ix":3},"r":{"a":0,"k":0,"ix":6},"o":{"a":0,"k":100,"ix":7},"sk":{"a":0,"k":0,"ix":4},"sa":{"a":0,"k":0,"ix":5},"nm":"Transform"}],"nm":"Group 15","np":2,"cix":2,"bm":0,"ix":15,"mn":"ADBE Vector Group","hd":false},{"ty":"gr","it":[{"ind":0,"ty":"sh","ix":1,"ks":{"a":0,"k":{"i":[[0,0],[0,0],[0,0],[0,0],[0,0],[0,0],[0,0],[0,0],[0,0],[0,0],[0,0],[0,0]],"o":[[0,0],[0,0],[0,0],[0,0],[0,0],[0,0],[0,0],[0,0],[0,0],[0,0],[0,0],[0,0]],"v":[[7.03,10.214],[-7.03,10.214],[-7.03,-10.214],[6.745,-10.214],[6.745,-7.294],[-3.611,-7.294],[-3.611,-1.567],[5.577,-1.567],[5.577,1.254],[-3.611,1.254],[-3.611,7.294],[7.03,7.294]],"c":true},"ix":2},"nm":"Path 1","mn":"ADBE Vector Shape - Group","hd":false},{"ty":"fl","c":{"a":0,"k":[1,1,1,1],"ix":4},"o":{"a":0,"k":100,"ix":5},"r":1,"bm":0,"nm":"Fill 1","mn":"ADBE Vector Graphic - Fill","hd":false},{"ty":"tr","p":{"a":0,"k":[155.019,155.864],"ix":2},"a":{"a":0,"k":[0,0],"ix":1},"s":{"a":0,"k":[100,100],"ix":3},"r":{"a":0,"k":0,"ix":6},"o":{"a":0,"k":100,"ix":7},"sk":{"a":0,"k":0,"ix":4},"sa":{"a":0,"k":0,"ix":5},"nm":"Transform"}],"nm":"Group 16","np":2,"cix":2,"bm":0,"ix":16,"mn":"ADBE Vector Group","hd":false},{"ty":"gr","it":[{"ind":0,"ty":"sh","ix":1,"ks":{"a":0,"k":{"i":[[0,1.13],[0.683,0.569],[1.197,0],[0,0],[0,0],[0,0],[-0.703,0.703]],"o":[[0,-0.959],[-0.684,-0.57],[0,0],[0,0],[0,0],[1.158,0],[0.702,-0.703]],"v":[[4.302,-4.174],[3.277,-6.467],[0.456,-7.322],[-4.359,-7.322],[-4.359,-0.37],[0.456,-0.37],[3.248,-1.424]],"c":true},"ix":2},"nm":"Path 1","mn":"ADBE Vector Shape - Group","hd":false},{"ind":1,"ty":"sh","ix":2,"ks":{"a":0,"k":{"i":[[-0.114,-2.174],[0,0],[0,0],[0,0],[0.565,0.413],[1.197,0],[0,0],[0,0],[0,0],[0,0],[0,0],[-1.273,-1.073],[0,-1.671],[0.574,-0.935],[1.034,-0.541]],"o":[[0,0],[0,0],[0,0],[-0.057,-0.883],[-0.565,-0.413],[0,0],[0,0],[0,0],[0,0],[0,0],[2.128,0],[1.311,1.054],[0,1.15],[-0.574,0.936],[1.87,0.618]],"v":[[7.479,5.014],[7.778,10.214],[4.359,10.214],[4.06,5.014],[3.127,3.07],[0.484,2.451],[-4.359,2.451],[-4.359,10.214],[-7.778,10.214],[-7.778,-10.214],[0.712,-10.214],[5.812,-8.604],[7.778,-4.516],[6.916,-1.389],[4.502,0.826]],"c":true},"ix":2},"nm":"Path 2","mn":"ADBE Vector Shape - Group","hd":false},{"ty":"mm","mm":1,"nm":"Merge Paths 1","mn":"ADBE Vector Filter - Merge","hd":false},{"ty":"fl","c":{"a":0,"k":[1,1,1,1],"ix":4},"o":{"a":0,"k":100,"ix":5},"r":1,"bm":0,"nm":"Fill 1","mn":"ADBE Vector Graphic - Fill","hd":false},{"ty":"tr","p":{"a":0,"k":[135.994,155.864],"ix":2},"a":{"a":0,"k":[0,0],"ix":1},"s":{"a":0,"k":[100,100],"ix":3},"r":{"a":0,"k":0,"ix":6},"o":{"a":0,"k":100,"ix":7},"sk":{"a":0,"k":0,"ix":4},"sa":{"a":0,"k":0,"ix":5},"nm":"Transform"}],"nm":"Group 17","np":4,"cix":2,"bm":0,"ix":17,"mn":"ADBE Vector Group","hd":false},{"ty":"gr","it":[{"ind":0,"ty":"sh","ix":1,"ks":{"a":0,"k":{"i":[[0,0],[0,0],[0,0],[0,0],[0,0],[0,0],[0,0],[0,0],[0,0],[0,0],[0,0],[0,0]],"o":[[0,0],[0,0],[0,0],[0,0],[0,0],[0,0],[0,0],[0,0],[0,0],[0,0],[0,0],[0,0]],"v":[[7.03,10.214],[-7.03,10.214],[-7.03,-10.214],[6.745,-10.214],[6.745,-7.294],[-3.611,-7.294],[-3.611,-1.567],[5.577,-1.567],[5.577,1.254],[-3.611,1.254],[-3.611,7.294],[7.03,7.294]],"c":true},"ix":2},"nm":"Path 1","mn":"ADBE Vector Shape - Group","hd":false},{"ty":"fl","c":{"a":0,"k":[1,1,1,1],"ix":4},"o":{"a":0,"k":100,"ix":5},"r":1,"bm":0,"nm":"Fill 1","mn":"ADBE Vector Graphic - Fill","hd":false},{"ty":"tr","p":{"a":0,"k":[117.396,155.864],"ix":2},"a":{"a":0,"k":[0,0],"ix":1},"s":{"a":0,"k":[100,100],"ix":3},"r":{"a":0,"k":0,"ix":6},"o":{"a":0,"k":100,"ix":7},"sk":{"a":0,"k":0,"ix":4},"sa":{"a":0,"k":0,"ix":5},"nm":"Transform"}],"nm":"Group 18","np":2,"cix":2,"bm":0,"ix":18,"mn":"ADBE Vector Group","hd":false},{"ty":"gr","it":[{"ind":0,"ty":"sh","ix":1,"ks":{"a":0,"k":{"i":[[0,0],[0,0],[0,0],[0,0],[0,0],[0,0],[0,0],[0,0],[0,0],[0,0],[0,0],[0,0]],"o":[[0,0],[0,0],[0,0],[0,0],[0,0],[0,0],[0,0],[0,0],[0,0],[0,0],[0,0],[0,0]],"v":[[-4.723,10.214],[-8.142,10.214],[-8.142,-10.214],[-4.723,-10.214],[-4.723,-1.724],[4.723,-1.724],[4.723,-10.214],[8.142,-10.214],[8.142,10.214],[4.723,10.214],[4.723,1.254],[-4.723,1.254]],"c":true},"ix":2},"nm":"Path 1","mn":"ADBE Vector Shape - Group","hd":false},{"ty":"fl","c":{"a":0,"k":[1,1,1,1],"ix":4},"o":{"a":0,"k":100,"ix":5},"r":1,"bm":0,"nm":"Fill 1","mn":"ADBE Vector Graphic - Fill","hd":false},{"ty":"tr","p":{"a":0,"k":[97.396,155.864],"ix":2},"a":{"a":0,"k":[0,0],"ix":1},"s":{"a":0,"k":[100,100],"ix":3},"r":{"a":0,"k":0,"ix":6},"o":{"a":0,"k":100,"ix":7},"sk":{"a":0,"k":0,"ix":4},"sa":{"a":0,"k":0,"ix":5},"nm":"Transform"}],"nm":"Group 19","np":2,"cix":2,"bm":0,"ix":19,"mn":"ADBE Vector Group","hd":false},{"ty":"gr","it":[{"ind":0,"ty":"sh","ix":1,"ks":{"a":0,"k":{"i":[[2.232,0],[1.472,1.188],[0.029,2.061],[0,0],[-0.836,-0.731],[-1.52,0],[-0.708,0.584],[0,0.988],[0.484,0.436],[1.206,0.247],[0,0],[0,3.134],[-1.321,1.121],[-2.165,0],[-1.33,-1.063],[-0.181,-1.843],[0,0],[2.479,0],[0.66,-0.522],[0,-0.883],[-0.465,-0.466],[-1.026,-0.19],[0,0],[-0.931,-0.931],[0,-1.528],[1.386,-1.215]],"o":[[-2.536,0],[-1.49,-1.205],[0,0],[0.057,1.396],[0.836,0.732],[1.225,0],[0.707,-0.584],[0,-0.807],[-0.484,-0.437],[0,0],[-3.79,-0.778],[0,-1.614],[1.301,-1.13],[2.194,0],[1.329,1.064],[0,0],[-0.257,-2.374],[-1.168,0],[-0.661,0.522],[0,0.826],[0.466,0.465],[0,0],[1.909,0.361],[0.931,0.931],[0,1.805],[-1.358,1.188]],"v":[[0.413,10.563],[-5.599,8.782],[-7.878,3.882],[-4.459,3.498],[-3.12,6.688],[0.413,7.785],[3.312,6.909],[4.373,4.552],[3.647,2.686],[1.111,1.66],[-1.581,1.104],[-7.265,-4.765],[-5.285,-8.868],[-0.086,-10.563],[5.2,-8.968],[7.465,-4.608],[3.989,-4.238],[-0.114,-7.799],[-2.856,-7.016],[-3.846,-4.908],[-3.149,-2.97],[-0.912,-1.987],[2.222,-1.375],[6.482,0.563],[7.878,4.252],[5.798,8.782]],"c":true},"ix":2},"nm":"Path 1","mn":"ADBE Vector Shape - Group","hd":false},{"ty":"fl","c":{"a":0,"k":[1,1,1,1],"ix":4},"o":{"a":0,"k":100,"ix":5},"r":1,"bm":0,"nm":"Fill 1","mn":"ADBE Vector Graphic - Fill","hd":false},{"ty":"tr","p":{"a":0,"k":[71.361,155.871],"ix":2},"a":{"a":0,"k":[0,0],"ix":1},"s":{"a":0,"k":[100,100],"ix":3},"r":{"a":0,"k":0,"ix":6},"o":{"a":0,"k":100,"ix":7},"sk":{"a":0,"k":0,"ix":4},"sa":{"a":0,"k":0,"ix":5},"nm":"Transform"}],"nm":"Group 20","np":2,"cix":2,"bm":0,"ix":20,"mn":"ADBE Vector Group","hd":false},{"ty":"gr","it":[{"ind":0,"ty":"sh","ix":1,"ks":{"a":0,"k":{"i":[[0,0],[0,0],[0,0],[0,0],[0,0],[0,0],[0,0],[0,0],[0,0],[0,0],[0,0],[0,0]],"o":[[0,0],[0,0],[0,0],[0,0],[0,0],[0,0],[0,0],[0,0],[0,0],[0,0],[0,0],[0,0]],"v":[[7.03,10.214],[-7.03,10.214],[-7.03,-10.214],[6.745,-10.214],[6.745,-7.294],[-3.611,-7.294],[-3.611,-1.567],[5.577,-1.567],[5.577,1.254],[-3.611,1.254],[-3.611,7.294],[7.03,7.294]],"c":true},"ix":2},"nm":"Path 1","mn":"ADBE Vector Shape - Group","hd":false},{"ty":"fl","c":{"a":0,"k":[1,1,1,1],"ix":4},"o":{"a":0,"k":100,"ix":5},"r":1,"bm":0,"nm":"Fill 1","mn":"ADBE Vector Graphic - Fill","hd":false},{"ty":"tr","p":{"a":0,"k":[53.918,155.864],"ix":2},"a":{"a":0,"k":[0,0],"ix":1},"s":{"a":0,"k":[100,100],"ix":3},"r":{"a":0,"k":0,"ix":6},"o":{"a":0,"k":100,"ix":7},"sk":{"a":0,"k":0,"ix":4},"sa":{"a":0,"k":0,"ix":5},"nm":"Transform"}],"nm":"Group 21","np":2,"cix":2,"bm":0,"ix":21,"mn":"ADBE Vector Group","hd":false},{"ty":"gr","it":[{"ind":0,"ty":"sh","ix":1,"ks":{"a":0,"k":{"i":[[1.125,-1.358],[0,-2.355],[-1.125,-1.362],[-1.966,0],[-1.131,1.363],[0,2.355],[1.129,1.358],[1.985,0]],"o":[[-1.125,1.358],[0,2.355],[1.125,1.363],[1.985,0],[1.129,-1.362],[0,-2.355],[-1.131,-1.358],[-1.966,0]],"v":[[-4.644,-5.577],[-6.332,-0.007],[-4.644,5.57],[-0.007,7.614],[4.666,5.57],[6.361,-0.007],[4.666,-5.577],[-0.007,-7.614]],"c":true},"ix":2},"nm":"Path 1","mn":"ADBE Vector Shape - Group","hd":false},{"ind":1,"ty":"sh","ix":2,"ks":{"a":0,"k":{"i":[[0,-3.2],[1.795,-1.938],[2.982,0],[1.785,1.928],[0,3.201],[-1.795,1.937],[-2.972,0],[-1.786,-1.928]],"o":[[0,3.182],[-1.786,1.928],[-2.991,0],[-1.777,-1.919],[0,-3.172],[1.785,-1.928],[2.982,0],[1.795,1.909]],"v":[[9.836,-0.007],[7.144,7.672],[-0.007,10.563],[-7.172,7.672],[-9.836,-0.007],[-7.144,-7.671],[-0.007,-10.563],[7.144,-7.671]],"c":true},"ix":2},"nm":"Path 2","mn":"ADBE Vector Shape - Group","hd":false},{"ty":"mm","mm":1,"nm":"Merge Paths 1","mn":"ADBE Vector Filter - Merge","hd":false},{"ty":"fl","c":{"a":0,"k":[1,1,1,1],"ix":4},"o":{"a":0,"k":100,"ix":5},"r":1,"bm":0,"nm":"Fill 1","mn":"ADBE Vector Graphic - Fill","hd":false},{"ty":"tr","p":{"a":0,"k":[33.247,155.871],"ix":2},"a":{"a":0,"k":[0,0],"ix":1},"s":{"a":0,"k":[100,100],"ix":3},"r":{"a":0,"k":0,"ix":6},"o":{"a":0,"k":100,"ix":7},"sk":{"a":0,"k":0,"ix":4},"sa":{"a":0,"k":0,"ix":5},"nm":"Transform"}],"nm":"Group 22","np":4,"cix":2,"bm":0,"ix":22,"mn":"ADBE Vector Group","hd":false},{"ty":"gr","it":[{"ind":0,"ty":"sh","ix":1,"ks":{"a":0,"k":{"i":[[1.358,0],[1.842,1.929],[0,3.105],[-1.852,1.966],[-3.105,0],[-1.581,-1.125],[-0.532,-2.06],[0,0],[2.944,0],[1.182,-1.368],[0,-2.394],[-1.225,-1.397],[-2.004,0],[-1.131,0.96],[0,1.434],[0,0],[0,0],[0,0],[0,0],[0,0],[0,0],[0,0],[1.111,-0.498]],"o":[[-2.963,0],[-1.814,-1.956],[0,-3.182],[1.832,-1.946],[2.374,0],[1.582,1.126],[0,0],[-0.883,-2.735],[-2.089,0],[-1.182,1.368],[0,2.241],[1.244,1.386],[1.804,0],[1.148,-0.978],[0,0],[0,0],[0,0],[0,0],[0,0],[0,0],[0,0],[-0.712,0.931],[-1.111,0.499]],"v":[[0.2,10.563],[-7.008,7.671],[-9.73,0.079],[-6.952,-7.643],[0.456,-10.563],[6.389,-8.875],[9.559,-4.096],[6.197,-3.512],[0.456,-7.614],[-4.452,-5.563],[-6.226,0.079],[-4.388,5.535],[0.484,7.614],[4.887,6.175],[6.611,2.557],[6.611,1.859],[0.712,1.859],[0.712,-0.848],[9.73,-0.848],[9.73,10.207],[6.639,10.207],[6.639,7.671],[3.904,9.815]],"c":true},"ix":2},"nm":"Path 1","mn":"ADBE Vector Shape - Group","hd":false},{"ty":"fl","c":{"a":0,"k":[1,1,1,1],"ix":4},"o":{"a":0,"k":100,"ix":5},"r":1,"bm":0,"nm":"Fill 1","mn":"ADBE Vector Graphic - Fill","hd":false},{"ty":"tr","p":{"a":0,"k":[10.533,155.871],"ix":2},"a":{"a":0,"k":[0,0],"ix":1},"s":{"a":0,"k":[100,100],"ix":3},"r":{"a":0,"k":0,"ix":6},"o":{"a":0,"k":100,"ix":7},"sk":{"a":0,"k":0,"ix":4},"sa":{"a":0,"k":0,"ix":5},"nm":"Transform"}],"nm":"Group 23","np":2,"cix":2,"bm":0,"ix":23,"mn":"ADBE Vector Group","hd":false},{"ty":"gr","it":[{"ind":0,"ty":"sh","ix":1,"ks":{"a":0,"k":{"i":[[1.358,0],[1.842,1.929],[0,3.105],[-1.852,1.966],[-3.105,0],[-1.581,-1.125],[-0.532,-2.06],[0,0],[2.944,0],[1.182,-1.368],[0,-2.394],[-1.225,-1.397],[-2.004,0],[-1.131,0.96],[0,1.434],[0,0],[0,0],[0,0],[0,0],[0,0],[0,0],[0,0],[1.111,-0.498]],"o":[[-2.963,0],[-1.814,-1.956],[0,-3.182],[1.832,-1.946],[2.374,0],[1.582,1.126],[0,0],[-0.883,-2.735],[-2.089,0],[-1.182,1.368],[0,2.241],[1.244,1.386],[1.804,0],[1.148,-0.978],[0,0],[0,0],[0,0],[0,0],[0,0],[0,0],[0,0],[-0.712,0.931],[-1.111,0.499]],"v":[[0.2,10.563],[-7.008,7.671],[-9.729,0.079],[-6.951,-7.643],[0.456,-10.563],[6.389,-8.875],[9.559,-4.096],[6.197,-3.512],[0.456,-7.614],[-4.451,-5.563],[-6.225,0.079],[-4.387,5.535],[0.484,7.614],[4.887,6.175],[6.611,2.557],[6.611,1.859],[0.712,1.859],[0.712,-0.848],[9.73,-0.848],[9.73,10.207],[6.639,10.207],[6.639,7.671],[3.904,9.815]],"c":true},"ix":2},"nm":"Path 1","mn":"ADBE Vector Shape - Group","hd":false},{"ty":"fl","c":{"a":0,"k":[1,1,1,1],"ix":4},"o":{"a":0,"k":100,"ix":5},"r":1,"bm":0,"nm":"Fill 1","mn":"ADBE Vector Graphic - Fill","hd":false},{"ty":"tr","p":{"a":0,"k":[300.958,120.861],"ix":2},"a":{"a":0,"k":[0,0],"ix":1},"s":{"a":0,"k":[100,100],"ix":3},"r":{"a":0,"k":0,"ix":6},"o":{"a":0,"k":100,"ix":7},"sk":{"a":0,"k":0,"ix":4},"sa":{"a":0,"k":0,"ix":5},"nm":"Transform"}],"nm":"Group 24","np":2,"cix":2,"bm":0,"ix":24,"mn":"ADBE Vector Group","hd":false},{"ty":"gr","it":[{"ind":0,"ty":"sh","ix":1,"ks":{"a":0,"k":{"i":[[0,0],[0,0],[0,0],[0,0],[0,0],[0,0],[0,0],[0,0],[0,0],[0,0]],"o":[[0,0],[0,0],[0,0],[0,0],[0,0],[0,0],[0,0],[0,0],[0,0],[0,0]],"v":[[-4.808,10.214],[-8.07,10.214],[-8.07,-10.214],[-4.309,-10.214],[4.794,4.174],[4.794,-10.214],[8.07,-10.214],[8.07,10.214],[5.092,10.214],[-4.808,-5.399]],"c":true},"ix":2},"nm":"Path 1","mn":"ADBE Vector Shape - Group","hd":false},{"ty":"fl","c":{"a":0,"k":[1,1,1,1],"ix":4},"o":{"a":0,"k":100,"ix":5},"r":1,"bm":0,"nm":"Fill 1","mn":"ADBE Vector Graphic - Fill","hd":false},{"ty":"tr","p":{"a":0,"k":[279.383,120.854],"ix":2},"a":{"a":0,"k":[0,0],"ix":1},"s":{"a":0,"k":[100,100],"ix":3},"r":{"a":0,"k":0,"ix":6},"o":{"a":0,"k":100,"ix":7},"sk":{"a":0,"k":0,"ix":4},"sa":{"a":0,"k":0,"ix":5},"nm":"Transform"}],"nm":"Group 25","np":2,"cix":2,"bm":0,"ix":25,"mn":"ADBE Vector Group","hd":false},{"ty":"gr","it":[{"ind":0,"ty":"sh","ix":1,"ks":{"a":0,"k":{"i":[[0,0],[0,0],[0,0],[0,0]],"o":[[0,0],[0,0],[0,0],[0,0]],"v":[[1.71,10.214],[-1.71,10.214],[-1.71,-10.214],[1.71,-10.214]],"c":true},"ix":2},"nm":"Path 1","mn":"ADBE Vector Shape - Group","hd":false},{"ty":"fl","c":{"a":0,"k":[1,1,1,1],"ix":4},"o":{"a":0,"k":100,"ix":5},"r":1,"bm":0,"nm":"Fill 1","mn":"ADBE Vector Graphic - Fill","hd":false},{"ty":"tr","p":{"a":0,"k":[264.774,120.855],"ix":2},"a":{"a":0,"k":[0,0],"ix":1},"s":{"a":0,"k":[100,100],"ix":3},"r":{"a":0,"k":0,"ix":6},"o":{"a":0,"k":100,"ix":7},"sk":{"a":0,"k":0,"ix":4},"sa":{"a":0,"k":0,"ix":5},"nm":"Transform"}],"nm":"Group 26","np":2,"cix":2,"bm":0,"ix":26,"mn":"ADBE Vector Group","hd":false},{"ty":"gr","it":[{"ind":0,"ty":"sh","ix":1,"ks":{"a":0,"k":{"i":[[0,2.279],[1.206,1.263],[2.023,0],[0,0],[0,0],[0,0],[-1.206,1.378]],"o":[[0,-2.127],[-1.206,-1.264],[0,0],[0,0],[0,0],[2.023,0],[1.206,-1.377]],"v":[[5.756,-0.285],[3.945,-5.37],[-0.898,-7.265],[-5.798,-7.265],[-5.798,7.265],[-0.898,7.265],[3.945,5.199]],"c":true},"ix":2},"nm":"Path 1","mn":"ADBE Vector Shape - Group","hd":false},{"ind":1,"ty":"sh","ix":2,"ks":{"a":0,"k":{"i":[[3.058,0],[0,0],[0,0],[0,0],[-1.824,-1.795],[0,-3.058],[1.842,-1.928]],"o":[[0,0],[0,0],[0,0],[3.096,0],[1.823,1.767],[0,3.144],[-1.843,1.928]],"v":[[-0.898,10.214],[-9.217,10.214],[-9.217,-10.214],[-0.898,-10.214],[6.482,-7.522],[9.217,-0.285],[6.454,7.322]],"c":true},"ix":2},"nm":"Path 2","mn":"ADBE Vector Shape - Group","hd":false},{"ty":"mm","mm":1,"nm":"Merge Paths 1","mn":"ADBE Vector Filter - Merge","hd":false},{"ty":"fl","c":{"a":0,"k":[1,1,1,1],"ix":4},"o":{"a":0,"k":100,"ix":5},"r":1,"bm":0,"nm":"Fill 1","mn":"ADBE Vector Graphic - Fill","hd":false},{"ty":"tr","p":{"a":0,"k":[250.029,120.854],"ix":2},"a":{"a":0,"k":[0,0],"ix":1},"s":{"a":0,"k":[100,100],"ix":3},"r":{"a":0,"k":0,"ix":6},"o":{"a":0,"k":100,"ix":7},"sk":{"a":0,"k":0,"ix":4},"sa":{"a":0,"k":0,"ix":5},"nm":"Transform"}],"nm":"Group 27","np":4,"cix":2,"bm":0,"ix":27,"mn":"ADBE Vector Group","hd":false},{"ty":"gr","it":[{"ind":0,"ty":"sh","ix":1,"ks":{"a":0,"k":{"i":[[0,0],[0,0],[0,0]],"o":[[0,0],[0,0],[0,0]],"v":[[-3.369,2.863],[3.198,2.863],[-0.05,-6.096]],"c":true},"ix":2},"nm":"Path 1","mn":"ADBE Vector Shape - Group","hd":false},{"ind":1,"ty":"sh","ix":2,"ks":{"a":0,"k":{"i":[[0,0],[0,0],[0,0],[0,0],[0,0],[0,0],[0,0],[0,0]],"o":[[0,0],[0,0],[0,0],[0,0],[0,0],[0,0],[0,0],[0,0]],"v":[[4.21,5.698],[-4.423,5.698],[-6.09,10.214],[-9.523,10.214],[-1.83,-10.214],[1.873,-10.214],[9.523,10.214],[5.848,10.214]],"c":true},"ix":2},"nm":"Path 2","mn":"ADBE Vector Shape - Group","hd":false},{"ty":"mm","mm":1,"nm":"Merge Paths 1","mn":"ADBE Vector Filter - Merge","hd":false},{"ty":"fl","c":{"a":0,"k":[1,1,1,1],"ix":4},"o":{"a":0,"k":100,"ix":5},"r":1,"bm":0,"nm":"Fill 1","mn":"ADBE Vector Graphic - Fill","hd":false},{"ty":"tr","p":{"a":0,"k":[228.441,120.854],"ix":2},"a":{"a":0,"k":[0,0],"ix":1},"s":{"a":0,"k":[100,100],"ix":3},"r":{"a":0,"k":0,"ix":6},"o":{"a":0,"k":100,"ix":7},"sk":{"a":0,"k":0,"ix":4},"sa":{"a":0,"k":0,"ix":5},"nm":"Transform"}],"nm":"Group 28","np":4,"cix":2,"bm":0,"ix":28,"mn":"ADBE Vector Group","hd":false},{"ty":"gr","it":[{"ind":0,"ty":"sh","ix":1,"ks":{"a":0,"k":{"i":[[0,0],[0,0],[0,0],[0,0],[0,0],[0,0],[0,0],[0,0],[0,0],[0,0],[0,0],[0,0]],"o":[[0,0],[0,0],[0,0],[0,0],[0,0],[0,0],[0,0],[0,0],[0,0],[0,0],[0,0],[0,0]],"v":[[7.03,10.214],[-7.03,10.214],[-7.03,-10.214],[6.745,-10.214],[6.745,-7.294],[-3.611,-7.294],[-3.611,-1.567],[5.577,-1.567],[5.577,1.254],[-3.611,1.254],[-3.611,7.294],[7.03,7.294]],"c":true},"ix":2},"nm":"Path 1","mn":"ADBE Vector Shape - Group","hd":false},{"ty":"fl","c":{"a":0,"k":[1,1,1,1],"ix":4},"o":{"a":0,"k":100,"ix":5},"r":1,"bm":0,"nm":"Fill 1","mn":"ADBE Vector Graphic - Fill","hd":false},{"ty":"tr","p":{"a":0,"k":[210.107,120.854],"ix":2},"a":{"a":0,"k":[0,0],"ix":1},"s":{"a":0,"k":[100,100],"ix":3},"r":{"a":0,"k":0,"ix":6},"o":{"a":0,"k":100,"ix":7},"sk":{"a":0,"k":0,"ix":4},"sa":{"a":0,"k":0,"ix":5},"nm":"Transform"}],"nm":"Group 29","np":2,"cix":2,"bm":0,"ix":29,"mn":"ADBE Vector Group","hd":false},{"ty":"gr","it":[{"ind":0,"ty":"sh","ix":1,"ks":{"a":0,"k":{"i":[[0,0],[0,0],[0,0],[0,0],[0,0],[0,0],[0,0],[0,0],[0,0],[0,0],[0,0],[0,0]],"o":[[0,0],[0,0],[0,0],[0,0],[0,0],[0,0],[0,0],[0,0],[0,0],[0,0],[0,0],[0,0]],"v":[[-4.722,10.214],[-8.141,10.214],[-8.141,-10.214],[-4.722,-10.214],[-4.722,-1.724],[4.722,-1.724],[4.722,-10.214],[8.141,-10.214],[8.141,10.214],[4.722,10.214],[4.722,1.254],[-4.722,1.254]],"c":true},"ix":2},"nm":"Path 1","mn":"ADBE Vector Shape - Group","hd":false},{"ty":"fl","c":{"a":0,"k":[1,1,1,1],"ix":4},"o":{"a":0,"k":100,"ix":5},"r":1,"bm":0,"nm":"Fill 1","mn":"ADBE Vector Graphic - Fill","hd":false},{"ty":"tr","p":{"a":0,"k":[190.106,120.854],"ix":2},"a":{"a":0,"k":[0,0],"ix":1},"s":{"a":0,"k":[100,100],"ix":3},"r":{"a":0,"k":0,"ix":6},"o":{"a":0,"k":100,"ix":7},"sk":{"a":0,"k":0,"ix":4},"sa":{"a":0,"k":0,"ix":5},"nm":"Transform"}],"nm":"Group 30","np":2,"cix":2,"bm":0,"ix":30,"mn":"ADBE Vector Group","hd":false},{"ty":"gr","it":[{"ind":0,"ty":"sh","ix":1,"ks":{"a":0,"k":{"i":[[0,0],[0,0],[0,0],[0,0]],"o":[[0,0],[0,0],[0,0],[0,0]],"v":[[3.825,1.41],[-3.825,1.41],[-3.825,-1.41],[3.825,-1.41]],"c":true},"ix":2},"nm":"Path 1","mn":"ADBE Vector Shape - Group","hd":false},{"ty":"fl","c":{"a":0,"k":[1,1,1,1],"ix":4},"o":{"a":0,"k":100,"ix":5},"r":1,"bm":0,"nm":"Fill 1","mn":"ADBE Vector Graphic - Fill","hd":false},{"ty":"tr","p":{"a":0,"k":[173.894,123.119],"ix":2},"a":{"a":0,"k":[0,0],"ix":1},"s":{"a":0,"k":[100,100],"ix":3},"r":{"a":0,"k":0,"ix":6},"o":{"a":0,"k":100,"ix":7},"sk":{"a":0,"k":0,"ix":4},"sa":{"a":0,"k":0,"ix":5},"nm":"Transform"}],"nm":"Group 31","np":2,"cix":2,"bm":0,"ix":31,"mn":"ADBE Vector Group","hd":false},{"ty":"gr","it":[{"ind":0,"ty":"sh","ix":1,"ks":{"a":0,"k":{"i":[[0,0.94],[0.579,0.546],[0.95,0],[0.665,-0.888],[-0.095,-1.681],[0,0],[-1.349,1.377],[-2.261,0],[-1.206,-1.092],[0,-1.738],[0.708,-1.225],[1.557,-1.396],[0,0],[0,0],[0,0],[0,0],[0,0],[0,0],[-0.484,0.85]],"o":[[0,-0.912],[-0.579,-0.546],[-1.329,0],[-0.665,0.888],[0,0],[-0.143,-2.374],[1.349,-1.377],[1.984,0],[1.187,1.073],[0,1.273],[-0.707,1.225],[0,0],[0,0],[0,0],[0,0],[0,0],[0,0],[1.12,-0.997],[0.485,-0.85]],"v":[[3.199,-4.43],[2.329,-6.617],[0.035,-7.436],[-2.956,-6.104],[-3.811,-2.25],[-7.13,-2.692],[-5.321,-8.319],[0.093,-10.385],[4.88,-8.746],[6.66,-4.53],[5.598,-0.783],[2.201,3.149],[-2.671,7.493],[7.272,7.493],[7.272,10.385],[-7.201,10.385],[-7.201,7.522],[0.064,1.026],[2.471,-1.745]],"c":true},"ix":2},"nm":"Path 1","mn":"ADBE Vector Shape - Group","hd":false},{"ty":"fl","c":{"a":0,"k":[1,1,1,1],"ix":4},"o":{"a":0,"k":100,"ix":5},"r":1,"bm":0,"nm":"Fill 1","mn":"ADBE Vector Graphic - Fill","hd":false},{"ty":"tr","p":{"a":0,"k":[160.403,120.683],"ix":2},"a":{"a":0,"k":[0,0],"ix":1},"s":{"a":0,"k":[100,100],"ix":3},"r":{"a":0,"k":0,"ix":6},"o":{"a":0,"k":100,"ix":7},"sk":{"a":0,"k":0,"ix":4},"sa":{"a":0,"k":0,"ix":5},"nm":"Transform"}],"nm":"Group 32","np":2,"cix":2,"bm":0,"ix":32,"mn":"ADBE Vector Group","hd":false},{"ty":"gr","it":[{"ind":0,"ty":"sh","ix":1,"ks":{"a":0,"k":{"i":[[0,0],[0,0],[0,0],[0,0],[0,0],[0,0],[0,0],[0,0],[0,0],[0,0],[0,0],[0,0]],"o":[[0,0],[0,0],[0,0],[0,0],[0,0],[0,0],[0,0],[0,0],[0,0],[0,0],[0,0],[0,0]],"v":[[-4.722,10.214],[-8.141,10.214],[-8.141,-10.214],[-4.722,-10.214],[-4.722,-1.724],[4.723,-1.724],[4.723,-10.214],[8.142,-10.214],[8.142,10.214],[4.723,10.214],[4.723,1.254],[-4.722,1.254]],"c":true},"ix":2},"nm":"Path 1","mn":"ADBE Vector Shape - Group","hd":false},{"ty":"fl","c":{"a":0,"k":[1,1,1,1],"ix":4},"o":{"a":0,"k":100,"ix":5},"r":1,"bm":0,"nm":"Fill 1","mn":"ADBE Vector Graphic - Fill","hd":false},{"ty":"tr","p":{"a":0,"k":[141.172,120.854],"ix":2},"a":{"a":0,"k":[0,0],"ix":1},"s":{"a":0,"k":[100,100],"ix":3},"r":{"a":0,"k":0,"ix":6},"o":{"a":0,"k":100,"ix":7},"sk":{"a":0,"k":0,"ix":4},"sa":{"a":0,"k":0,"ix":5},"nm":"Transform"}],"nm":"Group 33","np":2,"cix":2,"bm":0,"ix":33,"mn":"ADBE Vector Group","hd":false},{"ty":"gr","it":[{"ind":0,"ty":"sh","ix":1,"ks":{"a":0,"k":{"i":[[0,0],[0,0],[0,0],[0,0],[0,0],[0,0],[0,0],[0,0],[0,0],[0,0],[0,0],[0,0]],"o":[[0,0],[0,0],[0,0],[0,0],[0,0],[0,0],[0,0],[0,0],[0,0],[0,0],[0,0],[0,0]],"v":[[-4.723,10.214],[-8.142,10.214],[-8.142,-10.214],[-4.723,-10.214],[-4.723,-1.724],[4.723,-1.724],[4.723,-10.214],[8.142,-10.214],[8.142,10.214],[4.723,10.214],[4.723,1.254],[-4.723,1.254]],"c":true},"ix":2},"nm":"Path 1","mn":"ADBE Vector Shape - Group","hd":false},{"ty":"fl","c":{"a":0,"k":[1,1,1,1],"ix":4},"o":{"a":0,"k":100,"ix":5},"r":1,"bm":0,"nm":"Fill 1","mn":"ADBE Vector Graphic - Fill","hd":false},{"ty":"tr","p":{"a":0,"k":[113.735,120.854],"ix":2},"a":{"a":0,"k":[0,0],"ix":1},"s":{"a":0,"k":[100,100],"ix":3},"r":{"a":0,"k":0,"ix":6},"o":{"a":0,"k":100,"ix":7},"sk":{"a":0,"k":0,"ix":4},"sa":{"a":0,"k":0,"ix":5},"nm":"Transform"}],"nm":"Group 34","np":2,"cix":2,"bm":0,"ix":34,"mn":"ADBE Vector Group","hd":false},{"ty":"gr","it":[{"ind":0,"ty":"sh","ix":1,"ks":{"a":0,"k":{"i":[[2.232,0],[1.472,1.188],[0.029,2.061],[0,0],[-0.836,-0.731],[-1.52,0],[-0.708,0.584],[0,0.988],[0.484,0.436],[1.206,0.247],[0,0],[0,3.134],[-1.321,1.121],[-2.165,0],[-1.33,-1.063],[-0.181,-1.843],[0,0],[2.479,0],[0.66,-0.522],[0,-0.883],[-0.465,-0.466],[-1.026,-0.19],[0,0],[-0.931,-0.931],[0,-1.528],[1.386,-1.215]],"o":[[-2.536,0],[-1.49,-1.205],[0,0],[0.057,1.396],[0.836,0.732],[1.225,0],[0.707,-0.584],[0,-0.807],[-0.484,-0.437],[0,0],[-3.79,-0.778],[0,-1.614],[1.301,-1.13],[2.194,0],[1.329,1.064],[0,0],[-0.257,-2.374],[-1.168,0],[-0.661,0.522],[0,0.826],[0.466,0.465],[0,0],[1.909,0.361],[0.931,0.931],[0,1.805],[-1.358,1.188]],"v":[[0.413,10.563],[-5.599,8.782],[-7.878,3.882],[-4.459,3.498],[-3.12,6.688],[0.413,7.785],[3.312,6.909],[4.373,4.552],[3.647,2.686],[1.111,1.66],[-1.581,1.104],[-7.265,-4.765],[-5.285,-8.868],[-0.086,-10.563],[5.2,-8.968],[7.465,-4.608],[3.989,-4.238],[-0.114,-7.799],[-2.856,-7.016],[-3.846,-4.908],[-3.149,-2.97],[-0.912,-1.987],[2.222,-1.375],[6.482,0.563],[7.878,4.252],[5.798,8.782]],"c":true},"ix":2},"nm":"Path 1","mn":"ADBE Vector Shape - Group","hd":false},{"ty":"fl","c":{"a":0,"k":[1,1,1,1],"ix":4},"o":{"a":0,"k":100,"ix":5},"r":1,"bm":0,"nm":"Fill 1","mn":"ADBE Vector Graphic - Fill","hd":false},{"ty":"tr","p":{"a":0,"k":[94.026,120.861],"ix":2},"a":{"a":0,"k":[0,0],"ix":1},"s":{"a":0,"k":[100,100],"ix":3},"r":{"a":0,"k":0,"ix":6},"o":{"a":0,"k":100,"ix":7},"sk":{"a":0,"k":0,"ix":4},"sa":{"a":0,"k":0,"ix":5},"nm":"Transform"}],"nm":"Group 35","np":2,"cix":2,"bm":0,"ix":35,"mn":"ADBE Vector Group","hd":false},{"ty":"gr","it":[{"ind":0,"ty":"sh","ix":1,"ks":{"a":0,"k":{"i":[[0,0],[0,0],[0,0],[0,0]],"o":[[0,0],[0,0],[0,0],[0,0]],"v":[[1.71,10.214],[-1.71,10.214],[-1.71,-10.214],[1.71,-10.214]],"c":true},"ix":2},"nm":"Path 1","mn":"ADBE Vector Shape - Group","hd":false},{"ty":"fl","c":{"a":0,"k":[1,1,1,1],"ix":4},"o":{"a":0,"k":100,"ix":5},"r":1,"bm":0,"nm":"Fill 1","mn":"ADBE Vector Graphic - Fill","hd":false},{"ty":"tr","p":{"a":0,"k":[80.863,120.855],"ix":2},"a":{"a":0,"k":[0,0],"ix":1},"s":{"a":0,"k":[100,100],"ix":3},"r":{"a":0,"k":0,"ix":6},"o":{"a":0,"k":100,"ix":7},"sk":{"a":0,"k":0,"ix":4},"sa":{"a":0,"k":0,"ix":5},"nm":"Transform"}],"nm":"Group 36","np":2,"cix":2,"bm":0,"ix":36,"mn":"ADBE Vector Group","hd":false},{"ty":"gr","it":[{"ind":0,"ty":"sh","ix":1,"ks":{"a":0,"k":{"i":[[0,0],[0,0],[0,0],[0,0],[0,0],[0,0]],"o":[[0,0],[0,0],[0,0],[0,0],[0,0],[0,0]],"v":[[6.46,10.214],[-6.46,10.214],[-6.46,-10.214],[-3.041,-10.214],[-3.041,7.265],[6.46,7.265]],"c":true},"ix":2},"nm":"Path 1","mn":"ADBE Vector Shape - Group","hd":false},{"ty":"fl","c":{"a":0,"k":[1,1,1,1],"ix":4},"o":{"a":0,"k":100,"ix":5},"r":1,"bm":0,"nm":"Fill 1","mn":"ADBE Vector Graphic - Fill","hd":false},{"ty":"tr","p":{"a":0,"k":[69.745,120.854],"ix":2},"a":{"a":0,"k":[0,0],"ix":1},"s":{"a":0,"k":[100,100],"ix":3},"r":{"a":0,"k":0,"ix":6},"o":{"a":0,"k":100,"ix":7},"sk":{"a":0,"k":0,"ix":4},"sa":{"a":0,"k":0,"ix":5},"nm":"Transform"}],"nm":"Group 37","np":2,"cix":2,"bm":0,"ix":37,"mn":"ADBE Vector Group","hd":false},{"ty":"gr","it":[{"ind":0,"ty":"sh","ix":1,"ks":{"a":0,"k":{"i":[[1.358,0],[1.842,1.929],[0,3.105],[-1.852,1.966],[-3.105,0],[-1.581,-1.125],[-0.532,-2.06],[0,0],[2.944,0],[1.182,-1.368],[0,-2.394],[-1.225,-1.397],[-2.004,0],[-1.131,0.96],[0,1.434],[0,0],[0,0],[0,0],[0,0],[0,0],[0,0],[0,0],[1.111,-0.498]],"o":[[-2.963,0],[-1.814,-1.956],[0,-3.182],[1.832,-1.946],[2.374,0],[1.582,1.126],[0,0],[-0.883,-2.735],[-2.089,0],[-1.182,1.368],[0,2.241],[1.244,1.386],[1.804,0],[1.148,-0.978],[0,0],[0,0],[0,0],[0,0],[0,0],[0,0],[0,0],[-0.712,0.931],[-1.111,0.499]],"v":[[0.2,10.563],[-7.008,7.671],[-9.73,0.079],[-6.952,-7.643],[0.456,-10.563],[6.389,-8.875],[9.559,-4.096],[6.197,-3.512],[0.456,-7.614],[-4.452,-5.563],[-6.226,0.079],[-4.388,5.535],[0.484,7.614],[4.887,6.175],[6.611,2.557],[6.611,1.859],[0.712,1.859],[0.712,-0.848],[9.73,-0.848],[9.73,10.207],[6.639,10.207],[6.639,7.671],[3.904,9.815]],"c":true},"ix":2},"nm":"Path 1","mn":"ADBE Vector Shape - Group","hd":false},{"ty":"fl","c":{"a":0,"k":[1,1,1,1],"ix":4},"o":{"a":0,"k":100,"ix":5},"r":1,"bm":0,"nm":"Fill 1","mn":"ADBE Vector Graphic - Fill","hd":false},{"ty":"tr","p":{"a":0,"k":[49.352,120.861],"ix":2},"a":{"a":0,"k":[0,0],"ix":1},"s":{"a":0,"k":[100,100],"ix":3},"r":{"a":0,"k":0,"ix":6},"o":{"a":0,"k":100,"ix":7},"sk":{"a":0,"k":0,"ix":4},"sa":{"a":0,"k":0,"ix":5},"nm":"Transform"}],"nm":"Group 38","np":2,"cix":2,"bm":0,"ix":38,"mn":"ADBE Vector Group","hd":false},{"ty":"gr","it":[{"ind":0,"ty":"sh","ix":1,"ks":{"a":0,"k":{"i":[[0,0],[0,0],[0,0],[0,0],[0,0],[0,0],[0,0],[0,0],[0,0],[0,0]],"o":[[0,0],[0,0],[0,0],[0,0],[0,0],[0,0],[0,0],[0,0],[0,0],[0,0]],"v":[[-4.808,10.214],[-8.07,10.214],[-8.07,-10.214],[-4.309,-10.214],[4.794,4.174],[4.794,-10.214],[8.07,-10.214],[8.07,10.214],[5.092,10.214],[-4.808,-5.399]],"c":true},"ix":2},"nm":"Path 1","mn":"ADBE Vector Shape - Group","hd":false},{"ty":"fl","c":{"a":0,"k":[1,1,1,1],"ix":4},"o":{"a":0,"k":100,"ix":5},"r":1,"bm":0,"nm":"Fill 1","mn":"ADBE Vector Graphic - Fill","hd":false},{"ty":"tr","p":{"a":0,"k":[27.777,120.854],"ix":2},"a":{"a":0,"k":[0,0],"ix":1},"s":{"a":0,"k":[100,100],"ix":3},"r":{"a":0,"k":0,"ix":6},"o":{"a":0,"k":100,"ix":7},"sk":{"a":0,"k":0,"ix":4},"sa":{"a":0,"k":0,"ix":5},"nm":"Transform"}],"nm":"Group 39","np":2,"cix":2,"bm":0,"ix":39,"mn":"ADBE Vector Group","hd":false},{"ty":"gr","it":[{"ind":0,"ty":"sh","ix":1,"ks":{"a":0,"k":{"i":[[0,0],[0,0],[0,0],[0,0],[0,0],[0,0],[0,0],[0,0],[0,0],[0,0],[0,0],[0,0]],"o":[[0,0],[0,0],[0,0],[0,0],[0,0],[0,0],[0,0],[0,0],[0,0],[0,0],[0,0],[0,0]],"v":[[7.03,10.214],[-7.03,10.214],[-7.03,-10.214],[6.745,-10.214],[6.745,-7.294],[-3.611,-7.294],[-3.611,-1.567],[5.577,-1.567],[5.577,1.254],[-3.611,1.254],[-3.611,7.294],[7.03,7.294]],"c":true},"ix":2},"nm":"Path 1","mn":"ADBE Vector Shape - Group","hd":false},{"ty":"fl","c":{"a":0,"k":[1,1,1,1],"ix":4},"o":{"a":0,"k":100,"ix":5},"r":1,"bm":0,"nm":"Fill 1","mn":"ADBE Vector Graphic - Fill","hd":false},{"ty":"tr","p":{"a":0,"k":[8.887,120.854],"ix":2},"a":{"a":0,"k":[0,0],"ix":1},"s":{"a":0,"k":[100,100],"ix":3},"r":{"a":0,"k":0,"ix":6},"o":{"a":0,"k":100,"ix":7},"sk":{"a":0,"k":0,"ix":4},"sa":{"a":0,"k":0,"ix":5},"nm":"Transform"}],"nm":"Group 40","np":2,"cix":2,"bm":0,"ix":40,"mn":"ADBE Vector Group","hd":false}],"ip":-1,"op":8275,"st":25,"bm":0},{"ddd":0,"ind":3,"ty":5,"nm":"zeeen.ir","cl":"ir","sr":1,"ks":{"o":{"a":0,"k":100,"ix":11},"r":{"a":0,"k":0,"ix":10},"p":{"a":1,"k":[{"i":{"x":0.667,"y":1},"o":{"x":0.333,"y":0},"t":25,"s":[505.403,993.744,0],"to":[-70,0,0],"ti":[70,0,0]},{"t":75,"s":[85.403,993.744,0]}],"ix":2},"a":{"a":0,"k":[0,0,0],"ix":1},"s":{"a":0,"k":[100,100,100],"ix":6}},"ao":0,"t":{"d":{"k":[{"s":{"s":29.1749992370605,"f":"Approach-Light","t":"zeeen.ir","j":0,"tr":0,"lh":35.0099990844727,"ls":0,"fc":[1,1,1]},"t":0}]},"p":{},"m":{"g":1,"a":{"a":0,"k":[0,0],"ix":2}},"a":[]},"ip":-1,"op":8275,"st":25,"bm":0},{"ddd":0,"ind":4,"ty":4,"nm":"Layer 4 Outlines 4","sr":1,"ks":{"o":{"a":0,"k":100,"ix":11},"r":{"a":0,"k":0,"ix":10},"p":{"a":0,"k":[86.267,174.001,0],"ix":2},"a":{"a":0,"k":[0.367,0.5,0],"ix":1},"s":{"a":1,"k":[{"i":{"x":[0.667,0.667,0.667],"y":[1,1,1]},"o":{"x":[0.333,0.333,0.333],"y":[0,0,0]},"t":75,"s":[0,100,100]},{"t":100,"s":[100,100,100]}],"ix":6}},"ao":0,"shapes":[{"ty":"gr","it":[{"ind":0,"ty":"sh","ix":1,"ks":{"a":0,"k":{"i":[[0,0],[0,0]],"o":[[0,0],[0,0]],"v":[[1745.531,0.7],[0.5,0.5]],"c":false},"ix":2},"nm":"Path 1","mn":"ADBE Vector Shape - Group","hd":false},{"ty":"st","c":{"a":0,"k":[1,1,1,1],"ix":3},"o":{"a":0,"k":100,"ix":4},"w":{"a":0,"k":1,"ix":5},"lc":1,"lj":1,"ml":10,"bm":0,"d":[{"n":"d","nm":"dash","v":{"a":0,"k":12,"ix":1}},{"n":"g","nm":"gap","v":{"a":0,"k":12,"ix":2}},{"n":"o","nm":"offset","v":{"a":0,"k":0,"ix":7}}],"nm":"Stroke 1","mn":"ADBE Vector Graphic - Stroke","hd":false},{"ty":"tr","p":{"a":0,"k":[0,0],"ix":2},"a":{"a":0,"k":[0,0],"ix":1},"s":{"a":0,"k":[100,100],"ix":3},"r":{"a":0,"k":0,"ix":6},"o":{"a":0,"k":100,"ix":7},"sk":{"a":0,"k":0,"ix":4},"sa":{"a":0,"k":0,"ix":5},"nm":"Transform"}],"nm":"Group 1","np":2,"cix":2,"bm":0,"ix":1,"mn":"ADBE Vector Group","hd":false}],"ip":75,"op":8275,"st":25,"bm":0},{"ddd":0,"ind":5,"ty":4,"nm":"Layer 5 Outlines 7","sr":1,"ks":{"o":{"a":1,"k":[{"i":{"x":[0.667],"y":[1]},"o":{"x":[0.333],"y":[0]},"t":75,"s":[0]},{"t":100,"s":[100]}],"ix":11},"r":{"a":0,"k":0,"ix":10},"p":{"a":0,"k":[1790.384,131.001,0],"ix":2},"a":{"a":0,"k":[43.466,43.451,0],"ix":1},"s":{"a":0,"k":[100,100,100],"ix":6}},"ao":0,"shapes":[{"ty":"gr","it":[{"ind":0,"ty":"sh","ix":1,"ks":{"a":0,"k":{"i":[[0,0],[0,0],[0,0],[0,0]],"o":[[0,0],[0,0],[0,0],[0,0]],"v":[[29.489,-38.259],[-43.216,21.581],[-29.49,38.259],[43.216,-21.581]],"c":true},"ix":2},"nm":"Path 1","mn":"ADBE Vector Shape - Group","hd":false},{"ty":"fl","c":{"a":0,"k":[1,1,1,1],"ix":4},"o":{"a":0,"k":100,"ix":5},"r":1,"bm":0,"nm":"Fill 1","mn":"ADBE Vector Graphic - Fill","hd":false},{"ty":"tr","p":{"a":0,"k":[43.466,43.469],"ix":2},"a":{"a":0,"k":[0,0],"ix":1},"s":{"a":0,"k":[100,100],"ix":3},"r":{"a":0,"k":0,"ix":6},"o":{"a":0,"k":100,"ix":7},"sk":{"a":0,"k":0,"ix":4},"sa":{"a":0,"k":0,"ix":5},"nm":"Transform"}],"nm":"Group 1","np":2,"cix":2,"bm":0,"ix":1,"mn":"ADBE Vector Group","hd":false},{"ty":"gr","it":[{"ind":0,"ty":"sh","ix":1,"ks":{"a":0,"k":{"i":[[0,0],[0,0],[0,0],[0,0]],"o":[[0,0],[0,0],[0,0],[0,0]],"v":[[43.199,-10.801],[-43.199,-10.801],[-43.199,10.801],[43.199,10.801]],"c":true},"ix":2},"nm":"Path 1","mn":"ADBE Vector Shape - Group","hd":false},{"ty":"fl","c":{"a":0,"k":[1,1,1,1],"ix":4},"o":{"a":0,"k":100,"ix":5},"r":1,"bm":0,"nm":"Fill 1","mn":"ADBE Vector Graphic - Fill","hd":false},{"ty":"tr","p":{"a":0,"k":[43.449,75.851],"ix":2},"a":{"a":0,"k":[0,0],"ix":1},"s":{"a":0,"k":[100,100],"ix":3},"r":{"a":0,"k":0,"ix":6},"o":{"a":0,"k":100,"ix":7},"sk":{"a":0,"k":0,"ix":4},"sa":{"a":0,"k":0,"ix":5},"nm":"Transform"}],"nm":"Group 2","np":2,"cix":2,"bm":0,"ix":2,"mn":"ADBE Vector Group","hd":false},{"ty":"gr","it":[{"ind":0,"ty":"sh","ix":1,"ks":{"a":0,"k":{"i":[[0,0],[0,0],[0,0],[0,0]],"o":[[0,0],[0,0],[0,0],[0,0]],"v":[[43.199,-10.8],[-43.199,-10.8],[-43.199,10.8],[43.199,10.8]],"c":true},"ix":2},"nm":"Path 1","mn":"ADBE Vector Shape - Group","hd":false},{"ty":"fl","c":{"a":0,"k":[1,1,1,1],"ix":4},"o":{"a":0,"k":100,"ix":5},"r":1,"bm":0,"nm":"Fill 1","mn":"ADBE Vector Graphic - Fill","hd":false},{"ty":"tr","p":{"a":0,"k":[43.449,11.05],"ix":2},"a":{"a":0,"k":[0,0],"ix":1},"s":{"a":0,"k":[100,100],"ix":3},"r":{"a":0,"k":0,"ix":6},"o":{"a":0,"k":100,"ix":7},"sk":{"a":0,"k":0,"ix":4},"sa":{"a":0,"k":0,"ix":5},"nm":"Transform"}],"nm":"Group 3","np":2,"cix":2,"bm":0,"ix":3,"mn":"ADBE Vector Group","hd":false}],"ip":75,"op":8275,"st":25,"bm":0},{"ddd":0,"ind":6,"ty":4,"nm":"Layer 3 Outlines 4","sr":1,"ks":{"o":{"a":0,"k":100,"ix":11},"r":{"a":0,"k":0,"ix":10},"p":{"a":1,"k":[{"i":{"x":0.667,"y":1},"o":{"x":0.333,"y":0},"t":25,"s":[960,864.199,0],"to":[0,21.65,0],"ti":[0,-21.65,0]},{"t":75,"s":[960,994.1,0]}],"ix":2},"a":{"a":0,"k":[454.252,605.52,0],"ix":1},"s":{"a":1,"k":[{"i":{"x":[0.667,0.667,0.667],"y":[1,1,1]},"o":{"x":[0.333,0.333,0.333],"y":[0,0,0]},"t":25,"s":[100,100,100]},{"t":75,"s":[149.895,149.895,100]}],"ix":6}},"ao":0,"shapes":[{"ty":"gr","it":[{"ind":0,"ty":"sh","ix":1,"ks":{"a":0,"k":{"i":[[177.278,2.514],[0,0],[109.125,-123.642],[0,0],[0,0],[0,0]],"o":[[0,0],[-177.278,2.514],[0,0],[0,0],[0,0],[-109.126,-123.642]],"v":[[8.757,-302.635],[-8.758,-302.635],[-454.002,-97.758],[-454.002,302.635],[454.003,302.635],[454.003,-97.758]],"c":true},"ix":2},"nm":"Path 1","mn":"ADBE Vector Shape - Group","hd":false},{"ty":"fl","c":{"a":0,"k":[0.662745098039,0.686274509804,0.690196078431,1],"ix":4},"o":{"a":0,"k":100,"ix":5},"r":1,"bm":0,"nm":"Fill 1","mn":"ADBE Vector Graphic - Fill","hd":false},{"ty":"tr","p":{"a":0,"k":[454.252,302.885],"ix":2},"a":{"a":0,"k":[0,0],"ix":1},"s":{"a":0,"k":[100,100],"ix":3},"r":{"a":0,"k":0,"ix":6},"o":{"a":0,"k":100,"ix":7},"sk":{"a":0,"k":0,"ix":4},"sa":{"a":0,"k":0,"ix":5},"nm":"Transform"}],"nm":"Group 1","np":2,"cix":2,"bm":0,"ix":1,"mn":"ADBE Vector Group","hd":false}],"ip":-1,"op":8275,"st":25,"bm":0},{"ddd":0,"ind":7,"ty":4,"nm":"Layer 4 Outlines 5","sr":1,"ks":{"o":{"a":0,"k":100,"ix":11},"r":{"a":0,"k":0,"ix":10},"p":{"a":0,"k":[960,972,0],"ix":2},"a":{"a":0,"k":[97.497,21.849,0],"ix":1},"s":{"a":0,"k":[100,100,100],"ix":6}},"ao":0,"shapes":[{"ty":"gr","it":[{"ind":0,"ty":"sh","ix":1,"ks":{"a":0,"k":{"i":[[0,0],[0,0],[0,0],[0,0],[0,0],[0,0],[0,0],[0,0],[0,0],[0,0]],"o":[[0,0],[0,0],[0,0],[0,0],[0,0],[0,0],[0,0],[0,0],[0,0],[0,0]],"v":[[16.2,21.6],[9.027,21.6],[-9,-7.818],[-9,21.6],[-16.2,21.6],[-16.2,-21.6],[-9.003,-21.6],[9,7.777],[9,-21.6],[16.2,-21.6]],"c":true},"ix":2},"nm":"Path 1","mn":"ADBE Vector Shape - Group","hd":false},{"ty":"fl","c":{"a":0,"k":[1,1,1,1],"ix":4},"o":{"a":0,"k":100,"ix":5},"r":1,"bm":0,"nm":"Fill 1","mn":"ADBE Vector Graphic - Fill","hd":false},{"ty":"tr","p":{"a":0,"k":[178.545,21.849],"ix":2},"a":{"a":0,"k":[0,0],"ix":1},"s":{"a":0,"k":[100,100],"ix":3},"r":{"a":0,"k":0,"ix":6},"o":{"a":0,"k":100,"ix":7},"sk":{"a":0,"k":0,"ix":4},"sa":{"a":0,"k":0,"ix":5},"nm":"Transform"}],"nm":"Group 1","np":2,"cix":2,"bm":0,"ix":1,"mn":"ADBE Vector Group","hd":false},{"ty":"gr","it":[{"ind":0,"ty":"sh","ix":1,"ks":{"a":0,"k":{"i":[[0,0],[0,0],[0,0],[0,0]],"o":[[0,0],[0,0],[0,0],[0,0]],"v":[[12.6,3.6],[-12.6,3.6],[-12.6,-3.6],[12.6,-3.6]],"c":true},"ix":2},"nm":"Path 1","mn":"ADBE Vector Shape - Group","hd":false},{"ty":"fl","c":{"a":0,"k":[1,1,1,1],"ix":4},"o":{"a":0,"k":100,"ix":5},"r":1,"bm":0,"nm":"Fill 1","mn":"ADBE Vector Graphic - Fill","hd":false},{"ty":"tr","p":{"a":0,"k":[138.945,21.85],"ix":2},"a":{"a":0,"k":[0,0],"ix":1},"s":{"a":0,"k":[100,100],"ix":3},"r":{"a":0,"k":0,"ix":6},"o":{"a":0,"k":100,"ix":7},"sk":{"a":0,"k":0,"ix":4},"sa":{"a":0,"k":0,"ix":5},"nm":"Transform"}],"nm":"Group 2","np":2,"cix":2,"bm":0,"ix":2,"mn":"ADBE Vector Group","hd":false},{"ty":"gr","it":[{"ind":0,"ty":"sh","ix":1,"ks":{"a":0,"k":{"i":[[0,0],[0,0],[0,0],[0,0],[0,0],[0,0],[0,0],[0,0]],"o":[[0,0],[0,0],[0,0],[0,0],[0,0],[0,0],[0,0],[0,0]],"v":[[14.401,21.6],[-14.401,21.6],[-14.401,-21.6],[14.401,-21.6],[14.401,-14.4],[-7.201,-14.4],[-7.201,14.4],[14.401,14.4]],"c":true},"ix":2},"nm":"Path 1","mn":"ADBE Vector Shape - Group","hd":false},{"ty":"fl","c":{"a":0,"k":[1,1,1,1],"ix":4},"o":{"a":0,"k":100,"ix":5},"r":1,"bm":0,"nm":"Fill 1","mn":"ADBE Vector Graphic - Fill","hd":false},{"ty":"tr","p":{"a":0,"k":[137.145,21.849],"ix":2},"a":{"a":0,"k":[0,0],"ix":1},"s":{"a":0,"k":[100,100],"ix":3},"r":{"a":0,"k":0,"ix":6},"o":{"a":0,"k":100,"ix":7},"sk":{"a":0,"k":0,"ix":4},"sa":{"a":0,"k":0,"ix":5},"nm":"Transform"}],"nm":"Group 3","np":2,"cix":2,"bm":0,"ix":3,"mn":"ADBE Vector Group","hd":false},{"ty":"gr","it":[{"ind":0,"ty":"sh","ix":1,"ks":{"a":0,"k":{"i":[[0,0],[0,0],[0,0],[0,0]],"o":[[0,0],[0,0],[0,0],[0,0]],"v":[[12.6,3.6],[-12.6,3.6],[-12.6,-3.6],[12.6,-3.6]],"c":true},"ix":2},"nm":"Path 1","mn":"ADBE Vector Shape - Group","hd":false},{"ty":"fl","c":{"a":0,"k":[1,1,1,1],"ix":4},"o":{"a":0,"k":100,"ix":5},"r":1,"bm":0,"nm":"Fill 1","mn":"ADBE Vector Graphic - Fill","hd":false},{"ty":"tr","p":{"a":0,"k":[99.344,21.85],"ix":2},"a":{"a":0,"k":[0,0],"ix":1},"s":{"a":0,"k":[100,100],"ix":3},"r":{"a":0,"k":0,"ix":6},"o":{"a":0,"k":100,"ix":7},"sk":{"a":0,"k":0,"ix":4},"sa":{"a":0,"k":0,"ix":5},"nm":"Transform"}],"nm":"Group 4","np":2,"cix":2,"bm":0,"ix":4,"mn":"ADBE Vector Group","hd":false},{"ty":"gr","it":[{"ind":0,"ty":"sh","ix":1,"ks":{"a":0,"k":{"i":[[0,0],[0,0],[0,0],[0,0],[0,0],[0,0],[0,0],[0,0]],"o":[[0,0],[0,0],[0,0],[0,0],[0,0],[0,0],[0,0],[0,0]],"v":[[14.4,21.6],[-14.4,21.6],[-14.4,-21.6],[14.4,-21.6],[14.4,-14.4],[-7.2,-14.4],[-7.2,14.4],[14.4,14.4]],"c":true},"ix":2},"nm":"Path 1","mn":"ADBE Vector Shape - Group","hd":false},{"ty":"fl","c":{"a":0,"k":[1,1,1,1],"ix":4},"o":{"a":0,"k":100,"ix":5},"r":1,"bm":0,"nm":"Fill 1","mn":"ADBE Vector Graphic - Fill","hd":false},{"ty":"tr","p":{"a":0,"k":[97.545,21.849],"ix":2},"a":{"a":0,"k":[0,0],"ix":1},"s":{"a":0,"k":[100,100],"ix":3},"r":{"a":0,"k":0,"ix":6},"o":{"a":0,"k":100,"ix":7},"sk":{"a":0,"k":0,"ix":4},"sa":{"a":0,"k":0,"ix":5},"nm":"Transform"}],"nm":"Group 5","np":2,"cix":2,"bm":0,"ix":5,"mn":"ADBE Vector Group","hd":false},{"ty":"gr","it":[{"ind":0,"ty":"sh","ix":1,"ks":{"a":0,"k":{"i":[[0,0],[0,0],[0,0],[0,0]],"o":[[0,0],[0,0],[0,0],[0,0]],"v":[[12.6,3.6],[-12.6,3.6],[-12.6,-3.6],[12.6,-3.6]],"c":true},"ix":2},"nm":"Path 1","mn":"ADBE Vector Shape - Group","hd":false},{"ty":"fl","c":{"a":0,"k":[1,1,1,1],"ix":4},"o":{"a":0,"k":100,"ix":5},"r":1,"bm":0,"nm":"Fill 1","mn":"ADBE Vector Graphic - Fill","hd":false},{"ty":"tr","p":{"a":0,"k":[59.657,21.85],"ix":2},"a":{"a":0,"k":[0,0],"ix":1},"s":{"a":0,"k":[100,100],"ix":3},"r":{"a":0,"k":0,"ix":6},"o":{"a":0,"k":100,"ix":7},"sk":{"a":0,"k":0,"ix":4},"sa":{"a":0,"k":0,"ix":5},"nm":"Transform"}],"nm":"Group 6","np":2,"cix":2,"bm":0,"ix":6,"mn":"ADBE Vector Group","hd":false},{"ty":"gr","it":[{"ind":0,"ty":"sh","ix":1,"ks":{"a":0,"k":{"i":[[0,0],[0,0],[0,0],[0,0],[0,0],[0,0],[0,0],[0,0]],"o":[[0,0],[0,0],[0,0],[0,0],[0,0],[0,0],[0,0],[0,0]],"v":[[14.404,21.6],[-14.302,21.6],[-14.404,-21.6],[14.404,-21.6],[14.404,-14.4],[-7.186,-14.4],[-7.116,14.4],[14.404,14.4]],"c":true},"ix":2},"nm":"Path 1","mn":"ADBE Vector Shape - Group","hd":false},{"ty":"fl","c":{"a":0,"k":[1,1,1,1],"ix":4},"o":{"a":0,"k":100,"ix":5},"r":1,"bm":0,"nm":"Fill 1","mn":"ADBE Vector Graphic - Fill","hd":false},{"ty":"tr","p":{"a":0,"k":[57.854,21.849],"ix":2},"a":{"a":0,"k":[0,0],"ix":1},"s":{"a":0,"k":[100,100],"ix":3},"r":{"a":0,"k":0,"ix":6},"o":{"a":0,"k":100,"ix":7},"sk":{"a":0,"k":0,"ix":4},"sa":{"a":0,"k":0,"ix":5},"nm":"Transform"}],"nm":"Group 7","np":2,"cix":2,"bm":0,"ix":7,"mn":"ADBE Vector Group","hd":false},{"ty":"gr","it":[{"ind":0,"ty":"sh","ix":1,"ks":{"a":0,"k":{"i":[[0,0],[0,0],[0,0],[0,0],[0,0],[0,0],[0,0],[0,0]],"o":[[0,0],[0,0],[0,0],[0,0],[0,0],[0,0],[0,0],[0,0]],"v":[[14.446,21.6],[-18.049,21.6],[4.915,-14.4],[-14.354,-14.4],[-14.354,-21.6],[18.049,-21.6],[-4.914,14.4],[14.446,14.4]],"c":true},"ix":2},"nm":"Path 1","mn":"ADBE Vector Shape - Group","hd":false},{"ty":"fl","c":{"a":0,"k":[1,1,1,1],"ix":4},"o":{"a":0,"k":100,"ix":5},"r":1,"bm":0,"nm":"Fill 1","mn":"ADBE Vector Graphic - Fill","hd":false},{"ty":"tr","p":{"a":0,"k":[18.299,21.849],"ix":2},"a":{"a":0,"k":[0,0],"ix":1},"s":{"a":0,"k":[100,100],"ix":3},"r":{"a":0,"k":0,"ix":6},"o":{"a":0,"k":100,"ix":7},"sk":{"a":0,"k":0,"ix":4},"sa":{"a":0,"k":0,"ix":5},"nm":"Transform"}],"nm":"Group 8","np":2,"cix":2,"bm":0,"ix":8,"mn":"ADBE Vector Group","hd":false}],"ip":-1,"op":25,"st":25,"bm":0},{"ddd":0,"ind":8,"ty":4,"nm":"Layer 3 Outlines 2","sr":1,"ks":{"o":{"a":0,"k":100,"ix":11},"r":{"a":0,"k":0,"ix":10},"p":{"a":0,"k":[507.895,737.264,0],"ix":2},"a":{"a":0,"k":[1.863,-2.035,0],"ix":1},"s":{"a":0,"k":[0,100,100],"ix":6}},"ao":0,"shapes":[{"ty":"gr","it":[{"ind":0,"ty":"sh","ix":1,"ks":{"a":0,"k":{"i":[[0,0],[0,0]],"o":[[0,0],[0,0]],"v":[[907.531,0.5],[0.5,0.5]],"c":false},"ix":2},"nm":"Path 1","mn":"ADBE Vector Shape - Group","hd":false},{"ty":"st","c":{"a":0,"k":[1,1,1,1],"ix":3},"o":{"a":0,"k":100,"ix":4},"w":{"a":0,"k":1,"ix":5},"lc":1,"lj":1,"ml":10,"bm":0,"d":[{"n":"d","nm":"dash","v":{"a":0,"k":12,"ix":1}},{"n":"g","nm":"gap","v":{"a":0,"k":12,"ix":2}},{"n":"o","nm":"offset","v":{"a":0,"k":0,"ix":7}}],"nm":"Stroke 1","mn":"ADBE Vector Graphic - Stroke","hd":false},{"ty":"tr","p":{"a":0,"k":[0,0],"ix":2},"a":{"a":0,"k":[0,0],"ix":1},"s":{"a":0,"k":[100,100],"ix":3},"r":{"a":0,"k":0,"ix":6},"o":{"a":0,"k":100,"ix":7},"sk":{"a":0,"k":0,"ix":4},"sa":{"a":0,"k":0,"ix":5},"nm":"Transform"}],"nm":"Group 1","np":2,"cix":2,"bm":0,"ix":1,"mn":"ADBE Vector Group","hd":false}],"ip":-3,"op":8299,"st":49,"bm":0},{"ddd":0,"ind":9,"ty":4,"nm":"Layer 4 Outlines 2","sr":1,"ks":{"o":{"a":0,"k":100,"ix":11},"r":{"a":0,"k":0,"ix":10},"p":{"a":0,"k":[506.4,826.2,0],"ix":2},"a":{"a":0,"k":[0.367,0.5,0],"ix":1},"s":{"a":0,"k":[0,100,100],"ix":6}},"ao":0,"shapes":[{"ty":"gr","it":[{"ind":0,"ty":"sh","ix":1,"ks":{"a":0,"k":{"i":[[0,0],[0,0]],"o":[[0,0],[0,0]],"v":[[907.531,0.5],[0.5,0.5]],"c":false},"ix":2},"nm":"Path 1","mn":"ADBE Vector Shape - Group","hd":false},{"ty":"st","c":{"a":0,"k":[1,1,1,1],"ix":3},"o":{"a":0,"k":100,"ix":4},"w":{"a":0,"k":1,"ix":5},"lc":1,"lj":1,"ml":10,"bm":0,"d":[{"n":"d","nm":"dash","v":{"a":0,"k":12,"ix":1}},{"n":"g","nm":"gap","v":{"a":0,"k":12,"ix":2}},{"n":"o","nm":"offset","v":{"a":0,"k":0,"ix":7}}],"nm":"Stroke 1","mn":"ADBE Vector Graphic - Stroke","hd":false},{"ty":"tr","p":{"a":0,"k":[0,0],"ix":2},"a":{"a":0,"k":[0,0],"ix":1},"s":{"a":0,"k":[100,100],"ix":3},"r":{"a":0,"k":0,"ix":6},"o":{"a":0,"k":100,"ix":7},"sk":{"a":0,"k":0,"ix":4},"sa":{"a":0,"k":0,"ix":5},"nm":"Transform"}],"nm":"Group 1","np":2,"cix":2,"bm":0,"ix":1,"mn":"ADBE Vector Group","hd":false}],"ip":-3,"op":8299,"st":49,"bm":0},{"ddd":0,"ind":10,"ty":4,"nm":"Layer 2 Outlines","sr":1,"ks":{"o":{"a":0,"k":100,"ix":11},"r":{"a":0,"k":0,"ix":10},"p":{"a":0,"k":[960,540.5,0],"ix":2},"a":{"a":0,"k":[454.307,454.307,0],"ix":1},"s":{"a":0,"k":[100,100,100],"ix":6}},"ao":0,"shapes":[{"ty":"gr","it":[{"ind":0,"ty":"sh","ix":1,"ks":{"a":1,"k":[{"i":{"x":0.667,"y":1},"o":{"x":0.333,"y":0},"t":25,"s":[{"i":[[0,0],[0,0],[0,0],[0,0]],"o":[[0,0],[0,0],[0,0],[0,0]],"v":[[453.6,453.6],[-453.6,453.6],[-453.6,-453.6],[453.6,-453.6]],"c":true}]},{"t":75,"s":[{"i":[[0,0],[0,0],[0,0],[0,0]],"o":[[0,0],[0,0],[0,0],[0,0]],"v":[[873.6,453.6],[-873.6,453.6],[-873.6,-453.599],[873.6,-453.6]],"c":true}]}],"ix":2},"nm":"Path 1","mn":"ADBE Vector Shape - Group","hd":false},{"ty":"st","c":{"a":0,"k":[1,1,1,1],"ix":3},"o":{"a":0,"k":100,"ix":4},"w":{"a":0,"k":1,"ix":5},"lc":1,"lj":1,"ml":10,"bm":0,"d":[{"n":"d","nm":"dash","v":{"a":0,"k":12,"ix":1}},{"n":"o","nm":"offset","v":{"a":0,"k":12,"ix":7}}],"nm":"Stroke 1","mn":"ADBE Vector Graphic - Stroke","hd":false},{"ty":"tr","p":{"a":0,"k":[454.307,454.307],"ix":2},"a":{"a":0,"k":[0,0],"ix":1},"s":{"a":0,"k":[100,100],"ix":3},"r":{"a":0,"k":0,"ix":6},"o":{"a":0,"k":100,"ix":7},"sk":{"a":0,"k":0,"ix":4},"sa":{"a":0,"k":0,"ix":5},"nm":"Transform"}],"nm":"Group 1","np":2,"cix":2,"bm":0,"ix":1,"mn":"ADBE Vector Group","hd":false}],"ip":-1,"op":8275,"st":25,"bm":0},{"ddd":0,"ind":11,"ty":1,"nm":"Black Solid 8","sr":1,"ks":{"o":{"a":0,"k":100,"ix":11},"r":{"a":0,"k":0,"ix":10},"p":{"a":0,"k":[960,540,0],"ix":2},"a":{"a":0,"k":[540,540,0],"ix":1},"s":{"a":1,"k":[{"i":{"x":[0.667,0.667,0.667],"y":[1,1,1]},"o":{"x":[0.333,0.333,0.333],"y":[0,0,0]},"t":25,"s":[100,100,100]},{"t":75,"s":[177.778,100,100]}],"ix":6}},"ao":0,"sw":1080,"sh":1080,"sc":"#000000","ip":0,"op":8275,"st":25,"bm":0},{"ddd":0,"ind":12,"ty":1,"nm":"Deep Blue Solid 1","sr":1,"ks":{"o":{"a":0,"k":100,"ix":11},"r":{"a":0,"k":-90,"ix":10},"p":{"a":0,"k":[960,540,0],"ix":2},"a":{"a":0,"k":[540,960,0],"ix":1},"s":{"a":0,"k":[100,100,100],"ix":6}},"ao":0,"sw":1080,"sh":1920,"sc":"#061f6b","ip":0,"op":8250,"st":0,"bm":0}],"markers":[],"chars":[{"ch":"z","size":29.1749992370605,"style":"Light","w":46.78,"data":{"shapes":[{"ty":"gr","it":[{"ind":0,"ty":"sh","ix":1,"ks":{"a":0,"k":{"i":[[0,0],[0,0],[0,0],[0,0],[0,0],[0,0],[0,0],[0,0],[0,0],[0,0]],"o":[[0,0],[0,0],[0,0],[0,0],[0,0],[0,0],[0,0],[0,0],[0,0],[0,0]],"v":[[42.383,-49.707],[5.078,-49.707],[5.078,-43.994],[34.814,-43.994],[3.418,-5.42],[3.418,0],[43.213,0],[43.213,-5.713],[11.279,-5.713],[42.383,-43.896]],"c":true},"ix":2},"nm":"z","mn":"ADBE Vector Shape - Group","hd":false}],"nm":"z","np":3,"cix":2,"bm":0,"ix":1,"mn":"ADBE Vector Group","hd":false}]},"fFamily":"Approach"},{"ch":"e","size":29.1749992370605,"style":"Light","w":53.96,"data":{"shapes":[{"ty":"gr","it":[{"ind":0,"ty":"sh","ix":1,"ks":{"a":0,"k":{"i":[[0.391,12.663],[0,0],[0,0],[3.711,4.086],[6.738,0],[4.231,-4.72],[0,-7.91],[-4.021,-4.475],[-7.65,0],[-3.711,2.881],[-0.652,4.916],[0,0],[7.682,0]],"o":[[0,0],[0,0],[0,-7.356],[-3.711,-4.085],[-7.097,0],[-4.199,4.688],[0,8.464],[4.02,4.476],[5.436,0],[3.711,-2.881],[0,0],[-1.498,7.617],[-10.612,0]],"v":[[11.719,-23.389],[49.219,-23.389],[49.219,-27.588],[43.652,-44.751],[27.979,-50.879],[10.986,-43.799],[4.688,-24.902],[10.718,-5.493],[28.223,1.221],[41.943,-3.101],[48.486,-14.795],[41.992,-15.82],[28.223,-4.395]],"c":true},"ix":2},"nm":"e","mn":"ADBE Vector Shape - Group","hd":false},{"ind":1,"ty":"sh","ix":2,"ks":{"a":0,"k":{"i":[[-0.488,-10.872],[0,0],[-2.718,2.767],[-4.655,0]],"o":[[0,0],[0.553,-5.338],[2.718,-2.766],[8.919,0]],"v":[[41.992,-29.004],[11.914,-29.004],[16.821,-41.162],[27.881,-45.312]],"c":true},"ix":2},"nm":"e","mn":"ADBE Vector Shape - Group","hd":false}],"nm":"e","np":5,"cix":2,"bm":0,"ix":1,"mn":"ADBE Vector Group","hd":false}]},"fFamily":"Approach"},{"ch":"n","size":29.1749992370605,"style":"Light","w":56.79,"data":{"shapes":[{"ty":"gr","it":[{"ind":0,"ty":"sh","ix":1,"ks":{"a":0,"k":{"i":[[3.32,3.337],[5.827,0],[3.385,-5.176],[0,0],[0,0],[0,0],[0,0],[0,0],[-2.507,3.027],[-4.851,0],[-2.246,-2.441],[0,-4.459],[0,0],[0,0],[0,0]],"o":[[-3.32,-3.336],[-7.227,0],[0,0],[0,0],[0,0],[0,0],[0,0],[0,-5.827],[2.506,-3.027],[4.166,0],[2.246,2.441],[0,0],[0,0],[0,0],[0,-5.794]],"v":[[44.434,-45.874],[30.713,-50.879],[14.795,-43.115],[14.795,-49.707],[8.008,-49.707],[8.008,0],[14.795,0],[14.795,-27.1],[18.555,-40.381],[29.59,-44.922],[39.209,-41.26],[42.578,-30.908],[42.578,0],[49.414,0],[49.414,-32.178]],"c":true},"ix":2},"nm":"n","mn":"ADBE Vector Shape - Group","hd":false}],"nm":"n","np":3,"cix":2,"bm":0,"ix":1,"mn":"ADBE Vector Group","hd":false}]},"fFamily":"Approach"},{"ch":".","size":29.1749992370605,"style":"Light","w":23.19,"data":{"shapes":[{"ty":"gr","it":[{"ind":0,"ty":"sh","ix":1,"ks":{"a":0,"k":{"i":[[0,0],[0,0],[0,0],[0,0]],"o":[[0,0],[0,0],[0,0],[0,0]],"v":[[6.982,0],[16.211,0],[16.211,-9.717],[6.982,-9.717]],"c":true},"ix":2},"nm":".","mn":"ADBE Vector Shape - Group","hd":false}],"nm":".","np":3,"cix":2,"bm":0,"ix":1,"mn":"ADBE Vector Group","hd":false}]},"fFamily":"Approach"},{"ch":"i","size":29.1749992370605,"style":"Light","w":22.75,"data":{"shapes":[{"ty":"gr","it":[{"ind":0,"ty":"sh","ix":1,"ks":{"a":0,"k":{"i":[[0,0],[0,0],[0,0],[0,0]],"o":[[0,0],[0,0],[0,0],[0,0]],"v":[[14.795,-70.02],[8.008,-70.02],[8.008,-58.594],[14.795,-58.594]],"c":true},"ix":2},"nm":"i","mn":"ADBE Vector Shape - Group","hd":false},{"ind":1,"ty":"sh","ix":2,"ks":{"a":0,"k":{"i":[[0,0],[0,0],[0,0],[0,0]],"o":[[0,0],[0,0],[0,0],[0,0]],"v":[[14.795,-49.707],[8.008,-49.707],[8.008,0],[14.795,0]],"c":true},"ix":2},"nm":"i","mn":"ADBE Vector Shape - Group","hd":false}],"nm":"i","np":5,"cix":2,"bm":0,"ix":1,"mn":"ADBE Vector Group","hd":false}]},"fFamily":"Approach"},{"ch":"r","size":29.1749992370605,"style":"Light","w":35.25,"data":{"shapes":[{"ty":"gr","it":[{"ind":0,"ty":"sh","ix":1,"ks":{"a":0,"k":{"i":[[0,0],[-2.734,4.053],[-4.395,0],[0,0],[0,0],[0,0],[3.255,-6.477],[0,0],[0,0],[0,0],[0,0]],"o":[[0,-6.575],[2.734,-4.053],[0,0],[0,0],[0,0],[-6.609,0],[0,0],[0,0],[0,0],[0,0],[0,0]],"v":[[14.795,-21.094],[18.896,-37.036],[29.59,-43.115],[33.301,-43.115],[33.301,-49.707],[29.59,-49.707],[14.795,-39.99],[14.795,-49.707],[8.008,-49.707],[8.008,0],[14.795,0]],"c":true},"ix":2},"nm":"r","mn":"ADBE Vector Shape - Group","hd":false}],"nm":"r","np":3,"cix":2,"bm":0,"ix":1,"mn":"ADBE Vector Group","hd":false}]},"fFamily":"Approach"}]}