{"v":"5.5.7","meta":{"g":"LottieFiles AE 0.1.20","a":"","k":"","d":"","tc":""},"fr":25,"ip":0,"op":375,"w":1758,"h":916,"nm":"z new","ddd":0,"assets":[],"fonts":{"list":[{"fName":"Approach-Medium","fFamily":"Approach","fStyle":"Medium","ascent":70.01953125},{"fName":"Approach-Light","fFamily":"Approach","fStyle":"Light","ascent":70.01953125}]},"layers":[{"ddd":0,"ind":1,"ty":4,"nm":"Layer 4 Outlines 2","sr":1,"ks":{"o":{"a":0,"k":100,"ix":11},"r":{"a":0,"k":0,"ix":10},"p":{"a":0,"k":[5.4,493.794,0],"ix":2},"a":{"a":0,"k":[0.367,0.5,0],"ix":1},"s":{"a":1,"k":[{"i":{"x":[0.667,0.667,0.667],"y":[1,1,1]},"o":{"x":[0.333,0.333,0.333],"y":[0,0,0]},"t":215,"s":[0,100,100]},{"t":240,"s":[100,100,100]}],"ix":6}},"ao":0,"shapes":[{"ty":"gr","it":[{"ind":0,"ty":"sh","ix":1,"ks":{"a":0,"k":{"i":[[0,0],[0,0]],"o":[[0,0],[0,0]],"v":[[759.531,1.044],[0.5,0.5]],"c":false},"ix":2},"nm":"Path 1","mn":"ADBE Vector Shape - Group","hd":false},{"ty":"st","c":{"a":0,"k":[1,1,1,1],"ix":3},"o":{"a":0,"k":100,"ix":4},"w":{"a":0,"k":1,"ix":5},"lc":1,"lj":1,"ml":10,"bm":0,"d":[{"n":"d","nm":"dash","v":{"a":0,"k":12,"ix":1}},{"n":"g","nm":"gap","v":{"a":0,"k":12,"ix":2}},{"n":"o","nm":"offset","v":{"a":0,"k":0,"ix":7}}],"nm":"Stroke 1","mn":"ADBE Vector Graphic - Stroke","hd":false},{"ty":"tr","p":{"a":0,"k":[0,0],"ix":2},"a":{"a":0,"k":[0,0],"ix":1},"s":{"a":0,"k":[100,100],"ix":3},"r":{"a":0,"k":0,"ix":6},"o":{"a":0,"k":100,"ix":7},"sk":{"a":0,"k":0,"ix":4},"sa":{"a":0,"k":0,"ix":5},"nm":"Transform"}],"nm":"Group 1","np":2,"cix":2,"bm":0,"ix":1,"mn":"ADBE Vector Group","hd":false}],"ip":0,"op":8250,"st":0,"bm":0},{"ddd":0,"ind":2,"ty":4,"nm":"Layer 4 Outlines","sr":1,"ks":{"o":{"a":0,"k":100,"ix":11},"r":{"a":0,"k":0,"ix":10},"p":{"a":0,"k":[5.4,422.066,0],"ix":2},"a":{"a":0,"k":[0.367,0.5,0],"ix":1},"s":{"a":1,"k":[{"i":{"x":[0.667,0.667,0.667],"y":[1,1,1]},"o":{"x":[0.333,0.333,0.333],"y":[0,0,0]},"t":215,"s":[0,100,100]},{"t":240,"s":[100,100,100]}],"ix":6}},"ao":0,"shapes":[{"ty":"gr","it":[{"ind":0,"ty":"sh","ix":1,"ks":{"a":0,"k":{"i":[[0,0],[0,0]],"o":[[0,0],[0,0]],"v":[[759.031,0.566],[0.5,0.5]],"c":false},"ix":2},"nm":"Path 1","mn":"ADBE Vector Shape - Group","hd":false},{"ty":"st","c":{"a":0,"k":[1,1,1,1],"ix":3},"o":{"a":0,"k":100,"ix":4},"w":{"a":0,"k":1,"ix":5},"lc":1,"lj":1,"ml":10,"bm":0,"d":[{"n":"d","nm":"dash","v":{"a":0,"k":12,"ix":1}},{"n":"g","nm":"gap","v":{"a":0,"k":12,"ix":2}},{"n":"o","nm":"offset","v":{"a":0,"k":0,"ix":7}}],"nm":"Stroke 1","mn":"ADBE Vector Graphic - Stroke","hd":false},{"ty":"tr","p":{"a":0,"k":[0,0],"ix":2},"a":{"a":0,"k":[0,0],"ix":1},"s":{"a":0,"k":[100,100],"ix":3},"r":{"a":0,"k":0,"ix":6},"o":{"a":0,"k":100,"ix":7},"sk":{"a":0,"k":0,"ix":4},"sa":{"a":0,"k":0,"ix":5},"nm":"Transform"}],"nm":"Group 1","np":2,"cix":2,"bm":0,"ix":1,"mn":"ADBE Vector Group","hd":false}],"ip":0,"op":8250,"st":0,"bm":0},{"ddd":0,"ind":3,"ty":4,"nm":"Layer 5 Outlines","sr":1,"ks":{"o":{"a":1,"k":[{"i":{"x":[0.667],"y":[1]},"o":{"x":[0.333],"y":[0]},"t":231,"s":[0]},{"t":240,"s":[100]}],"ix":11},"r":{"a":0,"k":0,"ix":10},"p":{"a":0,"k":[727.75,458.015,0],"ix":2},"a":{"a":0,"k":[36.809,65.542,0],"ix":1},"s":{"a":0,"k":[100,100,100],"ix":6}},"ao":0,"shapes":[{"ty":"gr","it":[{"ind":0,"ty":"sh","ix":1,"ks":{"a":0,"k":{"i":[[0,0],[0,0],[0,0],[0,0]],"o":[[0,0],[0,0],[0,0],[0,0]],"v":[[24.947,-32.366],[-36.559,18.258],[-24.947,32.366],[36.559,-18.257]],"c":true},"ix":2},"nm":"Path 1","mn":"ADBE Vector Shape - Group","hd":false},{"ty":"fl","c":{"a":0,"k":[1,1,1,1],"ix":4},"o":{"a":0,"k":100,"ix":5},"r":1,"bm":0,"nm":"Fill 1","mn":"ADBE Vector Graphic - Fill","hd":false},{"ty":"tr","p":{"a":0,"k":[36.809,65.542],"ix":2},"a":{"a":0,"k":[0,0],"ix":1},"s":{"a":0,"k":[100,100],"ix":3},"r":{"a":0,"k":0,"ix":6},"o":{"a":0,"k":100,"ix":7},"sk":{"a":0,"k":0,"ix":4},"sa":{"a":0,"k":0,"ix":5},"nm":"Transform"}],"nm":"Group 1","np":2,"cix":2,"bm":0,"ix":1,"mn":"ADBE Vector Group","hd":false},{"ty":"gr","it":[{"ind":0,"ty":"sh","ix":1,"ks":{"a":0,"k":{"i":[[0,0],[0,0],[0,0],[0,0]],"o":[[0,0],[0,0],[0,0],[0,0]],"v":[[36.546,-9.136],[-36.546,-9.136],[-36.546,9.136],[36.546,9.136]],"c":true},"ix":2},"nm":"Path 1","mn":"ADBE Vector Shape - Group","hd":false},{"ty":"fl","c":{"a":0,"k":[1,1,1,1],"ix":4},"o":{"a":0,"k":100,"ix":5},"r":1,"bm":0,"nm":"Fill 1","mn":"ADBE Vector Graphic - Fill","hd":false},{"ty":"tr","p":{"a":0,"k":[36.796,92.935],"ix":2},"a":{"a":0,"k":[0,0],"ix":1},"s":{"a":0,"k":[100,100],"ix":3},"r":{"a":0,"k":0,"ix":6},"o":{"a":0,"k":100,"ix":7},"sk":{"a":0,"k":0,"ix":4},"sa":{"a":0,"k":0,"ix":5},"nm":"Transform"}],"nm":"Group 2","np":2,"cix":2,"bm":0,"ix":2,"mn":"ADBE Vector Group","hd":false},{"ty":"gr","it":[{"ind":0,"ty":"sh","ix":1,"ks":{"a":0,"k":{"i":[[0,0],[0,0],[0,0],[0,0]],"o":[[0,0],[0,0],[0,0],[0,0]],"v":[[36.546,-9.137],[-36.546,-9.137],[-36.546,9.137],[36.546,9.137]],"c":true},"ix":2},"nm":"Path 1","mn":"ADBE Vector Shape - Group","hd":false},{"ty":"fl","c":{"a":0,"k":[1,1,1,1],"ix":4},"o":{"a":0,"k":100,"ix":5},"r":1,"bm":0,"nm":"Fill 1","mn":"ADBE Vector Graphic - Fill","hd":false},{"ty":"tr","p":{"a":0,"k":[36.796,38.118],"ix":2},"a":{"a":0,"k":[0,0],"ix":1},"s":{"a":0,"k":[100,100],"ix":3},"r":{"a":0,"k":0,"ix":6},"o":{"a":0,"k":100,"ix":7},"sk":{"a":0,"k":0,"ix":4},"sa":{"a":0,"k":0,"ix":5},"nm":"Transform"}],"nm":"Group 3","np":2,"cix":2,"bm":0,"ix":3,"mn":"ADBE Vector Group","hd":false}],"ip":205,"op":8333,"st":83,"bm":0},{"ddd":0,"ind":4,"ty":5,"nm":"=0.08 x ","cl":"08","sr":1,"ks":{"o":{"a":1,"k":[{"i":{"x":[0.667],"y":[1]},"o":{"x":[0.333],"y":[0]},"t":175,"s":[0]},{"t":185,"s":[100]}],"ix":11},"r":{"a":0,"k":0,"ix":10},"p":{"a":0,"k":[801.5,493.5,0],"ix":2},"a":{"a":0,"k":[0,0,0],"ix":1},"s":{"a":0,"k":[100,100,100],"ix":6}},"ao":0,"t":{"d":{"k":[{"s":{"s":103.207672119141,"f":"Approach-Light","t":"=0.08 x ","j":0,"tr":0,"lh":123.849206542969,"ls":0,"fc":[1,1,1]},"t":0}]},"p":{},"m":{"g":1,"a":{"a":0,"k":[0,0],"ix":2}},"a":[]},"ip":175,"op":8240,"st":-10,"bm":0},{"ddd":0,"ind":5,"ty":4,"nm":"Layer 8 Outlines 3","sr":1,"ks":{"o":{"a":0,"k":100,"ix":11},"r":{"a":0,"k":0,"ix":10},"p":{"a":0,"k":[5.431,458,0],"ix":2},"a":{"a":0,"k":[5,462.497,0],"ix":1},"s":{"a":0,"k":[100,100,100],"ix":6}},"ao":0,"shapes":[{"ty":"gr","it":[{"ind":0,"ty":"sh","ix":1,"ks":{"a":1,"k":[{"i":{"x":0.667,"y":1},"o":{"x":0.333,"y":0},"t":175,"s":[{"i":[[0,0],[0,0]],"o":[[0,0],[0,0]],"v":[[5,5],[5,919.994]],"c":false}]},{"t":215,"s":[{"i":[[0,0],[0,0]],"o":[[0,0],[0,0]],"v":[[5.056,426.062],[5,498.807]],"c":false}]}],"ix":2},"nm":"Path 1","mn":"ADBE Vector Shape - Group","hd":false},{"ty":"st","c":{"a":0,"k":[1,1,1,1],"ix":3},"o":{"a":0,"k":100,"ix":4},"w":{"a":0,"k":10,"ix":5},"lc":1,"lj":1,"ml":10,"bm":0,"nm":"Stroke 1","mn":"ADBE Vector Graphic - Stroke","hd":false},{"ty":"tr","p":{"a":0,"k":[0,0],"ix":2},"a":{"a":0,"k":[0,0],"ix":1},"s":{"a":0,"k":[100,100],"ix":3},"r":{"a":0,"k":0,"ix":6},"o":{"a":0,"k":100,"ix":7},"sk":{"a":0,"k":0,"ix":4},"sa":{"a":0,"k":0,"ix":5},"nm":"Transform"}],"nm":"Group 1","np":2,"cix":2,"bm":0,"ix":1,"mn":"ADBE Vector Group","hd":false}],"ip":175,"op":8240,"st":-10,"bm":0},{"ddd":0,"ind":6,"ty":5,"nm":"Its height assume to be L","sr":1,"ks":{"o":{"a":1,"k":[{"i":{"x":[0.667],"y":[1]},"o":{"x":[0.333],"y":[0]},"t":100,"s":[0]},{"i":{"x":[0.667],"y":[1]},"o":{"x":[0.333],"y":[0]},"t":110,"s":[100]},{"i":{"x":[0.667],"y":[1]},"o":{"x":[0.333],"y":[0]},"t":175,"s":[100]},{"t":185,"s":[0]}],"ix":11},"r":{"a":0,"k":0,"ix":10},"p":{"a":0,"k":[879.57,443.062,0],"ix":2},"a":{"a":0,"k":[0,0,0],"ix":1},"s":{"a":0,"k":[100,100,100],"ix":6}},"ao":0,"t":{"d":{"k":[{"s":{"s":58.3499984741211,"f":"Approach-Medium","t":"Its height assume\rto be L","j":2,"tr":0,"lh":70.0200042724609,"ls":0,"fc":[1,1,1]},"t":0}]},"p":{},"m":{"g":1,"a":{"a":0,"k":[0,0],"ix":2}},"a":[]},"ip":100,"op":186,"st":25,"bm":0},{"ddd":0,"ind":7,"ty":5,"nm":"L","sr":1,"ks":{"o":{"a":1,"k":[{"i":{"x":[0.667],"y":[1]},"o":{"x":[0.333],"y":[0]},"t":100,"s":[0]},{"t":110,"s":[100]}],"ix":11},"r":{"a":0,"k":0,"ix":10},"p":{"a":1,"k":[{"i":{"x":0.667,"y":1},"o":{"x":0.333,"y":0},"t":175,"s":[65.5,493.5,0],"to":[183.5,0,0],"ti":[-183.5,0,0]},{"t":215,"s":[1166.5,493.5,0]}],"ix":2},"a":{"a":0,"k":[0,0,0],"ix":1},"s":{"a":0,"k":[100,100,100],"ix":6}},"ao":0,"t":{"d":{"k":[{"s":{"s":103.207672119141,"f":"Approach-Light","t":"L","j":0,"tr":0,"lh":123.849206542969,"ls":0,"fc":[1,1,1]},"t":0}]},"p":{},"m":{"g":1,"a":{"a":0,"k":[0,0],"ix":2}},"a":[]},"ip":100,"op":467,"st":0,"bm":0},{"ddd":0,"ind":8,"ty":4,"nm":"Layer 2 Outlines","sr":1,"ks":{"o":{"a":1,"k":[{"i":{"x":[0.667],"y":[1]},"o":{"x":[0.333],"y":[0]},"t":100,"s":[0]},{"i":{"x":[0.667],"y":[1]},"o":{"x":[0.333],"y":[0]},"t":110,"s":[100]},{"i":{"x":[0.667],"y":[1]},"o":{"x":[0.333],"y":[0]},"t":175,"s":[100]},{"t":185,"s":[0]}],"ix":11},"r":{"a":0,"k":0,"ix":10},"p":{"a":0,"k":[93.321,729.773,0],"ix":2},"a":{"a":0,"k":[13.501,185.974,0],"ix":1},"s":{"a":0,"k":[100,100,100],"ix":6}},"ao":0,"shapes":[{"ty":"gr","it":[{"ind":0,"ty":"sh","ix":1,"ks":{"a":0,"k":{"i":[[0,0],[0,0],[0,0],[0,0]],"o":[[0,0],[0,0],[0,0],[0,0]],"v":[[-13.251,0.5],[13.251,0.5],[13.251,-0.5],[-13.251,-0.5]],"c":true},"ix":2},"nm":"Path 1","mn":"ADBE Vector Shape - Group","hd":false},{"ty":"fl","c":{"a":0,"k":[1,1,1,1],"ix":4},"o":{"a":0,"k":100,"ix":5},"r":1,"bm":0,"nm":"Fill 1","mn":"ADBE Vector Graphic - Fill","hd":false},{"ty":"tr","p":{"a":0,"k":[13.501,371.199],"ix":2},"a":{"a":0,"k":[0,0],"ix":1},"s":{"a":0,"k":[100,100],"ix":3},"r":{"a":0,"k":0,"ix":6},"o":{"a":0,"k":100,"ix":7},"sk":{"a":0,"k":0,"ix":4},"sa":{"a":0,"k":0,"ix":5},"nm":"Transform"}],"nm":"Group 1","np":2,"cix":2,"bm":0,"ix":1,"mn":"ADBE Vector Group","hd":false},{"ty":"gr","it":[{"ind":0,"ty":"sh","ix":1,"ks":{"a":0,"k":{"i":[[0,0],[0,0],[0,0],[0,0]],"o":[[0,0],[0,0],[0,0],[0,0]],"v":[[-0.5,185.475],[0.5,185.475],[0.5,-185.475],[-0.5,-185.475]],"c":true},"ix":2},"nm":"Path 1","mn":"ADBE Vector Shape - Group","hd":false},{"ty":"fl","c":{"a":0,"k":[1,1,1,1],"ix":4},"o":{"a":0,"k":100,"ix":5},"r":1,"bm":0,"nm":"Fill 1","mn":"ADBE Vector Graphic - Fill","hd":false},{"ty":"tr","p":{"a":0,"k":[13.501,185.725],"ix":2},"a":{"a":0,"k":[0,0],"ix":1},"s":{"a":0,"k":[100,100],"ix":3},"r":{"a":0,"k":0,"ix":6},"o":{"a":0,"k":100,"ix":7},"sk":{"a":0,"k":0,"ix":4},"sa":{"a":0,"k":0,"ix":5},"nm":"Transform"}],"nm":"Group 2","np":2,"cix":2,"bm":0,"ix":2,"mn":"ADBE Vector Group","hd":false}],"ip":100,"op":186,"st":0,"bm":0},{"ddd":0,"ind":9,"ty":4,"nm":"Layer 3 Outlines","sr":1,"ks":{"o":{"a":1,"k":[{"i":{"x":[0.667],"y":[1]},"o":{"x":[0.333],"y":[0]},"t":100,"s":[0]},{"i":{"x":[0.667],"y":[1]},"o":{"x":[0.333],"y":[0]},"t":110,"s":[100]},{"i":{"x":[0.667],"y":[1]},"o":{"x":[0.333],"y":[0]},"t":175,"s":[100]},{"t":185,"s":[0]}],"ix":11},"r":{"a":0,"k":0,"ix":10},"p":{"a":0,"k":[93.321,186.183,0],"ix":2},"a":{"a":0,"k":[13.501,186.019,0],"ix":1},"s":{"a":0,"k":[100,100,100],"ix":6}},"ao":0,"shapes":[{"ty":"gr","it":[{"ind":0,"ty":"sh","ix":1,"ks":{"a":0,"k":{"i":[[0,0],[0,0],[0,0],[0,0]],"o":[[0,0],[0,0],[0,0],[0,0]],"v":[[-13.251,0.5],[13.251,0.5],[13.251,-0.5],[-13.251,-0.5]],"c":true},"ix":2},"nm":"Path 1","mn":"ADBE Vector Shape - Group","hd":false},{"ty":"fl","c":{"a":0,"k":[1,1,1,1],"ix":4},"o":{"a":0,"k":100,"ix":5},"r":1,"bm":0,"nm":"Fill 1","mn":"ADBE Vector Graphic - Fill","hd":false},{"ty":"tr","p":{"a":0,"k":[13.501,0.75],"ix":2},"a":{"a":0,"k":[0,0],"ix":1},"s":{"a":0,"k":[100,100],"ix":3},"r":{"a":0,"k":0,"ix":6},"o":{"a":0,"k":100,"ix":7},"sk":{"a":0,"k":0,"ix":4},"sa":{"a":0,"k":0,"ix":5},"nm":"Transform"}],"nm":"Group 1","np":2,"cix":2,"bm":0,"ix":1,"mn":"ADBE Vector Group","hd":false},{"ty":"gr","it":[{"ind":0,"ty":"sh","ix":1,"ks":{"a":0,"k":{"i":[[0,0],[0,0],[0,0],[0,0]],"o":[[0,0],[0,0],[0,0],[0,0]],"v":[[-0.5,185.474],[0.5,185.474],[0.5,-185.474],[-0.5,-185.474]],"c":true},"ix":2},"nm":"Path 1","mn":"ADBE Vector Shape - Group","hd":false},{"ty":"fl","c":{"a":0,"k":[1,1,1,1],"ix":4},"o":{"a":0,"k":100,"ix":5},"r":1,"bm":0,"nm":"Fill 1","mn":"ADBE Vector Graphic - Fill","hd":false},{"ty":"tr","p":{"a":0,"k":[13.501,186.314],"ix":2},"a":{"a":0,"k":[0,0],"ix":1},"s":{"a":0,"k":[100,100],"ix":3},"r":{"a":0,"k":0,"ix":6},"o":{"a":0,"k":100,"ix":7},"sk":{"a":0,"k":0,"ix":4},"sa":{"a":0,"k":0,"ix":5},"nm":"Transform"}],"nm":"Group 2","np":2,"cix":2,"bm":0,"ix":2,"mn":"ADBE Vector Group","hd":false}],"ip":100,"op":186,"st":0,"bm":0},{"ddd":0,"ind":10,"ty":5,"nm":"This is the smallest side of this artboard","sr":1,"ks":{"o":{"a":1,"k":[{"i":{"x":[0.667],"y":[1]},"o":{"x":[0.333],"y":[0]},"t":25,"s":[0]},{"i":{"x":[0.667],"y":[1]},"o":{"x":[0.333],"y":[0]},"t":35,"s":[100]},{"i":{"x":[0.667],"y":[1]},"o":{"x":[0.333],"y":[0]},"t":90,"s":[100]},{"t":100,"s":[0]}],"ix":11},"r":{"a":0,"k":0,"ix":10},"p":{"a":0,"k":[879.57,443.062,0],"ix":2},"a":{"a":0,"k":[0,0,0],"ix":1},"s":{"a":0,"k":[100,100,100],"ix":6}},"ao":0,"t":{"d":{"k":[{"s":{"s":58.3499984741211,"f":"Approach-Medium","t":"This is the smallest side\u0003of this artboard","j":2,"tr":0,"lh":70.0200042724609,"ls":0,"fc":[1,1,1]},"t":0}]},"p":{},"m":{"g":1,"a":{"a":0,"k":[0,0],"ix":2}},"a":[]},"ip":0,"op":100,"st":0,"bm":0},{"ddd":0,"ind":11,"ty":4,"nm":"Layer 8 Outlines","sr":1,"ks":{"o":{"a":0,"k":100,"ix":11},"r":{"a":0,"k":0,"ix":10},"p":{"a":0,"k":[5.431,458,0],"ix":2},"a":{"a":0,"k":[5,462.497,0],"ix":1},"s":{"a":0,"k":[100,100,100],"ix":6}},"ao":0,"shapes":[{"ty":"gr","it":[{"ind":0,"ty":"sh","ix":1,"ks":{"a":0,"k":{"i":[[0,0],[0,0]],"o":[[0,0],[0,0]],"v":[[5,5],[5,919.994]],"c":false},"ix":2},"nm":"Path 1","mn":"ADBE Vector Shape - Group","hd":false},{"ty":"st","c":{"a":0,"k":[1,1,1,1],"ix":3},"o":{"a":0,"k":100,"ix":4},"w":{"a":0,"k":10,"ix":5},"lc":1,"lj":1,"ml":10,"bm":0,"nm":"Stroke 1","mn":"ADBE Vector Graphic - Stroke","hd":false},{"ty":"tr","p":{"a":0,"k":[0,0],"ix":2},"a":{"a":0,"k":[0,0],"ix":1},"s":{"a":0,"k":[100,100],"ix":3},"r":{"a":0,"k":0,"ix":6},"o":{"a":0,"k":100,"ix":7},"sk":{"a":0,"k":0,"ix":4},"sa":{"a":0,"k":0,"ix":5},"nm":"Transform"}],"nm":"Group 1","np":2,"cix":2,"bm":0,"ix":1,"mn":"ADBE Vector Group","hd":false}],"ip":0,"op":176,"st":0,"bm":0},{"ddd":0,"ind":12,"ty":4,"nm":"Layer 9 Outlines","sr":1,"ks":{"o":{"a":0,"k":100,"ix":11},"r":{"a":0,"k":0,"ix":10},"p":{"a":0,"k":[878.999,458.001,0],"ix":2},"a":{"a":0,"k":[880.641,459.671,0],"ix":1},"s":{"a":0,"k":[100,100,100],"ix":6}},"ao":0,"shapes":[{"ty":"gr","it":[{"ind":0,"ty":"sh","ix":1,"ks":{"a":0,"k":{"i":[[0,0],[0,0],[0,0],[0,0]],"o":[[0,0],[0,0],[0,0],[0,0]],"v":[[873.569,452.599],[-873.569,452.599],[-873.569,-452.6],[873.569,-452.6]],"c":true},"ix":2},"nm":"Path 1","mn":"ADBE Vector Shape - Group","hd":false},{"ty":"st","c":{"a":1,"k":[{"i":{"x":[0.667],"y":[1]},"o":{"x":[0.333],"y":[0]},"t":15,"s":[1,1,1,1]},{"t":25,"s":[0.023999999551,0.122000002394,0.419999994016,1]}],"ix":3},"o":{"a":0,"k":100,"ix":4},"w":{"a":0,"k":10,"ix":5},"lc":1,"lj":1,"ml":10,"bm":0,"nm":"Stroke 1","mn":"ADBE Vector Graphic - Stroke","hd":false},{"ty":"tr","p":{"a":0,"k":[880.641,459.671],"ix":2},"a":{"a":0,"k":[0,0],"ix":1},"s":{"a":0,"k":[100,100],"ix":3},"r":{"a":0,"k":0,"ix":6},"o":{"a":0,"k":100,"ix":7},"sk":{"a":0,"k":0,"ix":4},"sa":{"a":0,"k":0,"ix":5},"nm":"Transform"}],"nm":"Group 1","np":2,"cix":2,"bm":0,"ix":1,"mn":"ADBE Vector Group","hd":false}],"ip":0,"op":8250,"st":0,"bm":0}],"markers":[],"chars":[{"ch":"T","size":58.3499984741211,"style":"Medium","w":57.86,"data":{"shapes":[{"ty":"gr","it":[{"ind":0,"ty":"sh","ix":1,"ks":{"a":0,"k":{"i":[[0,0],[0,0],[0,0],[0,0],[0,0],[0,0],[0,0],[0,0]],"o":[[0,0],[0,0],[0,0],[0,0],[0,0],[0,0],[0,0],[0,0]],"v":[[1.807,-59.912],[23.096,-59.912],[23.096,0],[34.912,0],[34.912,-59.912],[56.104,-59.912],[56.104,-70.02],[1.807,-70.02]],"c":true},"ix":2},"nm":"T","mn":"ADBE Vector Shape - Group","hd":false}],"nm":"T","np":3,"cix":2,"bm":0,"ix":1,"mn":"ADBE Vector Group","hd":false}]},"fFamily":"Approach"},{"ch":"h","size":58.3499984741211,"style":"Medium","w":57.57,"data":{"shapes":[{"ty":"gr","it":[{"ind":0,"ty":"sh","ix":1,"ks":{"a":0,"k":{"i":[[3.352,3.418],[5.827,0],[3.385,-4.459],[0,0],[0,0],[0,0],[0,0],[0,0],[-2.051,2.409],[-3.874,0],[-1.839,-1.985],[0,-3.678],[0,0],[0,0],[0,0]],"o":[[-3.353,-3.418],[-6.478,0],[0,0],[0,0],[0,0],[0,0],[0,0],[0,-4.59],[2.051,-2.409],[3.385,0],[1.839,1.986],[0,0],[0,0],[0,0],[0,-5.827]],"v":[[46.387,-46.387],[32.617,-51.514],[17.822,-44.824],[17.822,-70.02],[6.787,-70.02],[6.787,0],[17.822,0],[17.822,-28.076],[20.898,-38.574],[29.785,-42.188],[37.622,-39.209],[40.381,-30.713],[40.381,0],[51.416,0],[51.416,-32.52]],"c":true},"ix":2},"nm":"h","mn":"ADBE Vector Shape - Group","hd":false}],"nm":"h","np":3,"cix":2,"bm":0,"ix":1,"mn":"ADBE Vector Group","hd":false}]},"fFamily":"Approach"},{"ch":"i","size":58.3499984741211,"style":"Medium","w":24.56,"data":{"shapes":[{"ty":"gr","it":[{"ind":0,"ty":"sh","ix":1,"ks":{"a":0,"k":{"i":[[0,0],[0,0],[0,0],[0,0]],"o":[[0,0],[0,0],[0,0],[0,0]],"v":[[17.822,-70.02],[6.787,-70.02],[6.787,-57.617],[17.822,-57.617]],"c":true},"ix":2},"nm":"i","mn":"ADBE Vector Shape - Group","hd":false},{"ind":1,"ty":"sh","ix":2,"ks":{"a":0,"k":{"i":[[0,0],[0,0],[0,0],[0,0]],"o":[[0,0],[0,0],[0,0],[0,0]],"v":[[17.822,-50.293],[6.787,-50.293],[6.787,0],[17.822,0]],"c":true},"ix":2},"nm":"i","mn":"ADBE Vector Shape - Group","hd":false}],"nm":"i","np":5,"cix":2,"bm":0,"ix":1,"mn":"ADBE Vector Group","hd":false}]},"fFamily":"Approach"},{"ch":"s","size":58.3499984741211,"style":"Medium","w":49.37,"data":{"shapes":[{"ty":"gr","it":[{"ind":0,"ty":"sh","ix":1,"ks":{"a":0,"k":{"i":[[-3.63,2.946],[0,5.046],[10.254,1.888],[0,0],[1.074,0.961],[0,1.66],[-1.562,1.091],[-2.832,0],[-1.726,-1.367],[-0.652,-2.93],[0,0],[3.467,2.654],[5.924,0],[3.58,-2.864],[0,-4.362],[-2.556,-2.473],[-4.883,-0.846],[0,0],[0,-3.288],[1.611,-1.253],[3.125,0],[1.871,1.546],[0.391,3.191],[0,0],[-3.939,-2.946],[-6.673,0]],"o":[[3.629,-2.946],[0,-7.78],[0,0],[-2.409,-0.423],[-1.074,-0.96],[0,-1.823],[1.562,-1.09],[3.027,0],[1.725,1.367],[0,0],[-0.814,-5.045],[-3.467,-2.653],[-5.957,0],[-3.613,2.865],[0,3.841],[2.555,2.474],[0,0],[5.143,0.781],[0,2.377],[-1.611,1.254],[-3.451,0],[-1.872,-1.546],[0,0],[0.391,5.111],[3.938,2.946],[6.348,0]],"v":[[40.356,-3.198],[45.801,-15.186],[30.42,-29.688],[22.119,-31.201],[16.895,-33.276],[15.283,-37.207],[17.627,-41.577],[24.219,-43.213],[31.348,-41.162],[34.912,-34.717],[44.922,-35.986],[38.501,-47.534],[24.414,-51.514],[10.107,-47.217],[4.688,-36.377],[8.521,-26.904],[19.678,-21.924],[27.197,-20.605],[34.912,-14.502],[32.495,-9.058],[25.391,-7.178],[17.407,-9.497],[14.014,-16.602],[2.979,-15.283],[9.473,-3.198],[25.391,1.221]],"c":true},"ix":2},"nm":"s","mn":"ADBE Vector Shape - Group","hd":false}],"nm":"s","np":3,"cix":2,"bm":0,"ix":1,"mn":"ADBE Vector Group","hd":false}]},"fFamily":"Approach"},{"ch":" ","size":58.3499984741211,"style":"Medium","w":21.68,"data":{},"fFamily":"Approach"},{"ch":"t","size":58.3499984741211,"style":"Medium","w":35.99,"data":{"shapes":[{"ty":"gr","it":[{"ind":0,"ty":"sh","ix":1,"ks":{"a":0,"k":{"i":[[0,0],[0,0],[-9.603,0],[0,0],[0,0],[0,0],[0.83,0.928],[0,2.344],[0,0],[0,0],[0,0],[0,0],[0,0],[0,0],[0,0],[0,0],[0,0]],"o":[[0,0],[0,9.277],[0,0],[0,0],[0,0],[-2.019,0],[-0.83,-0.928],[0,0],[0,0],[0,0],[0,0],[0,0],[0,0],[0,0],[0,0],[0,0],[0,0]],"v":[[10.01,-41.406],[10.01,-13.916],[24.414,0],[33.887,0],[33.887,-9.18],[26.514,-9.18],[22.241,-10.571],[20.996,-15.479],[20.996,-41.406],[32.715,-41.406],[32.715,-50.293],[20.996,-50.293],[20.996,-66.113],[10.01,-66.113],[10.01,-50.293],[1.611,-50.293],[1.611,-41.406]],"c":true},"ix":2},"nm":"t","mn":"ADBE Vector Shape - Group","hd":false}],"nm":"t","np":3,"cix":2,"bm":0,"ix":1,"mn":"ADBE Vector Group","hd":false}]},"fFamily":"Approach"},{"ch":"e","size":58.3499984741211,"style":"Medium","w":54.98,"data":{"shapes":[{"ty":"gr","it":[{"ind":0,"ty":"sh","ix":1,"ks":{"a":0,"k":{"i":[[0.684,9.863],[0,0],[0,0],[4.102,4.443],[7.063,0],[4.492,-4.883],[0,-7.91],[-4.281,-4.573],[-7.976,0],[-3.793,2.718],[-1.14,4.851],[0,0],[1.904,-1.416],[3.157,0]],"o":[[0,0],[0,0],[0,-7.584],[-4.102,-4.443],[-7.39,0],[-4.46,4.753],[0,8.464],[4.28,4.574],[5.598,0],[3.792,-2.718],[0,0],[-0.814,2.962],[-1.904,1.416],[-8.594,0]],"v":[[14.697,-22.412],[51.221,-22.412],[51.221,-26.807],[45.068,-44.849],[28.32,-51.514],[10.498,-44.189],[3.809,-25.195],[10.229,-5.64],[28.613,1.221],[42.7,-2.856],[50.098,-14.209],[40.283,-16.309],[36.206,-9.741],[28.613,-7.617]],"c":true},"ix":2},"nm":"e","mn":"ADBE Vector Shape - Group","hd":false},{"ind":1,"ty":"sh","ix":2,"ks":{"a":0,"k":{"i":[[-0.684,-8.561],[0,0],[-7.65,0]],"o":[[0,0],[1.237,-8.561],[7.161,0]],"v":[[39.99,-29.98],[14.893,-29.98],[28.223,-42.822]],"c":true},"ix":2},"nm":"e","mn":"ADBE Vector Shape - Group","hd":false}],"nm":"e","np":5,"cix":2,"bm":0,"ix":1,"mn":"ADBE Vector Group","hd":false}]},"fFamily":"Approach"},{"ch":"m","size":58.3499984741211,"style":"Medium","w":87.99,"data":{"shapes":[{"ty":"gr","it":[{"ind":0,"ty":"sh","ix":1,"ks":{"a":0,"k":{"i":[[-1.904,2.409],[-3.646,0],[-1.693,-1.985],[0,-3.678],[0,0],[0,0],[0,0],[3.304,3.418],[5.729,0],[3.255,-5.794],[2.686,1.498],[3.645,0],[3.32,-4.688],[0,0],[0,0],[0,0],[0,0],[0,0],[-1.904,2.409],[-3.646,0],[-1.693,-1.985],[0,-3.678],[0,0],[0,0],[0,0]],"o":[[1.904,-2.409],[3.157,0],[1.692,1.986],[0,0],[0,0],[0,0],[0,-5.827],[-3.304,-3.418],[-7.324,0],[-1.4,-2.799],[-2.686,-1.497],[-6.283,0],[0,0],[0,0],[0,0],[0,0],[0,0],[0,-4.59],[1.904,-2.409],[3.157,0],[1.692,1.986],[0,0],[0,0],[0,0],[0,-4.59]],"v":[[52.661,-38.574],[60.986,-42.188],[68.262,-39.209],[70.801,-30.713],[70.801,0],[81.787,0],[81.787,-32.52],[76.831,-46.387],[63.281,-51.514],[47.412,-42.822],[41.284,-49.268],[31.787,-51.514],[17.383,-44.482],[17.383,-50.293],[6.787,-50.293],[6.787,0],[17.822,0],[17.822,-28.076],[20.679,-38.574],[29.004,-42.188],[36.279,-39.209],[38.818,-30.713],[38.818,0],[49.805,0],[49.805,-28.076]],"c":true},"ix":2},"nm":"m","mn":"ADBE Vector Shape - Group","hd":false}],"nm":"m","np":3,"cix":2,"bm":0,"ix":1,"mn":"ADBE Vector Group","hd":false}]},"fFamily":"Approach"},{"ch":"a","size":58.3499984741211,"style":"Medium","w":53.86,"data":{"shapes":[{"ty":"gr","it":[{"ind":0,"ty":"sh","ix":1,"ks":{"a":0,"k":{"i":[[0.569,0.586],[0,1.367],[0,0],[3.516,3.239],[6.282,0],[3.906,-2.913],[0.781,-4.72],[0,0],[-6.087,0],[-1.726,-1.481],[0,-2.311],[1.985,-0.293],[0,0],[2.62,-2.653],[0,-4.199],[-3.174,-2.75],[-5.306,0],[-3.418,5.209],[-1.839,-1.139],[-2.702,0],[0,0],[0,0],[0,0]],"o":[[-0.57,-0.586],[0,0],[0,-5.598],[-3.516,-3.239],[-5.957,0],[-3.906,2.914],[0,0],[1.204,-5.598],[2.995,0],[1.725,1.482],[0,2.051],[0,0],[-4.883,0.814],[-2.621,2.654],[0,4.395],[3.174,2.751],[6.998,0],[0.423,2.116],[1.839,1.14],[0,0],[0,0],[0,0],[-1.27,0]],"v":[[47.534,-9.961],[46.68,-12.891],[46.68,-33.398],[41.406,-46.655],[26.709,-51.514],[11.914,-47.144],[4.883,-35.693],[15.283,-34.521],[26.221,-42.92],[33.301,-40.698],[35.889,-35.01],[32.91,-31.494],[18.799,-29.102],[7.544,-23.901],[3.613,-13.623],[8.374,-2.905],[21.094,1.221],[36.719,-6.592],[40.112,-1.709],[46.924,0],[52.49,0],[52.49,-9.082],[50.293,-9.082]],"c":true},"ix":2},"nm":"a","mn":"ADBE Vector Shape - Group","hd":false},{"ind":1,"ty":"sh","ix":2,"ks":{"a":0,"k":{"i":[[-1.27,1.254],[-2.377,0.391],[0,0],[0,0],[2.457,-2.653],[3.809,0],[1.481,1.237],[0,2.246]],"o":[[1.27,-1.253],[0,0],[0,0],[0,4.199],[-2.458,2.654],[-2.767,0],[-1.482,-1.237],[0,-1.953]],"v":[[16.309,-19.312],[21.777,-21.777],[36.084,-24.219],[36.084,-21.68],[32.397,-11.401],[22.998,-7.422],[16.626,-9.277],[14.404,-14.502]],"c":true},"ix":2},"nm":"a","mn":"ADBE Vector Shape - Group","hd":false}],"nm":"a","np":5,"cix":2,"bm":0,"ix":1,"mn":"ADBE Vector Group","hd":false}]},"fFamily":"Approach"},{"ch":"l","size":58.3499984741211,"style":"Medium","w":24.56,"data":{"shapes":[{"ty":"gr","it":[{"ind":0,"ty":"sh","ix":1,"ks":{"a":0,"k":{"i":[[0,0],[0,0],[0,0],[0,0]],"o":[[0,0],[0,0],[0,0],[0,0]],"v":[[17.822,-70.02],[6.787,-70.02],[6.787,0],[17.822,0]],"c":true},"ix":2},"nm":"l","mn":"ADBE Vector Shape - Group","hd":false}],"nm":"l","np":3,"cix":2,"bm":0,"ix":1,"mn":"ADBE Vector Group","hd":false}]},"fFamily":"Approach"},{"ch":"d","size":58.3499984741211,"style":"Medium","w":59.77,"data":{"shapes":[{"ty":"gr","it":[{"ind":0,"ty":"sh","ix":1,"ks":{"a":0,"k":{"i":[[-3.777,5.599],[0,0],[0,0],[0,0],[0,0],[0,0],[6.641,0],[4.166,-4.948],[0,-8.008],[-4.07,-4.655],[-6.836,0]],"o":[[0,0],[0,0],[0,0],[0,0],[0,0],[-3.809,-5.013],[-6.771,0],[-4.07,4.851],[0,8.008],[4.102,4.688],[6.934,0]],"v":[[42.383,-7.178],[42.383,0],[52.979,0],[52.979,-70.02],[41.992,-70.02],[41.992,-43.994],[26.318,-51.514],[9.912,-44.092],[3.809,-24.805],[9.912,-5.811],[26.318,1.221]],"c":true},"ix":2},"nm":"d","mn":"ADBE Vector Shape - Group","hd":false},{"ind":1,"ty":"sh","ix":2,"ks":{"a":0,"k":{"i":[[-2.409,3.076],[-4.07,0],[-2.523,-3.125],[0,-5.078],[2.49,-3.092],[4.199,0],[2.409,3.093],[0,5.209]],"o":[[2.409,-3.076],[4.134,0],[2.522,3.125],[0,5.209],[-2.49,3.093],[-4.07,0],[-2.409,-3.092],[0,-5.176]],"v":[[18.701,-37.573],[28.418,-42.188],[38.403,-37.5],[42.188,-25.195],[38.452,-12.744],[28.418,-8.105],[18.701,-12.744],[15.088,-25.195]],"c":true},"ix":2},"nm":"d","mn":"ADBE Vector Shape - Group","hd":false}],"nm":"d","np":5,"cix":2,"bm":0,"ix":1,"mn":"ADBE Vector Group","hd":false}]},"fFamily":"Approach"},{"ch":"\u0003","size":58.3499984741211,"style":"Medium","w":0,"fFamily":"Approach"},{"ch":"o","size":58.3499984741211,"style":"Medium","w":57.47,"data":{"shapes":[{"ty":"gr","it":[{"ind":0,"ty":"sh","ix":1,"ks":{"a":0,"k":{"i":[[-4.525,-4.817],[-7.617,0],[-4.59,4.883],[0,7.78],[4.524,4.818],[7.715,0],[4.59,-4.883],[0,-7.812]],"o":[[4.524,4.818],[7.552,0],[4.59,-4.883],[0,-7.91],[-4.492,-4.883],[-7.552,0],[-4.525,4.916],[0,7.91]],"v":[[10.498,-6.006],[28.711,1.221],[46.924,-6.104],[53.809,-25.098],[47.021,-44.189],[28.711,-51.514],[10.498,-44.189],[3.711,-25.098]],"c":true},"ix":2},"nm":"o","mn":"ADBE Vector Shape - Group","hd":false},{"ind":1,"ty":"sh","ix":2,"ks":{"a":0,"k":{"i":[[2.441,-3.043],[4.362,0],[2.441,3.044],[0,5.371],[-2.441,3.093],[-4.33,0],[-2.441,-3.076],[0,-5.436]],"o":[[-2.441,3.044],[-4.33,0],[-2.441,-3.043],[0,-5.403],[2.441,-3.092],[4.362,0],[2.441,3.076],[0,5.371]],"v":[[38.916,-12.476],[28.711,-7.91],[18.555,-12.476],[14.893,-25.098],[18.555,-37.842],[28.711,-42.48],[38.916,-37.866],[42.578,-25.098]],"c":true},"ix":2},"nm":"o","mn":"ADBE Vector Shape - Group","hd":false}],"nm":"o","np":5,"cix":2,"bm":0,"ix":1,"mn":"ADBE Vector Group","hd":false}]},"fFamily":"Approach"},{"ch":"f","size":58.3499984741211,"style":"Medium","w":34.77,"data":{"shapes":[{"ty":"gr","it":[{"ind":0,"ty":"sh","ix":1,"ks":{"a":0,"k":{"i":[[0,0],[0,0],[0,0],[0,0],[-1.091,1.27],[-2.214,0],[0,0],[0,0],[0,0],[2.913,-2.815],[0,-5.176],[0,0],[0,0],[0,0],[0,0],[0,0],[0,0],[0,0]],"o":[[0,0],[0,0],[0,0],[0,-2.734],[1.09,-1.27],[0,0],[0,0],[0,0],[-5.371,0],[-2.914,2.816],[0,0],[0,0],[0,0],[0,0],[0,0],[0,0],[0,0],[0,0]],"v":[[33.496,-41.406],[33.496,-50.293],[21.484,-50.293],[21.484,-52.979],[23.12,-58.984],[28.076,-60.889],[35.205,-60.889],[35.205,-70.02],[27.295,-70.02],[14.868,-65.796],[10.498,-53.809],[10.498,-50.293],[2.002,-50.293],[2.002,-41.406],[10.498,-41.406],[10.498,0],[21.484,0],[21.484,-41.406]],"c":true},"ix":2},"nm":"f","mn":"ADBE Vector Shape - Group","hd":false}],"nm":"f","np":3,"cix":2,"bm":0,"ix":1,"mn":"ADBE Vector Group","hd":false}]},"fFamily":"Approach"},{"ch":"r","size":58.3499984741211,"style":"Medium","w":37.06,"data":{"shapes":[{"ty":"gr","it":[{"ind":0,"ty":"sh","ix":1,"ks":{"a":0,"k":{"i":[[0,0],[-2.279,3.223],[-4.167,0],[0,0],[0,0],[0,0],[3.223,-5.598],[0,0],[0,0],[0,0],[0,0]],"o":[[0,-5.957],[2.278,-3.223],[0,0],[0,0],[0,0],[-5.99,0],[0,0],[0,0],[0,0],[0,0],[0,0]],"v":[[17.822,-21.484],[21.24,-35.254],[30.908,-40.088],[35.4,-40.088],[35.4,-50.293],[31.201,-50.293],[17.383,-41.895],[17.383,-50.293],[6.787,-50.293],[6.787,0],[17.822,0]],"c":true},"ix":2},"nm":"r","mn":"ADBE Vector Shape - Group","hd":false}],"nm":"r","np":3,"cix":2,"bm":0,"ix":1,"mn":"ADBE Vector Group","hd":false}]},"fFamily":"Approach"},{"ch":"b","size":58.3499984741211,"style":"Medium","w":59.77,"data":{"shapes":[{"ty":"gr","it":[{"ind":0,"ty":"sh","ix":1,"ks":{"a":0,"k":{"i":[[3.938,-5.208],[0,0],[0,0],[0,0],[0,0],[0,0],[-6.966,0],[-4.167,4.948],[0,7.943],[4.069,4.655],[6.77,0]],"o":[[0,0],[0,0],[0,0],[0,0],[0,0],[3.776,5.404],[6.705,0],[4.134,-4.915],[0,-7.942],[-4.167,-4.752],[-6.511,0]],"v":[[17.822,-43.701],[17.822,-70.02],[6.787,-70.02],[6.787,0],[17.383,0],[17.383,-6.885],[33.496,1.221],[49.805,-6.201],[56.006,-25.488],[49.902,-44.385],[33.496,-51.514]],"c":true},"ix":2},"nm":"b","mn":"ADBE Vector Shape - Group","hd":false},{"ind":1,"ty":"sh","ix":2,"ks":{"a":0,"k":{"i":[[4.036,0],[2.555,3.142],[0,5.046],[-2.523,3.093],[-4.232,0],[-2.377,-3.092],[0,-5.208],[2.376,-3.059]],"o":[[-4.167,0],[-2.556,-3.141],[0,-5.208],[2.522,-3.092],[4.036,0],[2.376,3.093],[0,5.209],[-2.377,3.06]],"v":[[31.494,-8.105],[21.411,-12.817],[17.578,-25.098],[21.362,-37.549],[31.494,-42.188],[41.113,-37.549],[44.678,-25.098],[41.113,-12.695]],"c":true},"ix":2},"nm":"b","mn":"ADBE Vector Shape - Group","hd":false}],"nm":"b","np":5,"cix":2,"bm":0,"ix":1,"mn":"ADBE Vector Group","hd":false}]},"fFamily":"Approach"},{"ch":"L","size":103.207672119141,"style":"Light","w":53.96,"data":{"shapes":[{"ty":"gr","it":[{"ind":0,"ty":"sh","ix":1,"ks":{"a":0,"k":{"i":[[0,0],[0,0],[0,0],[0,0],[0,0],[0,0]],"o":[[0,0],[0,0],[0,0],[0,0],[0,0],[0,0]],"v":[[52.002,-6.494],[16.895,-6.494],[16.895,-70.02],[9.619,-70.02],[9.619,0],[52.002,0]],"c":true},"ix":2},"nm":"L","mn":"ADBE Vector Shape - Group","hd":false}],"nm":"L","np":3,"cix":2,"bm":0,"ix":1,"mn":"ADBE Vector Group","hd":false}]},"fFamily":"Approach"},{"ch":"I","size":58.3499984741211,"style":"Medium","w":28.27,"data":{"shapes":[{"ty":"gr","it":[{"ind":0,"ty":"sh","ix":1,"ks":{"a":0,"k":{"i":[[0,0],[0,0],[0,0],[0,0]],"o":[[0,0],[0,0],[0,0],[0,0]],"v":[[20.02,-70.02],[8.301,-70.02],[8.301,0],[20.02,0]],"c":true},"ix":2},"nm":"I","mn":"ADBE Vector Shape - Group","hd":false}],"nm":"I","np":3,"cix":2,"bm":0,"ix":1,"mn":"ADBE Vector Group","hd":false}]},"fFamily":"Approach"},{"ch":"g","size":58.3499984741211,"style":"Medium","w":58.25,"data":{"shapes":[{"ty":"gr","it":[{"ind":0,"ty":"sh","ix":1,"ks":{"a":0,"k":{"i":[[-3.581,4.753],[0,0],[2.083,-2.295],[4.036,0],[2.051,1.448],[0.651,3.157],[0,0],[-4.102,-3.011],[-6.804,0],[-4.118,3.955],[0,6.998],[0,0],[0,0],[0,0],[6.705,0],[3.971,-4.459],[0,-7.227],[-3.874,-4.362],[-6.609,0]],"o":[[0,0],[0,4.459],[-2.084,2.295],[-3.581,0],[-2.051,-1.449],[0,0],[0.553,5.241],[4.102,3.011],[7.422,0],[4.118,-3.955],[0,0],[0,0],[0,0],[-3.516,-4.688],[-6.543,0],[-3.939,4.525],[0,7.357],[3.971,4.362],[6.38,0]],"v":[[40.723,-10.205],[40.723,-2.881],[37.598,7.251],[28.418,10.693],[19.971,8.521],[15.918,1.611],[4.883,2.783],[11.865,15.161],[28.223,19.678],[45.532,13.745],[51.709,-2.686],[51.709,-50.293],[41.113,-50.293],[41.113,-44.482],[25.781,-51.514],[10.01,-44.824],[4.102,-27.197],[9.912,-9.619],[25.781,-3.076]],"c":true},"ix":2},"nm":"g","mn":"ADBE Vector Shape - Group","hd":false},{"ind":1,"ty":"sh","ix":2,"ks":{"a":0,"k":{"i":[[-4.07,0],[-2.344,-2.783],[0,-4.427],[2.311,-2.718],[3.841,0],[2.246,2.621],[0,4.753],[-2.246,2.621]],"o":[[3.776,0],[2.344,2.783],[0,4.558],[-2.312,2.718],[-4.07,0],[-2.246,-2.62],[0,-4.752],[2.246,-2.62]],"v":[[28.223,-42.285],[37.402,-38.11],[40.918,-27.295],[37.451,-16.382],[28.223,-12.305],[18.75,-16.235],[15.381,-27.295],[18.75,-38.354]],"c":true},"ix":2},"nm":"g","mn":"ADBE Vector Shape - Group","hd":false}],"nm":"g","np":5,"cix":2,"bm":0,"ix":1,"mn":"ADBE Vector Group","hd":false}]},"fFamily":"Approach"},{"ch":"u","size":58.3499984741211,"style":"Medium","w":56.59,"data":{"shapes":[{"ty":"gr","it":[{"ind":0,"ty":"sh","ix":1,"ks":{"a":0,"k":{"i":[[0,0],[1.969,-2.393],[3.743,0],[1.741,1.97],[0,3.646],[0,0],[0,0],[0,0],[-3.255,-3.434],[-5.632,0],[-3.255,4.753],[0,0],[0,0],[0,0],[0,0]],"o":[[0,4.558],[-1.97,2.393],[-3.191,0],[-1.742,-1.969],[0,0],[0,0],[0,0],[0,5.827],[3.255,3.435],[6.543,0],[0,0],[0,0],[0,0],[0,0],[0,0]],"v":[[38.818,-22.217],[35.864,-11.792],[27.295,-8.203],[19.897,-11.157],[17.285,-19.58],[17.285,-50.293],[6.299,-50.293],[6.299,-17.822],[11.182,-3.931],[24.512,1.221],[39.209,-5.908],[39.209,0],[49.805,0],[49.805,-50.293],[38.818,-50.293]],"c":true},"ix":2},"nm":"u","mn":"ADBE Vector Shape - Group","hd":false}],"nm":"u","np":3,"cix":2,"bm":0,"ix":1,"mn":"ADBE Vector Group","hd":false}]},"fFamily":"Approach"},{"ch":"\r","size":58.3499984741211,"style":"Medium","w":0,"fFamily":"Approach"},{"ch":"L","size":58.3499984741211,"style":"Medium","w":54.39,"data":{"shapes":[{"ty":"gr","it":[{"ind":0,"ty":"sh","ix":1,"ks":{"a":0,"k":{"i":[[0,0],[0,0],[0,0],[0,0],[0,0],[0,0]],"o":[[0,0],[0,0],[0,0],[0,0],[0,0],[0,0]],"v":[[52.588,-10.107],[20.02,-10.107],[20.02,-70.02],[8.301,-70.02],[8.301,0],[52.588,0]],"c":true},"ix":2},"nm":"L","mn":"ADBE Vector Shape - Group","hd":false}],"nm":"L","np":3,"cix":2,"bm":0,"ix":1,"mn":"ADBE Vector Group","hd":false}]},"fFamily":"Approach"},{"ch":"=","size":103.207672119141,"style":"Light","w":61.28,"data":{"shapes":[{"ty":"gr","it":[{"ind":0,"ty":"sh","ix":1,"ks":{"a":0,"k":{"i":[[0,0],[0,0],[0,0],[0,0]],"o":[[0,0],[0,0],[0,0],[0,0]],"v":[[52.881,-48.193],[8.398,-48.193],[8.398,-41.992],[52.881,-41.992]],"c":true},"ix":2},"nm":"=","mn":"ADBE Vector Shape - Group","hd":false},{"ind":1,"ty":"sh","ix":2,"ks":{"a":0,"k":{"i":[[0,0],[0,0],[0,0],[0,0]],"o":[[0,0],[0,0],[0,0],[0,0]],"v":[[52.881,-27.979],[8.398,-27.979],[8.398,-21.777],[52.881,-21.777]],"c":true},"ix":2},"nm":"=","mn":"ADBE Vector Shape - Group","hd":false}],"nm":"=","np":5,"cix":2,"bm":0,"ix":1,"mn":"ADBE Vector Group","hd":false}]},"fFamily":"Approach"},{"ch":"0","size":103.207672119141,"style":"Light","w":63.09,"data":{"shapes":[{"ty":"gr","it":[{"ind":0,"ty":"sh","ix":1,"ks":{"a":0,"k":{"i":[[-4.395,-6.38],[-7.976,0],[-4.492,6.478],[0,11.133],[4.459,6.445],[8.008,0],[4.459,-6.445],[0,-11.23]],"o":[[4.492,6.413],[7.91,0],[4.524,-6.543],[0,-11.23],[-4.46,-6.445],[-7.943,0],[-4.46,6.445],[0,11.361]],"v":[[12.793,-8.398],[31.494,1.221],[50.098,-8.496],[56.885,-35.01],[50.195,-61.523],[31.494,-71.191],[12.891,-61.523],[6.201,-35.01]],"c":true},"ix":2},"nm":"0","mn":"ADBE Vector Shape - Group","hd":false},{"ind":1,"ty":"sh","ix":2,"ks":{"a":0,"k":{"i":[[3.141,-5.257],[5.794,0],[3.108,5.241],[0,9.603],[-3.191,5.339],[-5.632,0],[-3.142,-5.273],[0,-9.505]],"o":[[-3.142,5.257],[-5.795,0],[-3.109,-5.241],[0,-9.375],[3.19,-5.338],[5.794,0],[3.141,5.273],[0,9.57]],"v":[[44.897,-12.769],[31.494,-4.883],[18.14,-12.744],[13.477,-35.01],[18.262,-57.08],[31.494,-65.088],[44.897,-57.178],[49.609,-35.01]],"c":true},"ix":2},"nm":"0","mn":"ADBE Vector Shape - Group","hd":false}],"nm":"0","np":5,"cix":2,"bm":0,"ix":1,"mn":"ADBE Vector Group","hd":false}]},"fFamily":"Approach"},{"ch":".","size":103.207672119141,"style":"Light","w":23.19,"data":{"shapes":[{"ty":"gr","it":[{"ind":0,"ty":"sh","ix":1,"ks":{"a":0,"k":{"i":[[0,0],[0,0],[0,0],[0,0]],"o":[[0,0],[0,0],[0,0],[0,0]],"v":[[6.982,0],[16.211,0],[16.211,-9.717],[6.982,-9.717]],"c":true},"ix":2},"nm":".","mn":"ADBE Vector Shape - Group","hd":false}],"nm":".","np":3,"cix":2,"bm":0,"ix":1,"mn":"ADBE Vector Group","hd":false}]},"fFamily":"Approach"},{"ch":"8","size":103.207672119141,"style":"Light","w":60.35,"data":{"shapes":[{"ty":"gr","it":[{"ind":0,"ty":"sh","ix":1,"ks":{"a":0,"k":{"i":[[-1.742,2.702],[0,3.613],[3.971,3.369],[6.934,0],[4.036,-3.45],[0,-5.598],[-1.807,-2.686],[-3.386,-1.334],[2.164,-3.076],[0,-3.906],[-4.395,-3.809],[-7.259,0],[-4.362,3.874],[0,6.055],[2.051,2.995],[3.841,1.4]],"o":[[1.741,-2.702],[0,-5.794],[-3.972,-3.369],[-6.804,0],[-4.07,3.484],[0,3.744],[1.807,2.686],[-3.809,1.433],[-2.165,3.076],[0,6.185],[4.395,3.809],[7.194,0],[4.459,-3.873],[0,-4.166],[-2.051,-2.995],[3.32,-1.367]],"v":[[49.878,-42.92],[52.49,-52.393],[46.533,-66.138],[30.176,-71.191],[13.916,-66.016],[7.812,-52.393],[10.522,-42.749],[18.311,-36.719],[9.351,-29.956],[6.104,-19.482],[12.695,-4.492],[30.176,1.221],[47.51,-4.59],[54.199,-19.482],[51.123,-30.225],[42.285,-36.816]],"c":true},"ix":2},"nm":"8","mn":"ADBE Vector Shape - Group","hd":false},{"ind":1,"ty":"sh","ix":2,"ks":{"a":0,"k":{"i":[[-2.702,2.197],[-4.785,0],[-2.686,-2.197],[0,-3.938],[2.783,-2.457],[4.59,0],[2.799,2.458],[0,3.809]],"o":[[2.702,-2.197],[4.785,0],[2.686,2.197],[0,3.809],[-2.783,2.458],[-4.59,0],[-2.8,-2.457],[0,-3.938]],"v":[[18.945,-61.792],[30.176,-65.088],[41.382,-61.792],[45.41,-52.588],[41.235,-43.188],[30.176,-39.502],[19.092,-43.188],[14.893,-52.588]],"c":true},"ix":2},"nm":"8","mn":"ADBE Vector Shape - Group","hd":false},{"ind":2,"ty":"sh","ix":3,"ks":{"a":0,"k":{"i":[[2.979,-2.604],[5.208,0],[2.995,2.637],[0,4.46],[-3.093,2.654],[-5.013,0],[-3.076,-2.653],[0,-4.231]],"o":[[-2.979,2.605],[-5.209,0],[-2.995,-2.637],[0,-4.231],[3.092,-2.653],[5.013,0],[3.076,2.654],[0,4.525]],"v":[[42.456,-8.887],[30.176,-4.98],[17.871,-8.936],[13.379,-19.58],[18.018,-29.907],[30.176,-33.887],[42.31,-29.907],[46.924,-19.58]],"c":true},"ix":2},"nm":"8","mn":"ADBE Vector Shape - Group","hd":false}],"nm":"8","np":6,"cix":2,"bm":0,"ix":1,"mn":"ADBE Vector Group","hd":false}]},"fFamily":"Approach"},{"ch":" ","size":103.207672119141,"style":"Light","w":23.97,"data":{},"fFamily":"Approach"},{"ch":"x","size":103.207672119141,"style":"Light","w":49.56,"data":{"shapes":[{"ty":"gr","it":[{"ind":0,"ty":"sh","ix":1,"ks":{"a":0,"k":{"i":[[0,0],[0,0],[0,0],[0,0],[0,0],[0,0],[0,0],[0,0],[0,0],[0,0],[0,0],[0,0]],"o":[[0,0],[0,0],[0,0],[0,0],[0,0],[0,0],[0,0],[0,0],[0,0],[0,0],[0,0],[0,0]],"v":[[9.18,0],[24.707,-20.605],[40.088,0],[48.096,0],[28.906,-25.293],[47.51,-49.707],[39.795,-49.707],[24.805,-29.98],[10.01,-49.707],[2.197,-49.707],[20.605,-25.195],[1.416,0]],"c":true},"ix":2},"nm":"x","mn":"ADBE Vector Shape - Group","hd":false}],"nm":"x","np":3,"cix":2,"bm":0,"ix":1,"mn":"ADBE Vector Group","hd":false}]},"fFamily":"Approach"}]}