{"v":"5.5.7","meta":{"g":"LottieFiles AE 0.1.20","a":"","k":"","d":"","tc":""},"fr":29.9700012207031,"ip":0,"op":150.000006109625,"w":504,"h":504,"nm":"material 2","ddd":0,"assets":[],"layers":[{"ddd":0,"ind":1,"ty":4,"nm":"Layer 2 Outlines","sr":1,"ks":{"o":{"a":0,"k":100,"ix":11},"r":{"a":0,"k":0,"ix":10},"p":{"a":0,"k":[249.177,254.823,0],"ix":2},"a":{"a":0,"k":[90.675,76.485,0],"ix":1},"s":{"a":0,"k":[100,100,100],"ix":6}},"ao":0,"shapes":[{"ty":"gr","it":[{"ind":0,"ty":"sh","ix":1,"ks":{"a":0,"k":{"i":[[0,0],[0,0],[0,0],[0,0],[0,0],[0,0],[0,0],[0,0],[0,0],[0,0]],"o":[[0,0],[0,0],[0,0],[0,0],[0,0],[0,0],[0,0],[0,0],[0,0],[0,0]],"v":[[25.412,33.883],[14.593,33.883],[-14.118,-11.879],[-14.118,33.883],[-25.412,33.883],[-25.412,-33.883],[-14.589,-33.883],[14.117,11.874],[14.117,-33.883],[25.412,-33.883]],"c":true},"ix":2},"nm":"Path 1","mn":"ADBE Vector Shape - Group","hd":false},{"ty":"fl","c":{"a":0,"k":[1,1,1,1],"ix":4},"o":{"a":0,"k":100,"ix":5},"r":1,"bm":0,"nm":"Fill 1","mn":"ADBE Vector Graphic - Fill","hd":false},{"ty":"tr","p":{"a":0,"k":[155.688,118.838],"ix":2},"a":{"a":0,"k":[0,0],"ix":1},"s":{"a":0,"k":[100,100],"ix":3},"r":{"a":0,"k":0,"ix":6},"o":{"a":0,"k":100,"ix":7},"sk":{"a":0,"k":0,"ix":4},"sa":{"a":0,"k":0,"ix":5},"nm":"Transform"}],"nm":"Group 1","np":2,"cix":2,"bm":0,"ix":1,"mn":"ADBE Vector Group","hd":false},{"ty":"gr","it":[{"ind":0,"ty":"sh","ix":1,"ks":{"a":0,"k":{"i":[[0,0],[0,0],[0,0],[0,0]],"o":[[0,0],[0,0],[0,0],[0,0]],"v":[[19.764,5.647],[-19.764,5.647],[-19.764,-5.647],[19.764,-5.647]],"c":true},"ix":2},"nm":"Path 1","mn":"ADBE Vector Shape - Group","hd":false},{"ty":"fl","c":{"a":0,"k":[1,1,1,1],"ix":4},"o":{"a":0,"k":100,"ix":5},"r":1,"bm":0,"nm":"Fill 1","mn":"ADBE Vector Graphic - Fill","hd":false},{"ty":"tr","p":{"a":0,"k":[93.57,118.838],"ix":2},"a":{"a":0,"k":[0,0],"ix":1},"s":{"a":0,"k":[100,100],"ix":3},"r":{"a":0,"k":0,"ix":6},"o":{"a":0,"k":100,"ix":7},"sk":{"a":0,"k":0,"ix":4},"sa":{"a":0,"k":0,"ix":5},"nm":"Transform"}],"nm":"Group 2","np":2,"cix":2,"bm":0,"ix":2,"mn":"ADBE Vector Group","hd":false},{"ty":"gr","it":[{"ind":0,"ty":"sh","ix":1,"ks":{"a":0,"k":{"i":[[0,0],[0,0],[0,0],[0,0],[0,0],[0,0],[0,0],[0,0]],"o":[[0,0],[0,0],[0,0],[0,0],[0,0],[0,0],[0,0],[0,0]],"v":[[22.588,33.883],[-22.588,33.883],[-22.588,-33.883],[22.588,-33.883],[22.588,-22.589],[-11.294,-22.589],[-11.294,22.589],[22.588,22.589]],"c":true},"ix":2},"nm":"Path 1","mn":"ADBE Vector Shape - Group","hd":false},{"ty":"fl","c":{"a":0,"k":[1,1,1,1],"ix":4},"o":{"a":0,"k":100,"ix":5},"r":1,"bm":0,"nm":"Fill 1","mn":"ADBE Vector Graphic - Fill","hd":false},{"ty":"tr","p":{"a":0,"k":[90.746,118.838],"ix":2},"a":{"a":0,"k":[0,0],"ix":1},"s":{"a":0,"k":[100,100],"ix":3},"r":{"a":0,"k":0,"ix":6},"o":{"a":0,"k":100,"ix":7},"sk":{"a":0,"k":0,"ix":4},"sa":{"a":0,"k":0,"ix":5},"nm":"Transform"}],"nm":"Group 3","np":2,"cix":2,"bm":0,"ix":3,"mn":"ADBE Vector Group","hd":false},{"ty":"gr","it":[{"ind":0,"ty":"sh","ix":1,"ks":{"a":0,"k":{"i":[[0,0],[0,0],[0,0],[0,0]],"o":[[0,0],[0,0],[0,0],[0,0]],"v":[[19.764,5.647],[-19.764,5.647],[-19.764,-5.647],[19.764,-5.647]],"c":true},"ix":2},"nm":"Path 1","mn":"ADBE Vector Shape - Group","hd":false},{"ty":"fl","c":{"a":0,"k":[1,1,1,1],"ix":4},"o":{"a":0,"k":100,"ix":5},"r":1,"bm":0,"nm":"Fill 1","mn":"ADBE Vector Graphic - Fill","hd":false},{"ty":"tr","p":{"a":0,"k":[155.688,34.133],"ix":2},"a":{"a":0,"k":[0,0],"ix":1},"s":{"a":0,"k":[100,100],"ix":3},"r":{"a":0,"k":0,"ix":6},"o":{"a":0,"k":100,"ix":7},"sk":{"a":0,"k":0,"ix":4},"sa":{"a":0,"k":0,"ix":5},"nm":"Transform"}],"nm":"Group 4","np":2,"cix":2,"bm":0,"ix":4,"mn":"ADBE Vector Group","hd":false},{"ty":"gr","it":[{"ind":0,"ty":"sh","ix":1,"ks":{"a":0,"k":{"i":[[0,0],[0,0],[0,0],[0,0],[0,0],[0,0],[0,0],[0,0]],"o":[[0,0],[0,0],[0,0],[0,0],[0,0],[0,0],[0,0],[0,0]],"v":[[22.589,33.882],[-22.589,33.882],[-22.589,-33.882],[22.589,-33.882],[22.589,-22.588],[-11.295,-22.588],[-11.295,22.589],[22.589,22.589]],"c":true},"ix":2},"nm":"Path 1","mn":"ADBE Vector Shape - Group","hd":false},{"ty":"fl","c":{"a":0,"k":[1,1,1,1],"ix":4},"o":{"a":0,"k":100,"ix":5},"r":1,"bm":0,"nm":"Fill 1","mn":"ADBE Vector Graphic - Fill","hd":false},{"ty":"tr","p":{"a":0,"k":[152.864,34.133],"ix":2},"a":{"a":0,"k":[0,0],"ix":1},"s":{"a":0,"k":[100,100],"ix":3},"r":{"a":0,"k":0,"ix":6},"o":{"a":0,"k":100,"ix":7},"sk":{"a":0,"k":0,"ix":4},"sa":{"a":0,"k":0,"ix":5},"nm":"Transform"}],"nm":"Group 5","np":2,"cix":2,"bm":0,"ix":5,"mn":"ADBE Vector Group","hd":false},{"ty":"gr","it":[{"ind":0,"ty":"sh","ix":1,"ks":{"a":0,"k":{"i":[[0,0],[0,0],[0,0],[0,0]],"o":[[0,0],[0,0],[0,0],[0,0]],"v":[[19.764,5.647],[-19.764,5.647],[-19.764,-5.647],[19.764,-5.647]],"c":true},"ix":2},"nm":"Path 1","mn":"ADBE Vector Shape - Group","hd":false},{"ty":"fl","c":{"a":0,"k":[1,1,1,1],"ix":4},"o":{"a":0,"k":100,"ix":5},"r":1,"bm":0,"nm":"Fill 1","mn":"ADBE Vector Graphic - Fill","hd":false},{"ty":"tr","p":{"a":0,"k":[93.57,34.133],"ix":2},"a":{"a":0,"k":[0,0],"ix":1},"s":{"a":0,"k":[100,100],"ix":3},"r":{"a":0,"k":0,"ix":6},"o":{"a":0,"k":100,"ix":7},"sk":{"a":0,"k":0,"ix":4},"sa":{"a":0,"k":0,"ix":5},"nm":"Transform"}],"nm":"Group 6","np":2,"cix":2,"bm":0,"ix":6,"mn":"ADBE Vector Group","hd":false},{"ty":"gr","it":[{"ind":0,"ty":"sh","ix":1,"ks":{"a":0,"k":{"i":[[0,0],[0,0],[0,0],[0,0],[0,0],[0,0],[0,0],[0,0]],"o":[[0,0],[0,0],[0,0],[0,0],[0,0],[0,0],[0,0],[0,0]],"v":[[22.595,33.882],[-22.433,33.882],[-22.595,-33.882],[22.595,-33.882],[22.595,-22.588],[-11.273,-22.588],[-11.167,22.589],[22.595,22.589]],"c":true},"ix":2},"nm":"Path 1","mn":"ADBE Vector Shape - Group","hd":false},{"ty":"fl","c":{"a":0,"k":[1,1,1,1],"ix":4},"o":{"a":0,"k":100,"ix":5},"r":1,"bm":0,"nm":"Fill 1","mn":"ADBE Vector Graphic - Fill","hd":false},{"ty":"tr","p":{"a":0,"k":[90.739,34.133],"ix":2},"a":{"a":0,"k":[0,0],"ix":1},"s":{"a":0,"k":[100,100],"ix":3},"r":{"a":0,"k":0,"ix":6},"o":{"a":0,"k":100,"ix":7},"sk":{"a":0,"k":0,"ix":4},"sa":{"a":0,"k":0,"ix":5},"nm":"Transform"}],"nm":"Group 7","np":2,"cix":2,"bm":0,"ix":7,"mn":"ADBE Vector Group","hd":false},{"ty":"gr","it":[{"ind":0,"ty":"sh","ix":1,"ks":{"a":0,"k":{"i":[[0,0],[0,0],[0,0],[0,0],[0,0],[0,0],[0,0],[0,0]],"o":[[0,0],[0,0],[0,0],[0,0],[0,0],[0,0],[0,0],[0,0]],"v":[[22.657,33.882],[-28.311,33.882],[7.71,-22.588],[-22.52,-22.588],[-22.52,-33.882],[28.311,-33.882],[-7.71,22.589],[22.657,22.589]],"c":true},"ix":2},"nm":"Path 1","mn":"ADBE Vector Shape - Group","hd":false},{"ty":"fl","c":{"a":0,"k":[1,1,1,1],"ix":4},"o":{"a":0,"k":100,"ix":5},"r":1,"bm":0,"nm":"Fill 1","mn":"ADBE Vector Graphic - Fill","hd":false},{"ty":"tr","p":{"a":0,"k":[28.561,34.133],"ix":2},"a":{"a":0,"k":[0,0],"ix":1},"s":{"a":0,"k":[100,100],"ix":3},"r":{"a":0,"k":0,"ix":6},"o":{"a":0,"k":100,"ix":7},"sk":{"a":0,"k":0,"ix":4},"sa":{"a":0,"k":0,"ix":5},"nm":"Transform"}],"nm":"Group 8","np":2,"cix":2,"bm":0,"ix":8,"mn":"ADBE Vector Group","hd":false}],"ip":0,"op":1801.79647338867,"st":0,"bm":0},{"ddd":0,"ind":2,"ty":4,"nm":"Layer 6 Outlines","sr":1,"ks":{"o":{"a":0,"k":100,"ix":11},"r":{"a":0,"k":0,"ix":10},"p":{"a":0,"k":[252,252,0],"ix":2},"a":{"a":0,"k":[144.25,144.25,0],"ix":1},"s":{"a":0,"k":[100,100,100],"ix":6}},"ao":0,"shapes":[{"ty":"gr","it":[{"ind":0,"ty":"sh","ix":1,"ks":{"a":1,"k":[{"i":{"x":0.3,"y":1},"o":{"x":0.7,"y":0},"t":0,"s":[{"i":[[79.474,0],[0,0],[0,79.474],[0,0],[-79.474,0],[0,0],[0,-79.474],[0,0]],"o":[[0,0],[-79.474,0],[0,0],[0,-79.474],[0,0],[79.474,0],[0,0],[0,79.474]],"v":[[0.1,144],[-0.1,144],[-144,0.1],[-144,-0.1],[-0.1,-144],[0.1,-144],[144,-0.1],[144,0.1]],"c":true}]},{"i":{"x":0.3,"y":1},"o":{"x":0.7,"y":0},"t":20,"s":[{"i":[[53.02,0],[0,0],[0,53.02],[0,0],[-53.02,0],[0,0],[0,-53.02],[0,0]],"o":[[0,0],[-53.02,0],[0,0],[0,-53.02],[0,0],[53.02,0],[0,0],[0,53.02]],"v":[[48,144],[-48,144],[-144,48],[-144,-48],[-48,-144],[48,-144],[144,-48],[144,48]],"c":true}]},{"i":{"x":0.3,"y":1},"o":{"x":0.7,"y":0},"t":40,"s":[{"i":[[53.02,0],[0,0],[0,53.02],[0,0],[-53.02,0],[0,0],[0,-53.02],[0,0]],"o":[[0,0],[-53.02,0],[0,0],[0,-53.02],[0,0],[53.02,0],[0,0],[0,53.02]],"v":[[48,144],[-48,144],[-144,48],[-144,-48],[-48,-144],[48,-144],[144,-48],[144,48]],"c":true}]},{"i":{"x":0.3,"y":1},"o":{"x":0.7,"y":0},"t":60,"s":[{"i":[[26.51,0],[0,0],[0,26.51],[0,0],[-26.51,0],[0,0],[0,-26.51],[0,0]],"o":[[0,0],[-26.51,0],[0,0],[0,-26.51],[0,0],[26.51,0],[0,0],[0,26.51]],"v":[[96,144],[-96,144],[-144,96],[-144,-96],[-96,-144],[96,-144],[144,-96],[144,96]],"c":true}]},{"i":{"x":0.3,"y":1},"o":{"x":0.7,"y":0},"t":80,"s":[{"i":[[26.51,0],[0,0],[0,26.51],[0,0],[-26.51,0],[0,0],[0,-26.51],[0,0]],"o":[[0,0],[-26.51,0],[0,0],[0,-26.51],[0,0],[26.51,0],[0,0],[0,26.51]],"v":[[96,144],[-96,144],[-144,96],[-144,-96],[-96,-144],[96,-144],[144,-96],[144,96]],"c":true}]},{"i":{"x":0.3,"y":1},"o":{"x":0.7,"y":0},"t":100,"s":[{"i":[[0.055,0],[0,0],[0,0.055],[0,0],[-0.055,0],[0,0],[0,-0.055],[0,0]],"o":[[0,0],[-0.055,0],[0,0],[0,-0.055],[0,0],[0.055,0],[0,0],[0,0.055]],"v":[[143.9,144],[-143.9,144],[-144,143.9],[-144,-143.9],[-143.9,-144],[143.9,-144],[144,-143.9],[144,143.9]],"c":true}]},{"i":{"x":0.3,"y":1},"o":{"x":0.167,"y":0},"t":120,"s":[{"i":[[0.055,0],[0,0],[0,0.055],[0,0],[-0.055,0],[0,0],[0,-0.055],[0,0]],"o":[[0,0],[-0.055,0],[0,0],[0,-0.055],[0,0],[0.055,0],[0,0],[0,0.055]],"v":[[143.9,144],[-143.9,144],[-144,143.9],[-144,-143.9],[-143.9,-144],[143.9,-144],[144,-143.9],[144,143.9]],"c":true}]},{"t":140.000005702317,"s":[{"i":[[79.474,0],[0,0],[0,79.474],[0,0],[-79.474,0],[0,0],[0,-79.474],[0,0]],"o":[[0,0],[-79.474,0],[0,0],[0,-79.474],[0,0],[79.474,0],[0,0],[0,79.474]],"v":[[0.1,144],[-0.1,144],[-144,0.1],[-144,-0.1],[-0.1,-144],[0.1,-144],[144,-0.1],[144,0.1]],"c":true}]}],"ix":2},"nm":"Path 1","mn":"ADBE Vector Shape - Group","hd":false},{"ty":"fl","c":{"a":0,"k":[0,0,0,1],"ix":4},"o":{"a":0,"k":100,"ix":5},"r":1,"bm":0,"nm":"Fill 1","mn":"ADBE Vector Graphic - Fill","hd":false},{"ty":"tr","p":{"a":0,"k":[144.25,144.25],"ix":2},"a":{"a":0,"k":[0,0],"ix":1},"s":{"a":0,"k":[100,100],"ix":3},"r":{"a":0,"k":0,"ix":6},"o":{"a":0,"k":100,"ix":7},"sk":{"a":0,"k":0,"ix":4},"sa":{"a":0,"k":0,"ix":5},"nm":"Transform"}],"nm":"Group 1","np":2,"cix":2,"bm":0,"ix":1,"mn":"ADBE Vector Group","hd":false}],"ip":0,"op":4496.00018312583,"st":0,"bm":0}],"markers":[]}