{"v":"5.5.7","meta":{"g":"LottieFiles AE 0.1.20","a":"","k":"","d":"","tc":""},"fr":25,"ip":0,"op":100,"w":1920,"h":1080,"nm":"dynamic_principleDecent","ddd":0,"assets":[],"layers":[{"ddd":0,"ind":1,"ty":4,"nm":"Layer 3 Outlines","sr":1,"ks":{"o":{"a":0,"k":100,"ix":11},"r":{"a":0,"k":0,"ix":10},"p":{"a":0,"k":[675,285,0],"ix":2},"a":{"a":0,"k":[15.25,15.25,0],"ix":1},"s":{"a":0,"k":[100,100,100],"ix":6}},"ao":0,"shapes":[{"ty":"gr","it":[{"ind":0,"ty":"sh","ix":1,"ks":{"a":0,"k":{"i":[[0,0],[0,0],[0,0],[0,0]],"o":[[0,0],[0,0],[0,0],[0,0]],"v":[[15,15],[-15,15],[-15,-15],[15,-15]],"c":true},"ix":2},"nm":"Path 1","mn":"ADBE Vector Shape - Group","hd":false},{"ty":"fl","c":{"a":0,"k":[0.661000031116,0.685999971278,0.691000007181,1],"ix":4},"o":{"a":0,"k":100,"ix":5},"r":1,"bm":0,"nm":"Fill 1","mn":"ADBE Vector Graphic - Fill","hd":false},{"ty":"tr","p":{"a":0,"k":[15.25,15.25],"ix":2},"a":{"a":0,"k":[0,0],"ix":1},"s":{"a":0,"k":[100,100],"ix":3},"r":{"a":0,"k":0,"ix":6},"o":{"a":0,"k":100,"ix":7},"sk":{"a":0,"k":0,"ix":4},"sa":{"a":0,"k":0,"ix":5},"nm":"Transform"}],"nm":"Group 1","np":2,"cix":2,"bm":0,"ix":1,"mn":"ADBE Vector Group","hd":false}],"ip":80,"op":8280,"st":30,"bm":0},{"ddd":0,"ind":2,"ty":4,"nm":"Layer 2 Outlines","sr":1,"ks":{"o":{"a":0,"k":100,"ix":11},"r":{"a":0,"k":0,"ix":10},"p":{"a":0,"k":[1137,522,0],"ix":2},"a":{"a":0,"k":[51.25,108.25,0],"ix":1},"s":{"a":0,"k":[100,100,100],"ix":6}},"ao":0,"shapes":[{"ty":"gr","it":[{"ind":0,"ty":"sh","ix":1,"ks":{"a":0,"k":{"i":[[0,0],[0,0],[0,0],[0,-56.333]],"o":[[0,0],[0,0],[56.333,0],[0,0]],"v":[[51,108],[-51,108],[-51,-108],[51,-6]],"c":true},"ix":2},"nm":"Path 1","mn":"ADBE Vector Shape - Group","hd":false},{"ty":"fl","c":{"a":0,"k":[0.805999995213,0.898999980852,0.848999980852,1],"ix":4},"o":{"a":0,"k":100,"ix":5},"r":1,"bm":0,"nm":"Fill 1","mn":"ADBE Vector Graphic - Fill","hd":false},{"ty":"tr","p":{"a":0,"k":[51.25,108.25],"ix":2},"a":{"a":0,"k":[0,0],"ix":1},"s":{"a":0,"k":[100,100],"ix":3},"r":{"a":0,"k":0,"ix":6},"o":{"a":0,"k":100,"ix":7},"sk":{"a":0,"k":0,"ix":4},"sa":{"a":0,"k":0,"ix":5},"nm":"Transform"}],"nm":"Group 1","np":2,"cix":2,"bm":0,"ix":1,"mn":"ADBE Vector Group","hd":false}],"ip":75,"op":8280,"st":30,"bm":0},{"ddd":0,"ind":3,"ty":4,"nm":"Layer 4 Outlines","sr":1,"ks":{"o":{"a":0,"k":100,"ix":11},"r":{"a":0,"k":0,"ix":10},"p":{"a":0,"k":[864.194,630.096,0],"ix":2},"a":{"a":0,"k":[72.057,36.154,0],"ix":1},"s":{"a":0,"k":[100,100,100],"ix":6}},"ao":0,"shapes":[{"ty":"gr","it":[{"ind":0,"ty":"sh","ix":1,"ks":{"a":0,"k":{"i":[[0,0],[-39.595,0],[0,-39.595]],"o":[[0,-39.595],[39.595,0],[0,0]],"v":[[-71.806,35.903],[-0.001,-35.903],[71.806,35.903]],"c":true},"ix":2},"nm":"Path 1","mn":"ADBE Vector Shape - Group","hd":false},{"ty":"fl","c":{"a":0,"k":[0.961999990426,0.810000011968,0.735000011968,1],"ix":4},"o":{"a":0,"k":100,"ix":5},"r":1,"bm":0,"nm":"Fill 1","mn":"ADBE Vector Graphic - Fill","hd":false},{"ty":"tr","p":{"a":0,"k":[72.056,36.154],"ix":2},"a":{"a":0,"k":[0,0],"ix":1},"s":{"a":0,"k":[100,100],"ix":3},"r":{"a":0,"k":0,"ix":6},"o":{"a":0,"k":100,"ix":7},"sk":{"a":0,"k":0,"ix":4},"sa":{"a":0,"k":0,"ix":5},"nm":"Transform"}],"nm":"Group 1","np":2,"cix":2,"bm":0,"ix":1,"mn":"ADBE Vector Group","hd":false}],"ip":65,"op":8280,"st":30,"bm":0},{"ddd":0,"ind":4,"ty":4,"nm":"Layer 5 Outlines","sr":1,"ks":{"o":{"a":0,"k":100,"ix":11},"r":{"a":0,"k":0,"ix":10},"p":{"a":0,"k":[954,486,0],"ix":2},"a":{"a":0,"k":[72.25,72.25,0],"ix":1},"s":{"a":0,"k":[100,100,100],"ix":6}},"ao":0,"shapes":[{"ty":"gr","it":[{"ind":0,"ty":"sh","ix":1,"ks":{"a":0,"k":{"i":[[0,0],[0,0],[-39.7,0],[0,39.7],[0,0]],"o":[[0,0],[0,39.7],[39.7,0],[0,0],[0,0]],"v":[[-72,-72],[-72,0],[0,72],[72,0],[72,-72]],"c":true},"ix":2},"nm":"Path 1","mn":"ADBE Vector Shape - Group","hd":false},{"ty":"fl","c":{"a":0,"k":[1,0.926999978458,0,1],"ix":4},"o":{"a":0,"k":100,"ix":5},"r":1,"bm":0,"nm":"Fill 1","mn":"ADBE Vector Graphic - Fill","hd":false},{"ty":"tr","p":{"a":0,"k":[72.25,72.25],"ix":2},"a":{"a":0,"k":[0,0],"ix":1},"s":{"a":0,"k":[100,100],"ix":3},"r":{"a":0,"k":0,"ix":6},"o":{"a":0,"k":100,"ix":7},"sk":{"a":0,"k":0,"ix":4},"sa":{"a":0,"k":0,"ix":5},"nm":"Transform"}],"nm":"Group 1","np":2,"cix":2,"bm":0,"ix":1,"mn":"ADBE Vector Group","hd":false}],"ip":45,"op":8280,"st":30,"bm":0},{"ddd":0,"ind":5,"ty":4,"nm":"Layer 6 Outlines","sr":1,"ks":{"o":{"a":0,"k":100,"ix":11},"r":{"a":0,"k":0,"ix":10},"p":{"a":0,"k":[971.86,513,0],"ix":2},"a":{"a":0,"k":[516.254,399.25,0],"ix":1},"s":{"a":0,"k":[100,100,100],"ix":6}},"ao":0,"shapes":[{"ty":"gr","it":[{"ind":0,"ty":"sh","ix":1,"ks":{"a":0,"k":{"i":[[0,0],[0,0],[0,0],[0,0],[0,0],[0,0],[0,0],[0,0],[0,0],[0,0],[0,0],[0,0],[0,0],[0,0],[0,0],[0,0],[0,0],[0,0],[0,0],[0,0],[29.775,0],[0,29.775],[0,0],[0,0],[0,0],[-36.393,0],[-11.953,16.99],[0,0],[0,0],[0,0]],"o":[[0,0],[0,0],[0,0],[0,0],[0,0],[0,0],[0,0],[0,0],[0,0],[0,0],[0,0],[0,0],[0,0],[0,0],[0,0],[0,0],[0,0],[0,0],[0,0],[0,29.775],[-29.776,0],[0,0],[0,0],[0,0],[0,36.393],[22.305,0],[0,0],[0,0],[0,0],[0,0]],"v":[[105,-63],[93,-63],[93,-15.001],[27,50.999],[27,31.969],[81,-22.03],[81,-63],[69,-63],[69,-27.001],[27,14.999],[27,-3],[27,-4.031],[57,-34.03],[57,-63],[45,-63],[45,-39.001],[27,-21.001],[27,-63],[15,-63],[15,-3],[-39,51],[-93,-3],[-93,-63],[-105,-63],[-105,-3],[-39,63],[15,34.877],[15,63],[31.97,63],[105,-10.03]],"c":true},"ix":2},"nm":"Path 1","mn":"ADBE Vector Shape - Group","hd":false},{"ty":"fl","c":{"a":0,"k":[0,0,0,1],"ix":4},"o":{"a":0,"k":100,"ix":5},"r":1,"bm":0,"nm":"Fill 1","mn":"ADBE Vector Graphic - Fill","hd":false},{"ty":"tr","p":{"a":0,"k":[369.402,699.25],"ix":2},"a":{"a":0,"k":[0,0],"ix":1},"s":{"a":0,"k":[100,100],"ix":3},"r":{"a":0,"k":0,"ix":6},"o":{"a":0,"k":100,"ix":7},"sk":{"a":0,"k":0,"ix":4},"sa":{"a":0,"k":0,"ix":5},"nm":"Transform"}],"nm":"Group 1","np":2,"cix":2,"bm":0,"ix":1,"mn":"ADBE Vector Group","hd":false},{"ty":"gr","it":[{"ind":0,"ty":"sh","ix":1,"ks":{"a":0,"k":{"i":[[0,0],[0,0],[0,0],[0,0]],"o":[[0,0],[0,0],[0,0],[0,0]],"v":[[-6,12],[6,12],[6,-12],[-6,-12]],"c":true},"ix":2},"nm":"Path 1","mn":"ADBE Vector Shape - Group","hd":false},{"ty":"fl","c":{"a":0,"k":[0,0,0,1],"ix":4},"o":{"a":0,"k":100,"ix":5},"r":1,"bm":0,"nm":"Fill 1","mn":"ADBE Vector Graphic - Fill","hd":false},{"ty":"tr","p":{"a":0,"k":[414.402,786.25],"ix":2},"a":{"a":0,"k":[0,0],"ix":1},"s":{"a":0,"k":[100,100],"ix":3},"r":{"a":0,"k":0,"ix":6},"o":{"a":0,"k":100,"ix":7},"sk":{"a":0,"k":0,"ix":4},"sa":{"a":0,"k":0,"ix":5},"nm":"Transform"}],"nm":"Group 2","np":2,"cix":2,"bm":0,"ix":2,"mn":"ADBE Vector Group","hd":false},{"ty":"gr","it":[{"ind":0,"ty":"sh","ix":1,"ks":{"a":0,"k":{"i":[[0,0],[0,0],[0,0],[0,0]],"o":[[0,0],[0,0],[0,0],[0,0]],"v":[[-6,12],[6,12],[6,-12],[-6,-12]],"c":true},"ix":2},"nm":"Path 1","mn":"ADBE Vector Shape - Group","hd":false},{"ty":"fl","c":{"a":0,"k":[0,0,0,1],"ix":4},"o":{"a":0,"k":100,"ix":5},"r":1,"bm":0,"nm":"Fill 1","mn":"ADBE Vector Graphic - Fill","hd":false},{"ty":"tr","p":{"a":0,"k":[390.402,786.25],"ix":2},"a":{"a":0,"k":[0,0],"ix":1},"s":{"a":0,"k":[100,100],"ix":3},"r":{"a":0,"k":0,"ix":6},"o":{"a":0,"k":100,"ix":7},"sk":{"a":0,"k":0,"ix":4},"sa":{"a":0,"k":0,"ix":5},"nm":"Transform"}],"nm":"Group 3","np":2,"cix":2,"bm":0,"ix":3,"mn":"ADBE Vector Group","hd":false},{"ty":"gr","it":[{"ind":0,"ty":"sh","ix":1,"ks":{"a":0,"k":{"i":[[0,0],[0,0],[0,0],[0,0]],"o":[[0,0],[0,0],[0,0],[0,0]],"v":[[-6,12],[6,12],[6,-12],[-6,-12]],"c":true},"ix":2},"nm":"Path 1","mn":"ADBE Vector Shape - Group","hd":false},{"ty":"fl","c":{"a":0,"k":[0,0,0,1],"ix":4},"o":{"a":0,"k":100,"ix":5},"r":1,"bm":0,"nm":"Fill 1","mn":"ADBE Vector Graphic - Fill","hd":false},{"ty":"tr","p":{"a":0,"k":[510.402,648.25],"ix":2},"a":{"a":0,"k":[0,0],"ix":1},"s":{"a":0,"k":[100,100],"ix":3},"r":{"a":0,"k":0,"ix":6},"o":{"a":0,"k":100,"ix":7},"sk":{"a":0,"k":0,"ix":4},"sa":{"a":0,"k":0,"ix":5},"nm":"Transform"}],"nm":"Group 4","np":2,"cix":2,"bm":0,"ix":4,"mn":"ADBE Vector Group","hd":false},{"ty":"gr","it":[{"ind":0,"ty":"sh","ix":1,"ks":{"a":0,"k":{"i":[[0,0],[0,0],[0,0],[0,0]],"o":[[0,0],[0,0],[0,0],[0,0]],"v":[[6,-12],[-6,-12],[-6,12],[6,12]],"c":true},"ix":2},"nm":"Path 1","mn":"ADBE Vector Shape - Group","hd":false},{"ty":"fl","c":{"a":0,"k":[0,0,0,1],"ix":4},"o":{"a":0,"k":100,"ix":5},"r":1,"bm":0,"nm":"Fill 1","mn":"ADBE Vector Graphic - Fill","hd":false},{"ty":"tr","p":{"a":0,"k":[330.402,648.25],"ix":2},"a":{"a":0,"k":[0,0],"ix":1},"s":{"a":0,"k":[100,100],"ix":3},"r":{"a":0,"k":0,"ix":6},"o":{"a":0,"k":100,"ix":7},"sk":{"a":0,"k":0,"ix":4},"sa":{"a":0,"k":0,"ix":5},"nm":"Transform"}],"nm":"Group 5","np":2,"cix":2,"bm":0,"ix":5,"mn":"ADBE Vector Group","hd":false},{"ty":"gr","it":[{"ind":0,"ty":"sh","ix":1,"ks":{"a":0,"k":{"i":[[0,0],[0,0],[0,0],[0,0],[0,0],[0,0]],"o":[[0,0],[0,0],[0,0],[0,0],[0,0],[0,0]],"v":[[17.379,-11.122],[-29.379,35.638],[-20.894,44.122],[29.379,-6.151],[29.379,-44.122],[17.379,-44.122]],"c":true},"ix":2},"nm":"Path 1","mn":"ADBE Vector Shape - Group","hd":false},{"ty":"fl","c":{"a":0,"k":[0,0,0,1],"ix":4},"o":{"a":0,"k":100,"ix":5},"r":1,"bm":0,"nm":"Fill 1","mn":"ADBE Vector Graphic - Fill","hd":false},{"ty":"tr","p":{"a":0,"k":[487.023,716.371],"ix":2},"a":{"a":0,"k":[0,0],"ix":1},"s":{"a":0,"k":[100,100],"ix":3},"r":{"a":0,"k":0,"ix":6},"o":{"a":0,"k":100,"ix":7},"sk":{"a":0,"k":0,"ix":4},"sa":{"a":0,"k":0,"ix":5},"nm":"Transform"}],"nm":"Group 6","np":2,"cix":2,"bm":0,"ix":6,"mn":"ADBE Vector Group","hd":false},{"ty":"gr","it":[{"ind":0,"ty":"sh","ix":1,"ks":{"a":0,"k":{"i":[[0,0],[0,0],[0,0],[0,0],[0,0],[0,0],[0,0],[0,0],[0,0],[0,0]],"o":[[0,0],[0,0],[0,0],[0,0],[0,0],[0,0],[0,0],[0,0],[0,0],[0,0]],"v":[[15,12.615],[-15.502,-36],[-27,-36],[-27,36],[-15,36],[-15,-12.621],[15.506,36],[27,36],[27,-36],[15,-36]],"c":true},"ix":2},"nm":"Path 1","mn":"ADBE Vector Shape - Group","hd":false},{"ty":"fl","c":{"a":0,"k":[0,0,0,1],"ix":4},"o":{"a":0,"k":100,"ix":5},"r":1,"bm":0,"nm":"Fill 1","mn":"ADBE Vector Graphic - Fill","hd":false},{"ty":"tr","p":{"a":0,"k":[165.402,528.251],"ix":2},"a":{"a":0,"k":[0,0],"ix":1},"s":{"a":0,"k":[100,100],"ix":3},"r":{"a":0,"k":0,"ix":6},"o":{"a":0,"k":100,"ix":7},"sk":{"a":0,"k":0,"ix":4},"sa":{"a":0,"k":0,"ix":5},"nm":"Transform"}],"nm":"Group 7","np":2,"cix":2,"bm":0,"ix":7,"mn":"ADBE Vector Group","hd":false},{"ty":"gr","it":[{"ind":0,"ty":"sh","ix":1,"ks":{"a":0,"k":{"i":[[0,0],[0,0],[0,0],[0,0],[0,0],[0,0],[0,0],[0,0],[0,0],[0,0],[0,0],[0,0]],"o":[[0,0],[0,0],[0,0],[0,0],[0,0],[0,0],[0,0],[0,0],[0,0],[0,0],[0,0],[0,0]],"v":[[-24,36],[24,36],[24,24],[-12,24],[-12,6],[24,6],[24,-6],[-12,-6],[-12,-24],[24,-24],[24,-36],[-24,-36]],"c":true},"ix":2},"nm":"Path 1","mn":"ADBE Vector Shape - Group","hd":false},{"ty":"fl","c":{"a":0,"k":[0,0,0,1],"ix":4},"o":{"a":0,"k":100,"ix":5},"r":1,"bm":0,"nm":"Fill 1","mn":"ADBE Vector Graphic - Fill","hd":false},{"ty":"tr","p":{"a":0,"k":[96.402,528.25],"ix":2},"a":{"a":0,"k":[0,0],"ix":1},"s":{"a":0,"k":[100,100],"ix":3},"r":{"a":0,"k":0,"ix":6},"o":{"a":0,"k":100,"ix":7},"sk":{"a":0,"k":0,"ix":4},"sa":{"a":0,"k":0,"ix":5},"nm":"Transform"}],"nm":"Group 8","np":2,"cix":2,"bm":0,"ix":8,"mn":"ADBE Vector Group","hd":false},{"ty":"gr","it":[{"ind":0,"ty":"sh","ix":1,"ks":{"a":0,"k":{"i":[[0,0],[0,0],[0,0],[0,0],[0,0],[0,0],[0,0],[0,0],[0,0],[0,0],[0,0],[0,0]],"o":[[0,0],[0,0],[0,0],[0,0],[0,0],[0,0],[0,0],[0,0],[0,0],[0,0],[0,0],[0,0]],"v":[[24,24],[-12,24],[-12,6],[24,6],[24,-6],[-12,-6],[-12,-24],[24,-24],[24,-36],[-24,-36],[-24,36],[24,36]],"c":true},"ix":2},"nm":"Path 1","mn":"ADBE Vector Shape - Group","hd":false},{"ty":"fl","c":{"a":0,"k":[0,0,0,1],"ix":4},"o":{"a":0,"k":100,"ix":5},"r":1,"bm":0,"nm":"Fill 1","mn":"ADBE Vector Graphic - Fill","hd":false},{"ty":"tr","p":{"a":0,"k":[162.402,438.25],"ix":2},"a":{"a":0,"k":[0,0],"ix":1},"s":{"a":0,"k":[100,100],"ix":3},"r":{"a":0,"k":0,"ix":6},"o":{"a":0,"k":100,"ix":7},"sk":{"a":0,"k":0,"ix":4},"sa":{"a":0,"k":0,"ix":5},"nm":"Transform"}],"nm":"Group 9","np":2,"cix":2,"bm":0,"ix":9,"mn":"ADBE Vector Group","hd":false},{"ty":"gr","it":[{"ind":0,"ty":"sh","ix":1,"ks":{"a":0,"k":{"i":[[0,0],[0,0],[0,0],[0,0],[0,0],[0,0],[0,0],[0,0],[0,0],[0,0],[0,0],[0,0]],"o":[[0,0],[0,0],[0,0],[0,0],[0,0],[0,0],[0,0],[0,0],[0,0],[0,0],[0,0],[0,0]],"v":[[-23.836,36],[24.007,36],[24.007,24],[-11.864,24],[-11.907,6],[24.007,6],[24.007,-6],[-11.936,-6],[-11.979,-24],[24.007,-24],[24.007,-36],[-24.007,-36]],"c":true},"ix":2},"nm":"Path 1","mn":"ADBE Vector Shape - Group","hd":false},{"ty":"fl","c":{"a":0,"k":[0,0,0,1],"ix":4},"o":{"a":0,"k":100,"ix":5},"r":1,"bm":0,"nm":"Fill 1","mn":"ADBE Vector Graphic - Fill","hd":false},{"ty":"tr","p":{"a":0,"k":[96.395,438.25],"ix":2},"a":{"a":0,"k":[0,0],"ix":1},"s":{"a":0,"k":[100,100],"ix":3},"r":{"a":0,"k":0,"ix":6},"o":{"a":0,"k":100,"ix":7},"sk":{"a":0,"k":0,"ix":4},"sa":{"a":0,"k":0,"ix":5},"nm":"Transform"}],"nm":"Group 10","np":2,"cix":2,"bm":0,"ix":10,"mn":"ADBE Vector Group","hd":false},{"ty":"gr","it":[{"ind":0,"ty":"sh","ix":1,"ks":{"a":0,"k":{"i":[[0,0],[0,0],[0,0],[0,0],[0,0],[0,0],[0,0],[0,0]],"o":[[0,0],[0,0],[0,0],[0,0],[0,0],[0,0],[0,0],[0,0]],"v":[[-23.928,-36],[-23.928,-24],[8.192,-24],[-30.08,36],[24.072,36],[24.072,24],[-8.193,24],[30.08,-36]],"c":true},"ix":2},"nm":"Path 1","mn":"ADBE Vector Shape - Group","hd":false},{"ty":"fl","c":{"a":0,"k":[0,0,0,1],"ix":4},"o":{"a":0,"k":100,"ix":5},"r":1,"bm":0,"nm":"Fill 1","mn":"ADBE Vector Graphic - Fill","hd":false},{"ty":"tr","p":{"a":0,"k":[30.33,438.25],"ix":2},"a":{"a":0,"k":[0,0],"ix":1},"s":{"a":0,"k":[100,100],"ix":3},"r":{"a":0,"k":0,"ix":6},"o":{"a":0,"k":100,"ix":7},"sk":{"a":0,"k":0,"ix":4},"sa":{"a":0,"k":0,"ix":5},"nm":"Transform"}],"nm":"Group 11","np":2,"cix":2,"bm":0,"ix":11,"mn":"ADBE Vector Group","hd":false},{"ty":"gr","it":[{"ind":0,"ty":"sh","ix":1,"ks":{"a":0,"k":{"i":[[0,0],[0,0],[0,0],[0,0],[0,0],[0,0],[0,0],[-18.595,-25.138],[0,0],[0,0],[0,0],[0,0]],"o":[[0,0],[0,0],[0,0],[0,0],[0,0],[0,0],[33.598,0],[0,0],[0,0],[0,0],[0,0],[0,0]],"v":[[-231,-8.485],[-231,18],[-255,18],[-255,-84],[-213,-84],[-213,-126],[-147,-126],[-64.955,-84.53],[-183,33.515],[-183,-39.514],[-154.757,-67.757],[-163.243,-76.242]],"c":true},"ix":2},"nm":"Path 1","mn":"ADBE Vector Shape - Group","hd":false},{"ind":1,"ty":"sh","ix":2,"ks":{"a":0,"k":{"i":[[0,0],[0,0],[0,0],[0,0]],"o":[[0,0],[0,0],[0,0],[0,0]],"v":[[-225,-96],[-255,-96],[-255,-126],[-225,-126]],"c":true},"ix":2},"nm":"Path 2","mn":"ADBE Vector Shape - Group","hd":false},{"ind":2,"ty":"sh","ix":3,"ks":{"a":0,"k":{"i":[[0,0]],"o":[[0,0]],"v":[[-225,-126]],"c":false},"ix":2},"nm":"Path 3","mn":"ADBE Vector Shape - Group","hd":false},{"ind":3,"ty":"sh","ix":4,"ks":{"a":0,"k":{"i":[[0,0],[0,0],[0,0],[-46.318,0],[0,46.318],[0,0],[0,0],[0,0],[0,0],[0,0],[0,0],[46.211,0],[0,-46.211],[0,0],[0,0],[0,0],[0,-18.258]],"o":[[0,0],[0,0],[0,46.318],[46.317,0],[0,0],[0,0],[0,0],[0,0],[0,0],[0,0],[0,-46.211],[-46.211,0],[0,0],[0,0],[0,0],[8.437,14.841],[0,0]],"v":[[-45,6],[-45,18],[-45,90],[39,174],[123,90],[123,18],[159,18],[159,246],[273,246],[273,270],[32.613,270],[-51.193,186.194],[-135,270],[-183,270],[-183,50.486],[-58.264,-74.25],[-45,-24]],"c":true},"ix":2},"nm":"Path 4","mn":"ADBE Vector Shape - Group","hd":false},{"ind":4,"ty":"sh","ix":5,"ks":{"a":0,"k":{"i":[[0,0],[0,0],[39.701,0],[0,39.702],[0,0]],"o":[[0,0],[0,39.702],[-39.701,0],[0,0],[0,0]],"v":[[111,18],[111,90],[39,162],[-33,90],[-33,18]],"c":true},"ix":2},"nm":"Path 5","mn":"ADBE Vector Shape - Group","hd":false},{"ind":5,"ty":"sh","ix":6,"ks":{"a":0,"k":{"i":[[0,-56.243],[0,0],[0,0],[0,0]],"o":[[0,0],[0,0],[0,0],[56.243,0]],"v":[[273,120],[273,234],[171,234],[171,18]],"c":true},"ix":2},"nm":"Path 6","mn":"ADBE Vector Shape - Group","hd":false},{"ind":6,"ty":"sh","ix":7,"ks":{"a":0,"k":{"i":[[0,0],[-39.595,0],[0,-39.594]],"o":[[0,-39.594],[39.594,0],[0,0]],"v":[[-123,270],[-51.193,198.194],[20.613,270]],"c":true},"ix":2},"nm":"Path 7","mn":"ADBE Vector Shape - Group","hd":false},{"ind":7,"ty":"sh","ix":8,"ks":{"a":0,"k":{"i":[[0,-6.616],[6.617,0],[0,0]],"o":[[0,6.617],[0,0],[6.617,0]],"v":[[-243,-174],[-255,-162],[-255,-186]],"c":true},"ix":2},"nm":"Path 8","mn":"ADBE Vector Shape - Group","hd":false},{"ind":8,"ty":"sh","ix":9,"ks":{"a":0,"k":{"i":[[0,0],[0,0],[62.859,0],[0,0],[0,0],[0,0],[62.86,0],[0,0],[0,0],[0,0],[0,13.234],[13.233,0],[0,0],[0,0],[0,0],[0,0],[0,0],[0,0],[0,0],[0,0],[0,-4.429],[0,0],[13.233,0],[0,-13.233],[0,0],[-3.581,2.079],[0,0],[0,0],[0,0],[0,0],[0,0],[0,0],[0,0],[0,0],[0,0],[0,0],[0,0],[0,0]],"o":[[0,0],[0,-62.86],[0,0],[0,0],[0,0],[0,-62.86],[0,0],[0,0],[0,0],[13.233,0],[0,-13.233],[0,0],[0,0],[0,0],[0,0],[0,0],[0,0],[0,0],[0,0],[3.581,2.079],[0,0],[0,-13.233],[-13.233,0],[0,0],[0,-4.429],[0,0],[0,0],[0,0],[0,0],[0,0],[0,0],[0,0],[0,0],[0,0],[0,0],[0,0],[0,0],[0,0]],"v":[[285,282],[285,120],[171,6],[123,6],[-33,6],[-33,-24],[-147,-138],[-213,-138],[-255,-138],[-255,-150],[-231,-174],[-255,-198],[-255,-210],[-219,-210],[-219,-222],[-246.515,-222],[-224.538,-243.977],[-233.023,-252.462],[-255,-230.485],[-255,-268.376],[-249,-258],[-237,-258],[-261,-282],[-285,-258],[-273,-258],[-267,-268.376],[-267,-180],[-285,-180],[-285,-168],[-267,-168],[-267,-138],[-267,-132],[-267,-84],[-267,30],[-219,30],[-219,-3.514],[-195,-27.514],[-195,282]],"c":true},"ix":2},"nm":"Path 9","mn":"ADBE Vector Shape - Group","hd":false},{"ty":"mm","mm":1,"nm":"Merge Paths 1","mn":"ADBE Vector Filter - Merge","hd":false},{"ty":"fl","c":{"a":0,"k":[0,0,0,1],"ix":4},"o":{"a":0,"k":100,"ix":5},"r":1,"bm":0,"nm":"Fill 1","mn":"ADBE Vector Graphic - Fill","hd":false},{"ty":"tr","p":{"a":0,"k":[459.394,282.25],"ix":2},"a":{"a":0,"k":[0,0],"ix":1},"s":{"a":0,"k":[100,100],"ix":3},"r":{"a":0,"k":0,"ix":6},"o":{"a":0,"k":100,"ix":7},"sk":{"a":0,"k":0,"ix":4},"sa":{"a":0,"k":0,"ix":5},"nm":"Transform"}],"nm":"Group 12","np":11,"cix":2,"bm":0,"ix":12,"mn":"ADBE Vector Group","hd":false},{"ty":"gr","it":[{"ind":0,"ty":"sh","ix":1,"ks":{"a":0,"k":{"i":[[1.654,0.561],[-0.717,1.19],[0,1.545],[1.648,1.402],[2.816,0],[1.887,-1.6],[0.041,-2.557],[0,0],[-1.107,1.08],[-1.846,0],[-0.95,-0.82],[0,-1.436],[0.868,-0.929],[1.586,0],[0,0],[0,0],[0,0],[-1.012,-0.875],[0,-1.586],[1.108,-1.025],[1.941,0],[1.155,0.998],[0.164,1.845],[0,0],[-1.982,-1.49],[-3.049,0],[-1.818,1.654],[0,2.748],[0.868,1.176]],"o":[[1.312,-0.602],[0.719,-1.189],[0,-2.352],[-1.647,-1.4],[-2.844,0],[-1.859,1.613],[0,0],[0.082,-1.928],[1.108,-1.08],[1.627,0],[0.95,0.821],[0,1.668],[-0.868,0.93],[0,0],[0,0],[0,0],[1.845,0],[1.012,0.875],[0,1.818],[-1.107,1.026],[-1.996,0],[-1.156,-0.998],[0,0],[0.205,2.516],[1.996,1.463],[3.076,0],[1.819,-1.654],[0,-1.627],[-0.868,-1.175]],"v":[[5.373,-0.687],[8.418,-3.374],[9.495,-7.475],[7.023,-13.105],[0.328,-15.207],[-6.768,-12.807],[-9.618,-6.552],[-5.968,-5.752],[-4.184,-10.264],[0.246,-11.884],[4.111,-10.654],[5.537,-7.27],[4.234,-3.374],[0.554,-1.979],[-1.969,-1.979],[-1.969,1.077],[0.677,1.077],[4.963,2.389],[6.48,6.081],[4.819,10.346],[0.246,11.884],[-4.481,10.387],[-6.46,6.122],[-10.459,7.003],[-7.178,13.012],[0.39,15.207],[7.731,12.725],[10.459,6.122],[9.156,1.917]],"c":true},"ix":2},"nm":"Path 1","mn":"ADBE Vector Shape - Group","hd":false},{"ty":"fl","c":{"a":0,"k":[0,0,0,1],"ix":4},"o":{"a":0,"k":100,"ix":5},"r":1,"bm":0,"nm":"Fill 1","mn":"ADBE Vector Graphic - Fill","hd":false},{"ty":"tr","p":{"a":0,"k":[740.025,705.557],"ix":2},"a":{"a":0,"k":[0,0],"ix":1},"s":{"a":0,"k":[100,100],"ix":3},"r":{"a":0,"k":0,"ix":6},"o":{"a":0,"k":100,"ix":7},"sk":{"a":0,"k":0,"ix":4},"sa":{"a":0,"k":0,"ix":5},"nm":"Transform"}],"nm":"Group 13","np":2,"cix":2,"bm":0,"ix":13,"mn":"ADBE Vector Group","hd":false},{"ty":"gr","it":[{"ind":0,"ty":"sh","ix":1,"ks":{"a":0,"k":{"i":[[0,0],[0,0],[0.615,-0.747],[1.257,0],[0,0],[0,0],[0,0],[-0.848,0.52],[0,0],[0,0],[0,0],[0,0],[0,0],[0,0]],"o":[[0,0],[0,1.6],[-0.615,0.745],[0,0],[0,0],[0,0],[1.394,0],[0,0],[0,0],[0,0],[0,0],[0,0],[0,0],[0,0]],"v":[[2.123,-14.704],[-1.754,-14.704],[-2.677,-11.186],[-5.485,-10.069],[-9.177,-10.069],[-9.177,-6.767],[-5.24,-6.767],[-1.876,-7.547],[-1.876,11.341],[-9.054,11.341],[-9.054,14.704],[9.177,14.704],[9.177,11.341],[2.123,11.341]],"c":true},"ix":2},"nm":"Path 1","mn":"ADBE Vector Shape - Group","hd":false},{"ty":"fl","c":{"a":0,"k":[0,0,0,1],"ix":4},"o":{"a":0,"k":100,"ix":5},"r":1,"bm":0,"nm":"Fill 1","mn":"ADBE Vector Graphic - Fill","hd":false},{"ty":"tr","p":{"a":0,"k":[718.691,705.546],"ix":2},"a":{"a":0,"k":[0,0],"ix":1},"s":{"a":0,"k":[100,100],"ix":3},"r":{"a":0,"k":0,"ix":6},"o":{"a":0,"k":100,"ix":7},"sk":{"a":0,"k":0,"ix":4},"sa":{"a":0,"k":0,"ix":5},"nm":"Transform"}],"nm":"Group 14","np":2,"cix":2,"bm":0,"ix":14,"mn":"ADBE Vector Group","hd":false},{"ty":"gr","it":[{"ind":0,"ty":"sh","ix":1,"ks":{"a":0,"k":{"i":[[1.223,-2.057],[2.256,0],[1.209,2.051],[0,3.801],[-1.238,2.098],[-2.201,0],[-1.217,-2.051],[0,-3.787]],"o":[[-1.225,2.059],[-2.256,0],[-1.211,-2.051],[0,-3.691],[1.236,-2.1],[2.27,0],[1.217,2.05],[0,3.788]],"v":[[5.189,8.757],[-0.031,11.844],[-5.229,8.768],[-7.044,-0.01],[-5.188,-8.694],[-0.031,-11.843],[5.199,-8.766],[7.024,-0.01]],"c":true},"ix":2},"nm":"Path 1","mn":"ADBE Vector Shape - Group","hd":false},{"ind":1,"ty":"sh","ix":2,"ks":{"a":0,"k":{"i":[[3.5,0],[1.955,-2.707],[0,-4.689],[-1.922,-2.68],[-3.486,0],[-1.927,2.721],[0,4.717],[1.955,2.666]],"o":[[-3.445,0],[-1.928,2.734],[0,4.786],[1.92,2.679],[3.487,0],[1.955,-2.707],[0,-4.757],[-1.914,-2.707]],"v":[[-0.031,-15.206],[-8.131,-11.145],[-11.023,-0.01],[-8.141,11.188],[-0.031,15.207],[8.09,11.125],[11.023,-0.01],[8.09,-11.145]],"c":true},"ix":2},"nm":"Path 2","mn":"ADBE Vector Shape - Group","hd":false},{"ty":"mm","mm":1,"nm":"Merge Paths 1","mn":"ADBE Vector Filter - Merge","hd":false},{"ty":"fl","c":{"a":0,"k":[0,0,0,1],"ix":4},"o":{"a":0,"k":100,"ix":5},"r":1,"bm":0,"nm":"Fill 1","mn":"ADBE Vector Graphic - Fill","hd":false},{"ty":"tr","p":{"a":0,"k":[694.844,705.556],"ix":2},"a":{"a":0,"k":[0,0],"ix":1},"s":{"a":0,"k":[100,100],"ix":3},"r":{"a":0,"k":0,"ix":6},"o":{"a":0,"k":100,"ix":7},"sk":{"a":0,"k":0,"ix":4},"sa":{"a":0,"k":0,"ix":5},"nm":"Transform"}],"nm":"Group 15","np":4,"cix":2,"bm":0,"ix":15,"mn":"ADBE Vector Group","hd":false},{"ty":"gr","it":[{"ind":0,"ty":"sh","ix":1,"ks":{"a":0,"k":{"i":[[0,0],[-0.998,1.75],[0,1.778],[1.655,1.572],[2.844,0],[1.873,-1.955],[-0.206,-3.364],[0,0],[-1.06,1.348],[-2.106,0],[-0.938,-0.881],[0,-1.476],[0.716,-1.285],[1.75,-1.6],[0,0],[0,0],[0,0],[0,0],[0,0]],"o":[[2.229,-2.064],[0.998,-1.75],[0,-2.433],[-1.613,-1.532],[-3.186,0],[-1.887,1.928],[0,0],[-0.055,-2.597],[1.059,-1.345],[1.545,0],[0.935,0.883],[0,1.463],[-0.719,1.286],[0,0],[0,0],[0,0],[0,0],[0,0],[0,0]],"v":[[3.025,4.368],[7.865,-1.354],[9.362,-6.645],[6.88,-12.653],[0.195,-14.95],[-7.393,-12.018],[-9.915,-4.081],[-6.06,-3.569],[-4.553,-9.486],[0.195,-11.505],[3.918,-10.183],[5.322,-6.645],[4.246,-2.523],[0.544,1.805],[-10.038,11.505],[-10.038,14.95],[10.121,14.95],[10.121,11.587],[-4.829,11.587]],"c":true},"ix":2},"nm":"Path 1","mn":"ADBE Vector Shape - Group","hd":false},{"ty":"fl","c":{"a":0,"k":[0,0,0,1],"ix":4},"o":{"a":0,"k":100,"ix":5},"r":1,"bm":0,"nm":"Fill 1","mn":"ADBE Vector Graphic - Fill","hd":false},{"ty":"tr","p":{"a":0,"k":[670.361,705.3],"ix":2},"a":{"a":0,"k":[0,0],"ix":1},"s":{"a":0,"k":[100,100],"ix":3},"r":{"a":0,"k":0,"ix":6},"o":{"a":0,"k":100,"ix":7},"sk":{"a":0,"k":0,"ix":4},"sa":{"a":0,"k":0,"ix":5},"nm":"Transform"}],"nm":"Group 16","np":2,"cix":2,"bm":0,"ix":16,"mn":"ADBE Vector Group","hd":false},{"ty":"gr","it":[{"ind":0,"ty":"sh","ix":1,"ks":{"a":0,"k":{"i":[[0,0],[0,0],[0,0],[0,0],[0,0],[0,0],[0,0],[0,0]],"o":[[0,0],[0,0],[0,0],[0,0],[0,0],[0,0],[0,0],[0,0]],"v":[[-11.166,-11.259],[-1.978,-11.259],[-1.978,14.704],[2.02,14.704],[2.02,-11.259],[11.166,-11.259],[11.166,-14.704],[-11.166,-14.704]],"c":true},"ix":2},"nm":"Path 1","mn":"ADBE Vector Shape - Group","hd":false},{"ty":"fl","c":{"a":0,"k":[0,0,0,1],"ix":4},"o":{"a":0,"k":100,"ix":5},"r":1,"bm":0,"nm":"Fill 1","mn":"ADBE Vector Graphic - Fill","hd":false},{"ty":"tr","p":{"a":0,"k":[639.875,705.547],"ix":2},"a":{"a":0,"k":[0,0],"ix":1},"s":{"a":0,"k":[100,100],"ix":3},"r":{"a":0,"k":0,"ix":6},"o":{"a":0,"k":100,"ix":7},"sk":{"a":0,"k":0,"ix":4},"sa":{"a":0,"k":0,"ix":5},"nm":"Transform"}],"nm":"Group 17","np":2,"cix":2,"bm":0,"ix":17,"mn":"ADBE Vector Group","hd":false},{"ty":"gr","it":[{"ind":0,"ty":"sh","ix":1,"ks":{"a":0,"k":{"i":[[2.639,0.561],[0,0],[0.752,0.752],[0,1.299],[-1.033,0.84],[-1.873,0],[-0.465,-3.801],[0,0],[1.839,1.504],[3.09,0],[1.818,-1.572],[0,-2.256],[-1.278,-1.339],[-2.68,-0.588],[0,0],[-0.779,-0.719],[0,-1.299],[1.113,-0.951],[1.927,0],[1.319,1.156],[0.095,2.201],[0,0],[-2.092,-1.763],[-3.541,0],[-1.901,1.655],[0,2.529],[1.244,1.272]],"o":[[0,0],[-1.682,-0.356],[-0.752,-0.751],[0,-1.449],[1.032,-0.842],[3.91,0],[0,0],[-0.26,-2.68],[-1.839,-1.504],[-2.94,0],[-1.818,1.572],[0,2.188],[1.279,1.34],[0,0],[1.914,0.41],[0.779,0.717],[0,1.599],[-1.115,0.95],[-2.379,0],[-1.32,-1.154],[0,0],[0.041,2.912],[2.078,1.709],[3.062,0],[1.873,-1.668],[0,-2.161],[-1.244,-1.271]],"v":[[3.251,-1.467],[-1.323,-2.451],[-4.974,-4.113],[-6.102,-7.189],[-4.553,-10.622],[-0.195,-11.885],[6.367,-6.184],[10.346,-6.676],[7.197,-12.951],[-0.195,-15.207],[-7.331,-12.849],[-10.06,-7.107],[-8.143,-1.816],[-2.205,1.076],[1.712,1.917],[5.753,3.609],[6.921,6.634],[5.251,10.459],[0.687,11.884],[-4.861,10.15],[-6.982,5.116],[-10.94,5.629],[-7.742,12.642],[0.687,15.206],[8.132,12.724],[10.94,6.429],[9.075,1.281]],"c":true},"ix":2},"nm":"Path 1","mn":"ADBE Vector Shape - Group","hd":false},{"ty":"fl","c":{"a":0,"k":[0,0,0,1],"ix":4},"o":{"a":0,"k":100,"ix":5},"r":1,"bm":0,"nm":"Fill 1","mn":"ADBE Vector Graphic - Fill","hd":false},{"ty":"tr","p":{"a":0,"k":[616.562,705.557],"ix":2},"a":{"a":0,"k":[0,0],"ix":1},"s":{"a":0,"k":[100,100],"ix":3},"r":{"a":0,"k":0,"ix":6},"o":{"a":0,"k":100,"ix":7},"sk":{"a":0,"k":0,"ix":4},"sa":{"a":0,"k":0,"ix":5},"nm":"Transform"}],"nm":"Group 18","np":2,"cix":2,"bm":0,"ix":18,"mn":"ADBE Vector Group","hd":false},{"ty":"gr","it":[{"ind":0,"ty":"sh","ix":1,"ks":{"a":0,"k":{"i":[[0,0],[0,0],[0,0],[0,0],[0,0],[0,0],[0,0],[0,0],[0,0],[0,0],[0,0],[0,0]],"o":[[0,0],[0,0],[0,0],[0,0],[0,0],[0,0],[0,0],[0,0],[0,0],[0,0],[0,0],[0,0]],"v":[[-6.06,1.435],[8.008,1.435],[8.008,-1.928],[-6.06,-1.928],[-6.06,-11.259],[9.69,-11.259],[9.69,-14.705],[-10.1,-14.705],[-10.1,14.704],[10.1,14.704],[10.1,11.258],[-6.06,11.258]],"c":true},"ix":2},"nm":"Path 1","mn":"ADBE Vector Shape - Group","hd":false},{"ty":"fl","c":{"a":0,"k":[0,0,0,1],"ix":4},"o":{"a":0,"k":100,"ix":5},"r":1,"bm":0,"nm":"Fill 1","mn":"ADBE Vector Graphic - Fill","hd":false},{"ty":"tr","p":{"a":0,"k":[592.633,705.546],"ix":2},"a":{"a":0,"k":[0,0],"ix":1},"s":{"a":0,"k":[100,100],"ix":3},"r":{"a":0,"k":0,"ix":6},"o":{"a":0,"k":100,"ix":7},"sk":{"a":0,"k":0,"ix":4},"sa":{"a":0,"k":0,"ix":5},"nm":"Transform"}],"nm":"Group 19","np":2,"cix":2,"bm":0,"ix":19,"mn":"ADBE Vector Group","hd":false},{"ty":"gr","it":[{"ind":0,"ty":"sh","ix":1,"ks":{"a":0,"k":{"i":[[1.708,1.732],[2.996,0],[1.757,-2.579],[0,0],[0,0],[0,0],[0,0],[0,0],[-1.172,1.39],[-2.243,0],[-1.047,-1.129],[0,-2.092],[0,0],[0,0],[0,0]],"o":[[-1.707,-1.732],[-3.582,0],[0,0],[0,0],[0,0],[0,0],[0,0],[0,-2.678],[1.171,-1.389],[1.958,0],[1.046,1.13],[0,0],[0,0],[0,0],[0,-2.978]],"v":[[8.486,-10.57],[1.431,-13.169],[-6.578,-9.301],[-6.578,-12.541],[-11.047,-12.541],[-11.047,13.169],[-6.479,13.169],[-6.479,-1.016],[-4.72,-7.118],[0.401,-9.202],[4.909,-7.507],[6.478,-2.674],[6.478,13.169],[11.047,13.169],[11.047,-3.503]],"c":true},"ix":2},"nm":"Path 1","mn":"ADBE Vector Shape - Group","hd":false},{"ty":"fl","c":{"a":0,"k":[0,0,0,1],"ix":4},"o":{"a":0,"k":100,"ix":5},"r":1,"bm":0,"nm":"Fill 1","mn":"ADBE Vector Graphic - Fill","hd":false},{"ty":"tr","p":{"a":0,"k":[1021.21,659.081],"ix":2},"a":{"a":0,"k":[0,0],"ix":1},"s":{"a":0,"k":[100,100],"ix":3},"r":{"a":0,"k":0,"ix":6},"o":{"a":0,"k":100,"ix":7},"sk":{"a":0,"k":0,"ix":4},"sa":{"a":0,"k":0,"ix":5},"nm":"Transform"}],"nm":"Group 20","np":2,"cix":2,"bm":0,"ix":20,"mn":"ADBE Vector Group","hd":false},{"ty":"gr","it":[{"ind":0,"ty":"sh","ix":1,"ks":{"a":0,"k":{"i":[[0,0],[1.397,-1.564],[2.176,0],[0.87,0.737],[0,1.305],[-0.711,0.736],[-1.356,0.219],[0,0]],"o":[[0,2.461],[-1.398,1.566],[-1.557,0],[-0.871,-0.736],[0,-1.155],[0.712,-0.736],[0,0],[0,0]],"v":[[4.682,1.431],[2.586,7.469],[-2.775,9.817],[-6.415,8.712],[-7.72,5.649],[-6.654,2.812],[-3.553,1.38],[4.682,-0.05]],"c":true},"ix":2},"nm":"Path 1","mn":"ADBE Vector Shape - Group","hd":false},{"ind":1,"ty":"sh","ix":2,"ks":{"a":0,"k":{"i":[[0.285,0.285],[0,0.721],[0,0],[1.765,1.64],[3.079,0],[1.933,-1.457],[0.403,-2.376],[0,0],[-1.022,0.777],[-1.741,0],[-1.004,-0.879],[0,-1.389],[1.071,-0.201],[0,0],[1.339,-1.364],[0,-2.143],[-1.641,-1.397],[-2.679,0],[-1.808,2.846],[-0.905,-0.644],[-1.356,0],[0,0],[0,0],[0,0]],"o":[[-0.284,-0.285],[0,0],[0,-2.729],[-1.767,-1.641],[-2.913,0],[-1.933,1.456],[0,0],[0.385,-1.624],[1.02,-0.779],[1.74,0],[1.005,0.879],[0,1.038],[0,0],[-2.494,0.419],[-1.34,1.364],[0,2.209],[1.641,1.398],[3.615,0],[0.117,1.139],[0.903,0.645],[0,0],[0,0],[0,0],[-0.703,0]],"v":[[9.528,8.612],[9.101,7.105],[9.101,-4.469],[6.453,-11.022],[-0.816,-13.483],[-8.085,-11.298],[-11.588,-5.549],[-7.244,-5.047],[-5.134,-8.649],[-0.992,-9.817],[3.125,-8.499],[4.632,-5.097],[3.025,-3.239],[-4.482,-1.959],[-10.231,0.715],[-12.24,5.976],[-9.78,11.386],[-3.301,13.483],[4.833,9.214],[6.365,11.888],[9.754,12.855],[12.24,12.855],[12.24,9.038],[11.009,9.038]],"c":true},"ix":2},"nm":"Path 2","mn":"ADBE Vector Shape - Group","hd":false},{"ty":"mm","mm":1,"nm":"Merge Paths 1","mn":"ADBE Vector Filter - Merge","hd":false},{"ty":"fl","c":{"a":0,"k":[0,0,0,1],"ix":4},"o":{"a":0,"k":100,"ix":5},"r":1,"bm":0,"nm":"Fill 1","mn":"ADBE Vector Graphic - Fill","hd":false},{"ty":"tr","p":{"a":0,"k":[994.689,659.396],"ix":2},"a":{"a":0,"k":[0,0],"ix":1},"s":{"a":0,"k":[100,100],"ix":3},"r":{"a":0,"k":0,"ix":6},"o":{"a":0,"k":100,"ix":7},"sk":{"a":0,"k":0,"ix":4},"sa":{"a":0,"k":0,"ix":5},"nm":"Transform"}],"nm":"Group 21","np":4,"cix":2,"bm":0,"ix":21,"mn":"ADBE Vector Group","hd":false},{"ty":"gr","it":[{"ind":0,"ty":"sh","ix":1,"ks":{"a":0,"k":{"i":[[1.674,-3.113],[0,0],[0,0],[0,0],[0,0],[0,0],[-1.306,1.882],[-2.194,0],[0,0],[0,0],[0,0]],"o":[[0,0],[0,0],[0,0],[0,0],[0,0],[0,-3.197],[1.304,-1.884],[0,0],[0,0],[0,0],[-3.23,0]],"v":[[-2.435,-8.185],[-2.435,-12.855],[-6.905,-12.855],[-6.905,12.855],[-2.334,12.855],[-2.334,1.908],[-0.375,-5.711],[4.871,-8.537],[6.905,-8.537],[6.905,-12.855],[4.921,-12.855]],"c":true},"ix":2},"nm":"Path 1","mn":"ADBE Vector Shape - Group","hd":false},{"ty":"fl","c":{"a":0,"k":[0,0,0,1],"ix":4},"o":{"a":0,"k":100,"ix":5},"r":1,"bm":0,"nm":"Fill 1","mn":"ADBE Vector Graphic - Fill","hd":false},{"ty":"tr","p":{"a":0,"k":[974.293,659.395],"ix":2},"a":{"a":0,"k":[0,0],"ix":1},"s":{"a":0,"k":[100,100],"ix":3},"r":{"a":0,"k":0,"ix":6},"o":{"a":0,"k":100,"ix":7},"sk":{"a":0,"k":0,"ix":4},"sa":{"a":0,"k":0,"ix":5},"nm":"Transform"}],"nm":"Group 22","np":2,"cix":2,"bm":0,"ix":22,"mn":"ADBE Vector Group","hd":false},{"ty":"gr","it":[{"ind":0,"ty":"sh","ix":1,"ks":{"a":0,"k":{"i":[[0,0],[0,0],[0,0],[0,0]],"o":[[0,0],[0,0],[0,0],[0,0]],"v":[[-2.473,18.002],[2.473,18.002],[2.473,-18.002],[-2.473,-18.002]],"c":true},"ix":2},"nm":"Path 1","mn":"ADBE Vector Shape - Group","hd":false},{"ty":"fl","c":{"a":0,"k":[0,0,0,1],"ix":4},"o":{"a":0,"k":100,"ix":5},"r":1,"bm":0,"nm":"Fill 1","mn":"ADBE Vector Graphic - Fill","hd":false},{"ty":"tr","p":{"a":0,"k":[958.067,654.248],"ix":2},"a":{"a":0,"k":[0,0],"ix":1},"s":{"a":0,"k":[100,100],"ix":3},"r":{"a":0,"k":0,"ix":6},"o":{"a":0,"k":100,"ix":7},"sk":{"a":0,"k":0,"ix":4},"sa":{"a":0,"k":0,"ix":5},"nm":"Transform"}],"nm":"Group 23","np":2,"cix":2,"bm":0,"ix":23,"mn":"ADBE Vector Group","hd":false},{"ty":"gr","it":[{"ind":0,"ty":"sh","ix":1,"ks":{"a":0,"k":{"i":[[2.946,0],[1.69,-3.096],[1.381,0.795],[1.892,0],[1.741,-2.511],[0,0],[0,0],[0,0],[0,0],[0,0],[-1.097,1.398],[-2.093,0],[-0.979,-1.139],[0,-2.075],[0,0],[0,0],[0,0],[-1.095,1.398],[-2.093,0],[-0.987,-1.139],[0,-2.075],[0,0],[0,0],[0,0],[1.666,1.732]],"o":[[-3.833,0],[-0.72,-1.506],[-1.38,-0.795],[-3.298,0],[0,0],[0,0],[0,0],[0,0],[0,0],[0,-2.662],[1.096,-1.397],[1.773,0],[0.979,1.137],[0,0],[0,0],[0,0],[0,-2.662],[1.097,-1.397],[1.774,0],[0.988,1.137],[0,0],[0,0],[0,0],[0,-2.979],[-1.665,-1.733]],"v":[[9.478,-13.169],[1.193,-8.524],[-1.959,-11.976],[-6.867,-13.169],[-14.424,-9.402],[-14.424,-12.541],[-18.893,-12.541],[-18.893,13.169],[-14.324,13.169],[-14.324,-1.017],[-12.679,-7.106],[-7.896,-9.202],[-3.766,-7.494],[-2.297,-2.674],[-2.297,13.169],[2.272,13.169],[2.272,-1.017],[3.916,-7.106],[8.7,-9.202],[12.842,-7.494],[14.324,-2.674],[14.324,13.169],[18.893,13.169],[18.893,-3.503],[16.395,-10.57]],"c":true},"ix":2},"nm":"Path 1","mn":"ADBE Vector Shape - Group","hd":false},{"ty":"fl","c":{"a":0,"k":[0,0,0,1],"ix":4},"o":{"a":0,"k":100,"ix":5},"r":1,"bm":0,"nm":"Fill 1","mn":"ADBE Vector Graphic - Fill","hd":false},{"ty":"tr","p":{"a":0,"k":[919.462,659.082],"ix":2},"a":{"a":0,"k":[0,0],"ix":1},"s":{"a":0,"k":[100,100],"ix":3},"r":{"a":0,"k":0,"ix":6},"o":{"a":0,"k":100,"ix":7},"sk":{"a":0,"k":0,"ix":4},"sa":{"a":0,"k":0,"ix":5},"nm":"Transform"}],"nm":"Group 24","np":2,"cix":2,"bm":0,"ix":24,"mn":"ADBE Vector Group","hd":false},{"ty":"gr","it":[{"ind":0,"ty":"sh","ix":1,"ks":{"a":0,"k":{"i":[[1.405,-1.715],[2.46,0],[1.381,1.707],[0,2.997],[-1.389,1.716],[-2.444,0],[-1.406,-1.716],[0,-2.978]],"o":[[-1.406,1.716],[-2.461,0],[-1.38,-1.707],[0,-2.978],[1.39,-1.716],[2.46,0],[1.405,1.716],[0,2.981]],"v":[[5.763,7.043],[-0.037,9.617],[-5.8,7.056],[-7.871,0],[-5.787,-7.042],[-0.037,-9.615],[5.763,-7.042],[7.871,0]],"c":true},"ix":2},"nm":"Path 1","mn":"ADBE Vector Shape - Group","hd":false},{"ind":1,"ty":"sh","ix":2,"ks":{"a":0,"k":{"i":[[3.766,0],[2.276,-2.476],[0,-4.05],[-2.26,-2.461],[-3.8,0],[-2.327,2.476],[0,4.018],[2.293,2.445]],"o":[[-3.8,0],[-2.26,2.461],[0,4.052],[2.276,2.476],[3.766,0],[2.293,-2.495],[0,-4.066],[-2.327,-2.476]],"v":[[-0.037,-13.482],[-9.151,-9.767],[-12.541,0],[-9.151,9.768],[-0.037,13.483],[9.102,9.768],[12.541,0],[9.102,-9.767]],"c":true},"ix":2},"nm":"Path 2","mn":"ADBE Vector Shape - Group","hd":false},{"ty":"mm","mm":1,"nm":"Merge Paths 1","mn":"ADBE Vector Filter - Merge","hd":false},{"ty":"fl","c":{"a":0,"k":[0,0,0,1],"ix":4},"o":{"a":0,"k":100,"ix":5},"r":1,"bm":0,"nm":"Fill 1","mn":"ADBE Vector Graphic - Fill","hd":false},{"ty":"tr","p":{"a":0,"k":[883.387,659.395],"ix":2},"a":{"a":0,"k":[0,0],"ix":1},"s":{"a":0,"k":[100,100],"ix":3},"r":{"a":0,"k":0,"ix":6},"o":{"a":0,"k":100,"ix":7},"sk":{"a":0,"k":0,"ix":4},"sa":{"a":0,"k":0,"ix":5},"nm":"Transform"}],"nm":"Group 25","np":4,"cix":2,"bm":0,"ix":25,"mn":"ADBE Vector Group","hd":false},{"ty":"gr","it":[{"ind":0,"ty":"sh","ix":1,"ks":{"a":0,"k":{"i":[[1.674,-3.113],[0,0],[0,0],[0,0],[0,0],[0,0],[-1.306,1.882],[-2.194,0],[0,0],[0,0],[0,0]],"o":[[0,0],[0,0],[0,0],[0,0],[0,0],[0,-3.197],[1.304,-1.884],[0,0],[0,0],[0,0],[-3.23,0]],"v":[[-2.435,-8.185],[-2.435,-12.855],[-6.905,-12.855],[-6.905,12.855],[-2.334,12.855],[-2.334,1.908],[-0.375,-5.711],[4.871,-8.537],[6.905,-8.537],[6.905,-12.855],[4.921,-12.855]],"c":true},"ix":2},"nm":"Path 1","mn":"ADBE Vector Shape - Group","hd":false},{"ty":"fl","c":{"a":0,"k":[0,0,0,1],"ix":4},"o":{"a":0,"k":100,"ix":5},"r":1,"bm":0,"nm":"Fill 1","mn":"ADBE Vector Graphic - Fill","hd":false},{"ty":"tr","p":{"a":0,"k":[862.716,659.395],"ix":2},"a":{"a":0,"k":[0,0],"ix":1},"s":{"a":0,"k":[100,100],"ix":3},"r":{"a":0,"k":0,"ix":6},"o":{"a":0,"k":100,"ix":7},"sk":{"a":0,"k":0,"ix":4},"sa":{"a":0,"k":0,"ix":5},"nm":"Transform"}],"nm":"Group 26","np":2,"cix":2,"bm":0,"ix":26,"mn":"ADBE Vector Group","hd":false},{"ty":"gr","it":[{"ind":0,"ty":"sh","ix":1,"ks":{"a":0,"k":{"i":[[0,0],[0,0],[0,0],[0,0],[0,0],[0,0],[0,0],[0,0],[0,0],[0,0]],"o":[[0,0],[0,0],[0,0],[0,0],[0,0],[0,0],[0,0],[0,0],[0,0],[0,0]],"v":[[-12.629,18.002],[-7.683,18.002],[-7.683,2.159],[10.57,2.159],[10.57,-2.059],[-7.683,-2.059],[-7.683,-13.784],[12.629,-13.784],[12.629,-18.002],[-12.629,-18.002]],"c":true},"ix":2},"nm":"Path 1","mn":"ADBE Vector Shape - Group","hd":false},{"ty":"fl","c":{"a":0,"k":[0,0,0,1],"ix":4},"o":{"a":0,"k":100,"ix":5},"r":1,"bm":0,"nm":"Fill 1","mn":"ADBE Vector Graphic - Fill","hd":false},{"ty":"tr","p":{"a":0,"k":[840.15,654.248],"ix":2},"a":{"a":0,"k":[0,0],"ix":1},"s":{"a":0,"k":[100,100],"ix":3},"r":{"a":0,"k":0,"ix":6},"o":{"a":0,"k":100,"ix":7},"sk":{"a":0,"k":0,"ix":4},"sa":{"a":0,"k":0,"ix":5},"nm":"Transform"}],"nm":"Group 27","np":2,"cix":2,"bm":0,"ix":27,"mn":"ADBE Vector Group","hd":false},{"ty":"gr","it":[{"ind":0,"ty":"sh","ix":1,"ks":{"a":0,"k":{"i":[[0,0],[0,0],[0,0],[0,0],[0,0],[0.703,-0.485],[1.188,0],[0,0],[0,0],[0,0],[-1.289,0.955],[-0.987,2.526],[0,0],[0,0]],"o":[[0,0],[0,0],[0,0],[0,0],[-0.436,1.189],[-0.703,0.485],[0,0],[0,0],[0,0],[2.242,0],[1.339,-0.937],[0,0],[0,0],[0,0]],"v":[[0.063,2.599],[-7.544,-17.613],[-12.366,-17.613],[-2.248,8.247],[-3.101,10.507],[-4.808,13.018],[-7.645,13.746],[-10.307,13.746],[-10.307,17.613],[-7.645,17.613],[-2.347,16.181],[1.142,10.985],[12.366,-17.613],[7.746,-17.613]],"c":true},"ix":2},"nm":"Path 1","mn":"ADBE Vector Shape - Group","hd":false},{"ty":"fl","c":{"a":0,"k":[0,0,0,1],"ix":4},"o":{"a":0,"k":100,"ix":5},"r":1,"bm":0,"nm":"Fill 1","mn":"ADBE Vector Graphic - Fill","hd":false},{"ty":"tr","p":{"a":0,"k":[801.432,664.153],"ix":2},"a":{"a":0,"k":[0,0],"ix":1},"s":{"a":0,"k":[100,100],"ix":3},"r":{"a":0,"k":0,"ix":6},"o":{"a":0,"k":100,"ix":7},"sk":{"a":0,"k":0,"ix":4},"sa":{"a":0,"k":0,"ix":5},"nm":"Transform"}],"nm":"Group 28","np":2,"cix":2,"bm":0,"ix":28,"mn":"ADBE Vector Group","hd":false},{"ty":"gr","it":[{"ind":0,"ty":"sh","ix":1,"ks":{"a":0,"k":{"i":[[0,0],[0,0],[0,0],[0,0]],"o":[[0,0],[0,0],[0,0],[0,0]],"v":[[-2.284,18.002],[2.284,18.002],[2.284,-18.002],[-2.284,-18.002]],"c":true},"ix":2},"nm":"Path 1","mn":"ADBE Vector Shape - Group","hd":false},{"ty":"fl","c":{"a":0,"k":[0,0,0,1],"ix":4},"o":{"a":0,"k":100,"ix":5},"r":1,"bm":0,"nm":"Fill 1","mn":"ADBE Vector Graphic - Fill","hd":false},{"ty":"tr","p":{"a":0,"k":[783.347,654.248],"ix":2},"a":{"a":0,"k":[0,0],"ix":1},"s":{"a":0,"k":[100,100],"ix":3},"r":{"a":0,"k":0,"ix":6},"o":{"a":0,"k":100,"ix":7},"sk":{"a":0,"k":0,"ix":4},"sa":{"a":0,"k":0,"ix":5},"nm":"Transform"}],"nm":"Group 29","np":2,"cix":2,"bm":0,"ix":29,"mn":"ADBE Vector Group","hd":false},{"ty":"gr","it":[{"ind":0,"ty":"sh","ix":1,"ks":{"a":0,"k":{"i":[[0,0],[0,0],[0,0],[0,0]],"o":[[0,0],[0,0],[0,0],[0,0]],"v":[[-2.284,18.002],[2.284,18.002],[2.284,-18.002],[-2.284,-18.002]],"c":true},"ix":2},"nm":"Path 1","mn":"ADBE Vector Shape - Group","hd":false},{"ty":"fl","c":{"a":0,"k":[0,0,0,1],"ix":4},"o":{"a":0,"k":100,"ix":5},"r":1,"bm":0,"nm":"Fill 1","mn":"ADBE Vector Graphic - Fill","hd":false},{"ty":"tr","p":{"a":0,"k":[772.455,654.248],"ix":2},"a":{"a":0,"k":[0,0],"ix":1},"s":{"a":0,"k":[100,100],"ix":3},"r":{"a":0,"k":0,"ix":6},"o":{"a":0,"k":100,"ix":7},"sk":{"a":0,"k":0,"ix":4},"sa":{"a":0,"k":0,"ix":5},"nm":"Transform"}],"nm":"Group 30","np":2,"cix":2,"bm":0,"ix":30,"mn":"ADBE Vector Group","hd":false},{"ty":"gr","it":[{"ind":0,"ty":"sh","ix":1,"ks":{"a":0,"k":{"i":[[0,0],[1.397,-1.564],[2.176,0],[0.87,0.737],[0,1.305],[-0.711,0.736],[-1.356,0.219],[0,0]],"o":[[0,2.461],[-1.398,1.566],[-1.557,0],[-0.871,-0.736],[0,-1.155],[0.712,-0.736],[0,0],[0,0]],"v":[[4.682,1.431],[2.586,7.469],[-2.775,9.817],[-6.415,8.712],[-7.72,5.649],[-6.654,2.812],[-3.553,1.38],[4.682,-0.05]],"c":true},"ix":2},"nm":"Path 1","mn":"ADBE Vector Shape - Group","hd":false},{"ind":1,"ty":"sh","ix":2,"ks":{"a":0,"k":{"i":[[0.285,0.285],[0,0.721],[0,0],[1.765,1.64],[3.079,0],[1.933,-1.457],[0.403,-2.376],[0,0],[-1.022,0.777],[-1.741,0],[-1.004,-0.879],[0,-1.389],[1.071,-0.201],[0,0],[1.339,-1.364],[0,-2.143],[-1.641,-1.397],[-2.679,0],[-1.808,2.846],[-0.905,-0.644],[-1.356,0],[0,0],[0,0],[0,0]],"o":[[-0.284,-0.285],[0,0],[0,-2.729],[-1.767,-1.641],[-2.913,0],[-1.933,1.456],[0,0],[0.385,-1.624],[1.02,-0.779],[1.74,0],[1.005,0.879],[0,1.038],[0,0],[-2.494,0.419],[-1.34,1.364],[0,2.209],[1.641,1.398],[3.615,0],[0.117,1.139],[0.903,0.645],[0,0],[0,0],[0,0],[-0.703,0]],"v":[[9.528,8.612],[9.101,7.105],[9.101,-4.469],[6.453,-11.022],[-0.816,-13.483],[-8.085,-11.298],[-11.588,-5.549],[-7.244,-5.047],[-5.134,-8.649],[-0.992,-9.817],[3.125,-8.499],[4.632,-5.097],[3.025,-3.239],[-4.482,-1.959],[-10.231,0.715],[-12.24,5.976],[-9.78,11.386],[-3.301,13.483],[4.833,9.214],[6.365,11.888],[9.754,12.855],[12.24,12.855],[12.24,9.038],[11.009,9.038]],"c":true},"ix":2},"nm":"Path 2","mn":"ADBE Vector Shape - Group","hd":false},{"ty":"mm","mm":1,"nm":"Merge Paths 1","mn":"ADBE Vector Filter - Merge","hd":false},{"ty":"fl","c":{"a":0,"k":[0,0,0,1],"ix":4},"o":{"a":0,"k":100,"ix":5},"r":1,"bm":0,"nm":"Fill 1","mn":"ADBE Vector Graphic - Fill","hd":false},{"ty":"tr","p":{"a":0,"k":[754.697,659.396],"ix":2},"a":{"a":0,"k":[0,0],"ix":1},"s":{"a":0,"k":[100,100],"ix":3},"r":{"a":0,"k":0,"ix":6},"o":{"a":0,"k":100,"ix":7},"sk":{"a":0,"k":0,"ix":4},"sa":{"a":0,"k":0,"ix":5},"nm":"Transform"}],"nm":"Group 31","np":4,"cix":2,"bm":0,"ix":31,"mn":"ADBE Vector Group","hd":false},{"ty":"gr","it":[{"ind":0,"ty":"sh","ix":1,"ks":{"a":0,"k":{"i":[[-0.335,2.913],[0,0],[1.172,-1.08],[1.925,0],[1.297,1.666],[0,2.979],[-1.289,1.69],[-2.328,0],[-0.62,-4.051],[0,0],[1.974,1.649],[3.214,0],[2.226,-2.476],[0,-4.134],[-2.16,-2.41],[-3.766,0],[-2.033,1.732]],"o":[[0,0],[-0.234,1.959],[-1.172,1.079],[-2.343,0],[-1.296,-1.666],[0,-3.063],[1.289,-1.691],[3.882,0],[0,0],[-0.419,-3.012],[-1.976,-1.649],[-3.666,0],[-2.193,2.445],[0,4.101],[2.159,2.411],[3.079,0],[2.034,-1.733]],"v":[[11.6,3.917],[7.13,3.39],[5.022,7.947],[0.377,9.566],[-5.084,7.068],[-7.029,0.101],[-5.096,-7.029],[0.328,-9.565],[7.081,-3.489],[11.75,-4.017],[8.161,-11.009],[0.377,-13.482],[-8.461,-9.767],[-11.75,0.101],[-8.51,9.867],[0.377,13.483],[8.047,10.885]],"c":true},"ix":2},"nm":"Path 1","mn":"ADBE Vector Shape - Group","hd":false},{"ty":"fl","c":{"a":0,"k":[0,0,0,1],"ix":4},"o":{"a":0,"k":100,"ix":5},"r":1,"bm":0,"nm":"Fill 1","mn":"ADBE Vector Graphic - Fill","hd":false},{"ty":"tr","p":{"a":0,"k":[727.737,659.395],"ix":2},"a":{"a":0,"k":[0,0],"ix":1},"s":{"a":0,"k":[100,100],"ix":3},"r":{"a":0,"k":0,"ix":6},"o":{"a":0,"k":100,"ix":7},"sk":{"a":0,"k":0,"ix":4},"sa":{"a":0,"k":0,"ix":5},"nm":"Transform"}],"nm":"Group 32","np":2,"cix":2,"bm":0,"ix":32,"mn":"ADBE Vector Group","hd":false},{"ty":"gr","it":[{"ind":0,"ty":"sh","ix":1,"ks":{"a":0,"k":{"i":[[0,0],[0,0],[0,0],[0,0]],"o":[[0,0],[0,0],[0,0],[0,0]],"v":[[2.284,-3.063],[-2.284,-3.063],[-2.284,3.063],[2.284,3.063]],"c":true},"ix":2},"nm":"Path 1","mn":"ADBE Vector Shape - Group","hd":false},{"ty":"fl","c":{"a":0,"k":[0,0,0,1],"ix":4},"o":{"a":0,"k":100,"ix":5},"r":1,"bm":0,"nm":"Fill 1","mn":"ADBE Vector Graphic - Fill","hd":false},{"ty":"tr","p":{"a":0,"k":[709.038,639.309],"ix":2},"a":{"a":0,"k":[0,0],"ix":1},"s":{"a":0,"k":[100,100],"ix":3},"r":{"a":0,"k":0,"ix":6},"o":{"a":0,"k":100,"ix":7},"sk":{"a":0,"k":0,"ix":4},"sa":{"a":0,"k":0,"ix":5},"nm":"Transform"}],"nm":"Group 33","np":2,"cix":2,"bm":0,"ix":33,"mn":"ADBE Vector Group","hd":false},{"ty":"gr","it":[{"ind":0,"ty":"sh","ix":1,"ks":{"a":0,"k":{"i":[[0,0],[0,0],[0,0],[0,0]],"o":[[0,0],[0,0],[0,0],[0,0]],"v":[[2.284,-12.855],[-2.284,-12.855],[-2.284,12.855],[2.284,12.855]],"c":true},"ix":2},"nm":"Path 1","mn":"ADBE Vector Shape - Group","hd":false},{"ty":"fl","c":{"a":0,"k":[0,0,0,1],"ix":4},"o":{"a":0,"k":100,"ix":5},"r":1,"bm":0,"nm":"Fill 1","mn":"ADBE Vector Graphic - Fill","hd":false},{"ty":"tr","p":{"a":0,"k":[709.038,659.395],"ix":2},"a":{"a":0,"k":[0,0],"ix":1},"s":{"a":0,"k":[100,100],"ix":3},"r":{"a":0,"k":0,"ix":6},"o":{"a":0,"k":100,"ix":7},"sk":{"a":0,"k":0,"ix":4},"sa":{"a":0,"k":0,"ix":5},"nm":"Transform"}],"nm":"Group 34","np":2,"cix":2,"bm":0,"ix":34,"mn":"ADBE Vector Group","hd":false},{"ty":"gr","it":[{"ind":0,"ty":"sh","ix":1,"ks":{"a":0,"k":{"i":[[-1.205,-1.181],[-2.293,0],[0,0],[0,0],[0,0],[0.476,0.536],[0,1.356],[0,0],[0,0],[0,0],[0,0],[0,0],[0,0],[0,0],[0,0],[0,0],[0,0],[0,0]],"o":[[1.205,1.18],[0,0],[0,0],[0,0],[-1.172,0],[-0.478,-0.535],[0,0],[0,0],[0,0],[0,0],[0,0],[0,0],[0,0],[0,0],[0,0],[0,0],[0,0],[0,2.26]],"v":[[-1.77,15.228],[3.477,16.998],[8.097,16.998],[8.097,13.081],[4.18,13.081],[1.708,12.277],[0.992,9.44],[0.992,-4.946],[7.469,-4.946],[7.469,-8.712],[0.992,-8.712],[0.992,-16.998],[-3.578,-16.998],[-3.578,-8.712],[-8.097,-8.712],[-8.097,-4.946],[-3.578,-4.946],[-3.578,10.068]],"c":true},"ix":2},"nm":"Path 1","mn":"ADBE Vector Shape - Group","hd":false},{"ty":"fl","c":{"a":0,"k":[0,0,0,1],"ix":4},"o":{"a":0,"k":100,"ix":5},"r":1,"bm":0,"nm":"Fill 1","mn":"ADBE Vector Graphic - Fill","hd":false},{"ty":"tr","p":{"a":0,"k":[695.12,655.253],"ix":2},"a":{"a":0,"k":[0,0],"ix":1},"s":{"a":0,"k":[100,100],"ix":3},"r":{"a":0,"k":0,"ix":6},"o":{"a":0,"k":100,"ix":7},"sk":{"a":0,"k":0,"ix":4},"sa":{"a":0,"k":0,"ix":5},"nm":"Transform"}],"nm":"Group 35","np":2,"cix":2,"bm":0,"ix":35,"mn":"ADBE Vector Group","hd":false},{"ty":"gr","it":[{"ind":0,"ty":"sh","ix":1,"ks":{"a":0,"k":{"i":[[5.205,0.838],[0,0],[0.627,0.568],[0,1.005],[-0.92,0.661],[-1.607,0],[-0.963,-0.762],[-0.418,-1.758],[0,0],[1.749,1.364],[2.947,0],[1.758,-1.389],[0,-2.192],[-1.297,-1.239],[-2.46,-0.385],[0,0],[0,-2.042],[0.928,-0.736],[1.774,0],[1.063,0.905],[0.234,1.893],[0,0],[-1.958,-1.523],[-3.331,0],[-1.792,1.481],[0,2.496]],"o":[[0,0],[-1.405,-0.217],[-0.628,-0.57],[0,-1.071],[0.92,-0.662],[1.741,0],[0.962,0.762],[0,0],[-0.418,-2.561],[-1.749,-1.364],[-2.928,0],[-1.757,1.39],[0,1.976],[1.296,1.239],[0,0],[3.012,0.418],[0,1.439],[-0.93,0.738],[-2.025,0],[-1.063,-0.904],[0,0],[0.184,2.61],[1.958,1.523],[3.097,0],[1.791,-1.482],[0,-4.067]],"v":[[2.774,-2.059],[-1.344,-2.737],[-4.394,-3.916],[-5.335,-6.277],[-3.955,-8.875],[-0.164,-9.868],[3.891,-8.725],[5.962,-4.946],[10.18,-5.549],[6.929,-11.436],[-0.114,-13.483],[-7.144,-11.399],[-9.78,-6.026],[-7.834,-1.205],[-2.198,1.23],[1.494,1.808],[6.012,5.499],[4.62,8.762],[0.564,9.867],[-4.068,8.511],[-6.014,4.318],[-10.583,4.997],[-7.37,11.198],[0.564,13.483],[7.896,11.261],[10.583,5.297]],"c":true},"ix":2},"nm":"Path 1","mn":"ADBE Vector Shape - Group","hd":false},{"ty":"fl","c":{"a":0,"k":[0,0,0,1],"ix":4},"o":{"a":0,"k":100,"ix":5},"r":1,"bm":0,"nm":"Fill 1","mn":"ADBE Vector Graphic - Fill","hd":false},{"ty":"tr","p":{"a":0,"k":[675.141,659.395],"ix":2},"a":{"a":0,"k":[0,0],"ix":1},"s":{"a":0,"k":[100,100],"ix":3},"r":{"a":0,"k":0,"ix":6},"o":{"a":0,"k":100,"ix":7},"sk":{"a":0,"k":0,"ix":4},"sa":{"a":0,"k":0,"ix":5},"nm":"Transform"}],"nm":"Group 36","np":2,"cix":2,"bm":0,"ix":36,"mn":"ADBE Vector Group","hd":false},{"ty":"gr","it":[{"ind":0,"ty":"sh","ix":1,"ks":{"a":0,"k":{"i":[[0,0],[0,0],[0,0],[0,0]],"o":[[0,0],[0,0],[0,0],[0,0]],"v":[[-2.284,12.855],[2.284,12.855],[2.284,-12.855],[-2.284,-12.855]],"c":true},"ix":2},"nm":"Path 1","mn":"ADBE Vector Shape - Group","hd":false},{"ty":"fl","c":{"a":0,"k":[0,0,0,1],"ix":4},"o":{"a":0,"k":100,"ix":5},"r":1,"bm":0,"nm":"Fill 1","mn":"ADBE Vector Graphic - Fill","hd":false},{"ty":"tr","p":{"a":0,"k":[657.959,659.395],"ix":2},"a":{"a":0,"k":[0,0],"ix":1},"s":{"a":0,"k":[100,100],"ix":3},"r":{"a":0,"k":0,"ix":6},"o":{"a":0,"k":100,"ix":7},"sk":{"a":0,"k":0,"ix":4},"sa":{"a":0,"k":0,"ix":5},"nm":"Transform"}],"nm":"Group 37","np":2,"cix":2,"bm":0,"ix":37,"mn":"ADBE Vector Group","hd":false},{"ty":"gr","it":[{"ind":0,"ty":"sh","ix":1,"ks":{"a":0,"k":{"i":[[0,0],[0,0],[0,0],[0,0]],"o":[[0,0],[0,0],[0,0],[0,0]],"v":[[-2.284,3.063],[2.284,3.063],[2.284,-3.063],[-2.284,-3.063]],"c":true},"ix":2},"nm":"Path 1","mn":"ADBE Vector Shape - Group","hd":false},{"ty":"fl","c":{"a":0,"k":[0,0,0,1],"ix":4},"o":{"a":0,"k":100,"ix":5},"r":1,"bm":0,"nm":"Fill 1","mn":"ADBE Vector Graphic - Fill","hd":false},{"ty":"tr","p":{"a":0,"k":[657.959,639.309],"ix":2},"a":{"a":0,"k":[0,0],"ix":1},"s":{"a":0,"k":[100,100],"ix":3},"r":{"a":0,"k":0,"ix":6},"o":{"a":0,"k":100,"ix":7},"sk":{"a":0,"k":0,"ix":4},"sa":{"a":0,"k":0,"ix":5},"nm":"Transform"}],"nm":"Group 38","np":2,"cix":2,"bm":0,"ix":38,"mn":"ADBE Vector Group","hd":false},{"ty":"gr","it":[{"ind":0,"ty":"sh","ix":1,"ks":{"a":0,"k":{"i":[[0.477,0.536],[0,1.357],[0,0],[0,0],[0,0],[0,0],[0,0],[0,0],[0,0],[0,0],[0,0],[0,0],[0,0],[-1.205,-1.18],[-2.293,0],[0,0],[0,0],[0,0]],"o":[[-0.478,-0.535],[0,0],[0,0],[0,0],[0,0],[0,0],[0,0],[0,0],[0,0],[0,0],[0,0],[0,0],[0,2.26],[1.206,1.18],[0,0],[0,0],[0,0],[-1.172,0]],"v":[[1.708,12.276],[0.992,9.44],[0.992,-4.947],[7.47,-4.947],[7.47,-8.713],[0.992,-8.713],[0.992,-16.997],[-3.577,-16.997],[-3.577,-8.713],[-8.097,-8.713],[-8.097,-4.947],[-3.577,-4.947],[-3.577,10.068],[-1.77,15.227],[3.477,16.997],[8.097,16.997],[8.097,13.081],[4.18,13.081]],"c":true},"ix":2},"nm":"Path 1","mn":"ADBE Vector Shape - Group","hd":false},{"ty":"fl","c":{"a":0,"k":[0,0,0,1],"ix":4},"o":{"a":0,"k":100,"ix":5},"r":1,"bm":0,"nm":"Fill 1","mn":"ADBE Vector Graphic - Fill","hd":false},{"ty":"tr","p":{"a":0,"k":[644.042,655.253],"ix":2},"a":{"a":0,"k":[0,0],"ix":1},"s":{"a":0,"k":[100,100],"ix":3},"r":{"a":0,"k":0,"ix":6},"o":{"a":0,"k":100,"ix":7},"sk":{"a":0,"k":0,"ix":4},"sa":{"a":0,"k":0,"ix":5},"nm":"Transform"}],"nm":"Group 39","np":2,"cix":2,"bm":0,"ix":39,"mn":"ADBE Vector Group","hd":false},{"ty":"gr","it":[{"ind":0,"ty":"sh","ix":1,"ks":{"a":0,"k":{"i":[[0,0],[0,0],[0,0],[0,0],[-1.305,1.882],[-2.193,0],[0,0],[0,0],[0,0],[1.674,-3.113],[0,0]],"o":[[0,0],[0,0],[0,0],[0,-3.197],[1.305,-1.884],[0,0],[0,0],[0,0],[-3.23,0],[0,0],[0,0]],"v":[[-6.904,-12.855],[-6.904,12.855],[-2.336,12.855],[-2.336,1.908],[-0.377,-5.711],[4.87,-8.537],[6.904,-8.537],[6.904,-12.855],[4.92,-12.855],[-2.435,-8.185],[-2.435,-12.855]],"c":true},"ix":2},"nm":"Path 1","mn":"ADBE Vector Shape - Group","hd":false},{"ty":"fl","c":{"a":0,"k":[0,0,0,1],"ix":4},"o":{"a":0,"k":100,"ix":5},"r":1,"bm":0,"nm":"Fill 1","mn":"ADBE Vector Graphic - Fill","hd":false},{"ty":"tr","p":{"a":0,"k":[625.383,659.395],"ix":2},"a":{"a":0,"k":[0,0],"ix":1},"s":{"a":0,"k":[100,100],"ix":3},"r":{"a":0,"k":0,"ix":6},"o":{"a":0,"k":100,"ix":7},"sk":{"a":0,"k":0,"ix":4},"sa":{"a":0,"k":0,"ix":5},"nm":"Transform"}],"nm":"Group 40","np":2,"cix":2,"bm":0,"ix":40,"mn":"ADBE Vector Group","hd":false},{"ty":"gr","it":[{"ind":0,"ty":"sh","ix":1,"ks":{"a":0,"k":{"i":[[0,0],[0,0],[0,0]],"o":[[0,0],[0,0],[0,0]],"v":[[0.001,-11.726],[6.176,5.046],[-6.378,5.046]],"c":true},"ix":2},"nm":"Path 1","mn":"ADBE Vector Shape - Group","hd":false},{"ind":1,"ty":"sh","ix":2,"ks":{"a":0,"k":{"i":[[0,0],[0,0],[0,0],[0,0],[0,0],[0,0],[0,0],[0,0]],"o":[[0,0],[0,0],[0,0],[0,0],[0,0],[0,0],[0,0],[0,0]],"v":[[-7.959,9.164],[7.708,9.164],[10.946,18.002],[16.346,18.002],[2.561,-18.002],[-2.41,-18.002],[-16.346,18.002],[-11.324,18.002]],"c":true},"ix":2},"nm":"Path 2","mn":"ADBE Vector Shape - Group","hd":false},{"ty":"mm","mm":1,"nm":"Merge Paths 1","mn":"ADBE Vector Filter - Merge","hd":false},{"ty":"fl","c":{"a":0,"k":[0,0,0,1],"ix":4},"o":{"a":0,"k":100,"ix":5},"r":1,"bm":0,"nm":"Fill 1","mn":"ADBE Vector Graphic - Fill","hd":false},{"ty":"tr","p":{"a":0,"k":[598.673,654.249],"ix":2},"a":{"a":0,"k":[0,0],"ix":1},"s":{"a":0,"k":[100,100],"ix":3},"r":{"a":0,"k":0,"ix":6},"o":{"a":0,"k":100,"ix":7},"sk":{"a":0,"k":0,"ix":4},"sa":{"a":0,"k":0,"ix":5},"nm":"Transform"}],"nm":"Group 41","np":4,"cix":2,"bm":0,"ix":41,"mn":"ADBE Vector Group","hd":false}],"ip":25,"op":8275,"st":25,"bm":0},{"ddd":0,"ind":6,"ty":1,"nm":"White Solid 1","sr":1,"ks":{"o":{"a":0,"k":100,"ix":11},"r":{"a":0,"k":0,"ix":10},"p":{"a":0,"k":[960,540,0],"ix":2},"a":{"a":0,"k":[960,540,0],"ix":1},"s":{"a":0,"k":[100,100,100],"ix":6}},"ao":0,"sw":1920,"sh":1080,"sc":"#ffffff","ip":0,"op":8250,"st":0,"bm":0}],"markers":[]}